Date,Close,Open,Volume
2025-05-01 09:00:00,391.0,391.0,15.0
2025-05-01 09:01:00,391.0,391.0,15.0
2025-05-01 09:02:00,391.0,391.0,26.0
2025-05-01 09:03:00,391.0,391.0,26.0
2025-05-01 09:04:00,390.0,391.0,31.0
2025-05-01 09:05:00,392.0,391.0,33.0
2025-05-01 09:06:00,392.0,391.0,33.0
2025-05-01 09:07:00,392.0,391.0,33.0
2025-05-01 09:08:00,392.0,391.0,33.0
2025-05-01 09:09:00,392.0,391.0,33.0
2025-05-01 09:10:00,392.0,391.0,33.0
2025-05-01 09:11:00,392.0,391.0,33.0
2025-05-01 09:12:00,392.0,391.0,33.0
2025-05-01 09:13:00,392.0,391.0,33.0
2025-05-01 09:14:00,392.0,391.0,33.0
2025-05-01 09:15:00,392.0,391.0,33.0
2025-05-01 09:16:00,392.0,391.0,33.0
2025-05-01 09:17:00,391.0,391.0,35.0
2025-05-01 09:18:00,391.0,391.0,35.0
2025-05-01 09:19:00,391.0,391.0,35.0
2025-05-01 09:20:00,391.0,391.0,35.0
2025-05-01 09:21:00,391.0,391.0,35.0
2025-05-01 09:22:00,391.0,391.0,35.0
2025-05-01 09:23:00,391.0,391.0,35.0
2025-05-01 09:24:00,391.0,391.0,35.0
2025-05-01 09:25:00,391.0,391.0,35.0
2025-05-01 09:26:00,391.0,391.0,35.0
2025-05-01 09:27:00,391.0,391.0,35.0
2025-05-01 09:28:00,391.0,391.0,35.0
2025-05-01 09:29:00,391.0,391.0,35.0
2025-05-01 09:30:00,391.0,391.0,35.0
2025-05-01 09:31:00,391.0,391.0,35.0
2025-05-01 09:32:00,391.0,391.0,35.0
2025-05-01 09:33:00,391.0,391.0,35.0
2025-05-01 09:34:00,391.0,391.0,35.0
2025-05-01 09:35:00,391.0,391.0,35.0
2025-05-01 09:36:00,391.0,391.0,35.0
2025-05-01 09:37:00,391.0,391.0,35.0
2025-05-01 09:38:00,391.0,391.0,35.0
2025-05-01 09:39:00,391.0,391.0,35.0
2025-05-01 09:40:00,391.0,391.0,35.0
2025-05-01 09:41:00,391.0,391.0,35.0
2025-05-01 09:42:00,391.0,391.0,35.0
2025-05-01 09:43:00,391.0,391.0,35.0
2025-05-01 09:44:00,391.0,391.0,35.0
2025-05-01 09:45:00,391.0,391.0,35.0
2025-05-01 09:46:00,391.0,391.0,35.0
2025-05-01 09:47:00,391.0,391.0,35.0
2025-05-01 09:48:00,391.0,391.0,35.0
2025-05-01 09:49:00,391.0,391.0,36.0
2025-05-01 09:50:00,391.0,391.0,36.0
2025-05-01 09:51:00,391.0,391.0,36.0
2025-05-01 09:52:00,391.0,391.0,36.0
2025-05-01 09:53:00,391.0,391.0,36.0
2025-05-01 09:54:00,392.0,391.0,37.0
2025-05-01 09:55:00,392.0,391.0,37.0
2025-05-01 09:56:00,392.0,391.0,37.0
2025-05-01 09:57:00,392.0,391.0,37.0
2025-05-01 09:58:00,392.0,391.0,37.0
2025-05-01 09:59:00,392.0,391.0,37.0
2025-05-01 10:00:00,392.0,391.0,37.0
2025-05-01 10:01:00,392.0,391.0,37.0
2025-05-01 10:02:00,392.0,391.0,37.0
2025-05-01 10:03:00,392.0,391.0,37.0
2025-05-01 10:04:00,392.0,391.0,37.0
2025-05-01 10:05:00,391.0,391.0,40.0
2025-05-01 10:06:00,391.0,391.0,40.0
2025-05-01 10:07:00,391.0,391.0,40.0
2025-05-01 10:08:00,391.0,391.0,40.0
2025-05-01 10:09:00,391.0,391.0,40.0
2025-05-01 10:10:00,391.0,391.0,40.0
2025-05-01 10:11:00,391.0,391.0,40.0
2025-05-01 10:12:00,391.0,391.0,40.0
2025-05-01 10:13:00,391.0,391.0,40.0
2025-05-01 10:14:00,391.0,391.0,40.0
2025-05-01 10:15:00,391.0,391.0,40.0
2025-05-01 10:16:00,391.0,391.0,40.0
2025-05-01 10:17:00,391.0,391.0,41.0
2025-05-01 10:18:00,391.0,391.0,41.0
2025-05-01 10:19:00,391.0,391.0,41.0
2025-05-01 10:20:00,390.0,391.0,56.0
2025-05-01 10:21:00,390.0,391.0,56.0
2025-05-01 10:22:00,390.0,391.0,56.0
2025-05-01 10:23:00,390.0,391.0,56.0
2025-05-01 10:24:00,390.0,391.0,56.0
2025-05-01 10:25:00,390.0,391.0,56.0
2025-05-01 10:26:00,390.0,391.0,56.0
2025-05-01 10:27:00,390.0,391.0,56.0
2025-05-01 10:28:00,390.0,391.0,56.0
2025-05-01 10:29:00,390.0,391.0,56.0
2025-05-01 10:30:00,390.0,391.0,56.0
2025-05-01 10:31:00,390.0,391.0,56.0
2025-05-01 10:32:00,390.0,391.0,56.0
2025-05-01 10:33:00,390.0,391.0,56.0
2025-05-01 10:34:00,390.0,391.0,56.0
2025-05-01 10:35:00,390.0,391.0,56.0
2025-05-01 10:36:00,390.0,391.0,56.0
2025-05-01 10:37:00,390.0,391.0,56.0
2025-05-01 10:38:00,390.0,391.0,56.0
2025-05-01 10:39:00,390.0,391.0,56.0
2025-05-01 10:40:00,390.0,391.0,56.0
2025-05-01 10:41:00,390.0,391.0,56.0
2025-05-01 10:42:00,390.0,391.0,56.0
2025-05-01 10:43:00,390.0,391.0,56.0
2025-05-01 10:44:00,390.0,391.0,56.0
2025-05-01 10:45:00,390.0,391.0,56.0
2025-05-01 10:46:00,390.0,391.0,56.0
2025-05-01 10:47:00,390.0,391.0,57.0
2025-05-01 10:48:00,390.0,391.0,57.0
2025-05-01 10:49:00,390.0,391.0,57.0
2025-05-01 10:50:00,391.0,391.0,58.0
2025-05-01 10:51:00,391.0,391.0,58.0
2025-05-01 10:52:00,391.0,391.0,58.0
2025-05-01 10:53:00,391.0,391.0,58.0
2025-05-01 10:54:00,391.0,391.0,58.0
2025-05-01 10:55:00,391.0,391.0,58.0
2025-05-01 10:56:00,391.0,391.0,58.0
2025-05-01 10:57:00,391.0,391.0,58.0
2025-05-01 10:58:00,391.0,391.0,58.0
2025-05-01 10:59:00,391.0,391.0,58.0
2025-05-01 11:00:00,391.0,391.0,58.0
2025-05-01 11:01:00,391.0,391.0,58.0
2025-05-01 11:02:00,391.0,391.0,58.0
2025-05-01 11:03:00,391.0,391.0,58.0
2025-05-01 11:04:00,391.0,391.0,58.0
2025-05-01 11:05:00,391.0,391.0,58.0
2025-05-01 11:06:00,391.0,391.0,58.0
2025-05-01 11:07:00,391.0,391.0,58.0
2025-05-01 11:08:00,391.0,391.0,58.0
2025-05-01 11:09:00,391.0,391.0,58.0
2025-05-01 11:10:00,391.0,391.0,58.0
2025-05-01 11:11:00,391.0,391.0,58.0
2025-05-01 11:12:00,391.0,391.0,58.0
2025-05-01 11:13:00,391.0,391.0,58.0
2025-05-01 11:14:00,391.0,391.0,58.0
2025-05-01 11:15:00,391.0,391.0,58.0
2025-05-01 11:16:00,391.0,391.0,58.0
2025-05-01 11:17:00,391.0,391.0,58.0
2025-05-01 11:18:00,391.0,391.0,58.0
2025-05-01 11:19:00,391.0,391.0,58.0
2025-05-01 11:20:00,391.0,391.0,58.0
2025-05-01 11:21:00,391.0,391.0,58.0
2025-05-01 11:22:00,391.0,391.0,58.0
2025-05-01 11:23:00,391.0,391.0,60.0
2025-05-01 11:24:00,391.0,391.0,60.0
2025-05-01 11:25:00,391.0,391.0,60.0
2025-05-01 11:26:00,391.0,391.0,60.0
2025-05-01 11:27:00,391.0,391.0,60.0
2025-05-01 11:28:00,391.0,391.0,60.0
2025-05-01 11:29:00,391.0,391.0,60.0
2025-05-01 11:30:00,392.0,391.0,67.0
2025-05-01 12:30:00,392.0,391.0,70.0
2025-05-01 12:31:00,392.0,391.0,70.0
2025-05-01 12:32:00,392.0,391.0,70.0
2025-05-01 12:33:00,392.0,391.0,70.0
2025-05-01 12:34:00,392.0,391.0,70.0
2025-05-01 12:35:00,392.0,391.0,70.0
2025-05-01 12:36:00,392.0,391.0,70.0
2025-05-01 12:37:00,392.0,391.0,70.0
2025-05-01 12:38:00,392.0,391.0,70.0
2025-05-01 12:39:00,392.0,391.0,70.0
2025-05-01 12:40:00,392.0,391.0,70.0
2025-05-01 12:41:00,392.0,391.0,70.0
2025-05-01 12:42:00,392.0,391.0,70.0
2025-05-01 12:43:00,392.0,391.0,70.0
2025-05-01 12:44:00,392.0,391.0,70.0
2025-05-01 12:45:00,392.0,391.0,70.0
2025-05-01 12:46:00,392.0,391.0,70.0
2025-05-01 12:47:00,392.0,391.0,70.0
2025-05-01 12:48:00,392.0,391.0,70.0
2025-05-01 12:49:00,392.0,391.0,70.0
2025-05-01 12:50:00,392.0,391.0,70.0
2025-05-01 12:51:00,392.0,391.0,70.0
2025-05-01 12:52:00,392.0,391.0,70.0
2025-05-01 12:53:00,392.0,391.0,70.0
2025-05-01 12:54:00,392.0,391.0,70.0
2025-05-01 12:55:00,390.0,391.0,74.0
2025-05-01 12:56:00,390.0,391.0,74.0
2025-05-01 12:57:00,390.0,391.0,74.0
2025-05-01 12:58:00,390.0,391.0,74.0
2025-05-01 12:59:00,390.0,391.0,74.0
2025-05-01 13:00:00,388.0,391.0,75.0
2025-05-01 13:01:00,388.0,391.0,75.0
2025-05-01 13:02:00,388.0,391.0,75.0
2025-05-01 13:03:00,388.0,391.0,75.0
2025-05-01 13:04:00,388.0,391.0,75.0
2025-05-01 13:05:00,388.0,391.0,75.0
2025-05-01 13:06:00,388.0,391.0,75.0
2025-05-01 13:07:00,388.0,391.0,75.0
2025-05-01 13:08:00,392.0,391.0,82.0
2025-05-01 13:09:00,392.0,391.0,82.0
2025-05-01 13:10:00,392.0,391.0,82.0
2025-05-01 13:11:00,392.0,391.0,82.0
2025-05-01 13:12:00,391.0,391.0,83.0
2025-05-01 13:13:00,391.0,391.0,83.0
2025-05-01 13:14:00,391.0,391.0,83.0
2025-05-01 13:15:00,391.0,391.0,83.0
2025-05-01 13:16:00,391.0,391.0,83.0
2025-05-01 13:17:00,391.0,391.0,83.0
2025-05-01 13:18:00,391.0,391.0,83.0
2025-05-01 13:19:00,391.0,391.0,83.0
2025-05-01 13:20:00,391.0,391.0,83.0
2025-05-01 13:21:00,391.0,391.0,83.0
2025-05-01 13:22:00,391.0,391.0,83.0
2025-05-01 13:23:00,391.0,391.0,83.0
2025-05-01 13:24:00,391.0,391.0,83.0
2025-05-01 13:25:00,389.0,391.0,86.0
2025-05-01 13:26:00,389.0,391.0,86.0
2025-05-01 13:27:00,389.0,391.0,86.0
2025-05-01 13:28:00,389.0,391.0,86.0
2025-05-01 13:29:00,389.0,391.0,86.0
2025-05-01 13:30:00,390.0,391.0,87.0
2025-05-01 13:31:00,390.0,391.0,87.0
2025-05-01 13:32:00,390.0,391.0,87.0
2025-05-01 13:33:00,390.0,391.0,87.0
2025-05-01 13:34:00,390.0,391.0,87.0
2025-05-01 13:35:00,390.0,391.0,87.0
2025-05-01 13:36:00,390.0,391.0,87.0
2025-05-01 13:37:00,390.0,391.0,87.0
2025-05-01 13:38:00,390.0,391.0,87.0
2025-05-01 13:39:00,390.0,391.0,87.0
2025-05-01 13:40:00,390.0,391.0,87.0
2025-05-01 13:41:00,390.0,391.0,87.0
2025-05-01 13:42:00,390.0,391.0,87.0
2025-05-01 13:43:00,390.0,391.0,87.0
2025-05-01 13:44:00,389.0,391.0,88.0
2025-05-01 13:45:00,389.0,391.0,88.0
2025-05-01 13:46:00,389.0,391.0,88.0
2025-05-01 13:47:00,389.0,391.0,88.0
2025-05-01 13:48:00,389.0,391.0,88.0
2025-05-01 13:49:00,389.0,391.0,88.0
2025-05-01 13:50:00,389.0,391.0,88.0
2025-05-01 13:51:00,389.0,391.0,88.0
2025-05-01 13:52:00,389.0,391.0,88.0
2025-05-01 13:53:00,389.0,391.0,88.0
2025-05-01 13:54:00,389.0,391.0,88.0
2025-05-01 13:55:00,389.0,391.0,88.0
2025-05-01 13:56:00,388.0,391.0,97.0
2025-05-01 13:57:00,388.0,391.0,97.0
2025-05-01 13:58:00,388.0,391.0,97.0
2025-05-01 13:59:00,388.0,391.0,97.0
2025-05-01 14:00:00,388.0,391.0,97.0
2025-05-01 14:01:00,388.0,391.0,97.0
2025-05-01 14:02:00,388.0,391.0,97.0
2025-05-01 14:03:00,388.0,391.0,97.0
2025-05-01 14:04:00,388.0,391.0,97.0
2025-05-01 14:05:00,388.0,391.0,97.0
2025-05-01 14:06:00,388.0,391.0,97.0
2025-05-01 14:07:00,388.0,391.0,97.0
2025-05-01 14:08:00,388.0,391.0,97.0
2025-05-01 14:09:00,388.0,391.0,97.0
2025-05-01 14:10:00,388.0,391.0,97.0
2025-05-01 14:11:00,388.0,391.0,97.0
2025-05-01 14:12:00,388.0,391.0,97.0
2025-05-01 14:13:00,388.0,391.0,97.0
2025-05-01 14:14:00,388.0,391.0,97.0
2025-05-01 14:15:00,388.0,391.0,97.0
2025-05-01 14:16:00,386.0,391.0,99.0
2025-05-01 14:17:00,386.0,391.0,99.0
2025-05-01 14:18:00,386.0,391.0,99.0
2025-05-01 14:19:00,386.0,391.0,99.0
2025-05-01 14:20:00,386.0,391.0,99.0
2025-05-01 14:21:00,386.0,391.0,99.0
2025-05-01 14:22:00,386.0,391.0,99.0
2025-05-01 14:23:00,386.0,391.0,99.0
2025-05-01 14:24:00,386.0,391.0,99.0
2025-05-01 14:25:00,386.0,391.0,100.0
2025-05-01 14:26:00,386.0,391.0,100.0
2025-05-01 14:27:00,386.0,391.0,100.0
2025-05-01 14:28:00,386.0,391.0,100.0
2025-05-01 14:29:00,386.0,391.0,100.0
2025-05-01 14:30:00,386.0,391.0,100.0
2025-05-01 14:31:00,386.0,391.0,100.0
2025-05-01 14:32:00,386.0,391.0,100.0
2025-05-01 14:33:00,386.0,391.0,100.0
2025-05-01 14:34:00,386.0,391.0,100.0
2025-05-01 14:35:00,386.0,391.0,100.0
2025-05-01 14:36:00,386.0,391.0,100.0
2025-05-01 14:37:00,386.0,391.0,101.0
2025-05-01 14:38:00,386.0,391.0,101.0
2025-05-01 14:39:00,386.0,391.0,103.0
2025-05-01 14:40:00,386.0,391.0,103.0
2025-05-01 14:41:00,386.0,391.0,103.0
2025-05-01 14:42:00,386.0,391.0,103.0
2025-05-01 14:43:00,386.0,391.0,103.0
2025-05-01 14:44:00,386.0,391.0,106.0
2025-05-01 14:45:00,386.0,391.0,106.0
2025-05-01 14:46:00,386.0,391.0,106.0
2025-05-01 14:47:00,386.0,391.0,106.0
2025-05-01 14:48:00,386.0,391.0,106.0
2025-05-01 14:49:00,386.0,391.0,106.0
2025-05-01 14:50:00,386.0,391.0,106.0
2025-05-01 14:51:00,385.0,391.0,108.0
2025-05-01 14:52:00,385.0,391.0,108.0
2025-05-01 14:53:00,385.0,391.0,108.0
2025-05-01 14:54:00,385.0,391.0,108.0
2025-05-01 14:55:00,385.0,391.0,108.0
2025-05-01 14:56:00,385.0,391.0,108.0
2025-05-01 14:57:00,385.0,391.0,108.0
2025-05-01 14:58:00,385.0,391.0,108.0
2025-05-01 14:59:00,385.0,391.0,108.0
2025-05-01 15:00:00,385.0,391.0,108.0
2025-05-01 15:01:00,385.0,391.0,108.0
2025-05-01 15:02:00,385.0,391.0,108.0
2025-05-01 15:03:00,385.0,391.0,108.0
2025-05-01 15:04:00,385.0,391.0,108.0
2025-05-01 15:05:00,385.0,391.0,108.0
2025-05-01 15:06:00,385.0,391.0,108.0
2025-05-01 15:07:00,385.0,391.0,108.0
2025-05-01 15:08:00,386.0,391.0,111.0
2025-05-01 15:09:00,386.0,391.0,111.0
2025-05-01 15:10:00,386.0,391.0,111.0
2025-05-01 15:11:00,386.0,391.0,111.0
2025-05-01 15:12:00,386.0,391.0,111.0
2025-05-01 15:13:00,386.0,391.0,111.0
2025-05-01 15:14:00,386.0,391.0,111.0
2025-05-01 15:15:00,386.0,391.0,111.0
2025-05-01 15:16:00,386.0,391.0,111.0
2025-05-01 15:17:00,386.0,391.0,111.0
2025-05-01 15:18:00,386.0,391.0,111.0
2025-05-01 15:19:00,386.0,391.0,111.0
2025-05-01 15:20:00,386.0,391.0,111.0
2025-05-01 15:21:00,386.0,391.0,111.0
2025-05-01 15:22:00,386.0,391.0,114.0
2025-05-01 15:23:00,386.0,391.0,114.0
2025-05-01 15:24:00,386.0,391.0,114.0
2025-05-01 15:25:00,386.0,391.0,114.0
2025-05-01 15:26:00,386.0,391.0,114.0
2025-05-01 15:27:00,386.0,391.0,114.0
2025-05-01 15:28:00,386.0,391.0,114.0
2025-05-01 15:29:00,386.0,391.0,114.0
2025-05-01 15:30:00,385.0,391.0,128.0
2025-05-02 09:00:00,389.0,389.0,6.0
2025-05-02 09:01:00,389.0,389.0,6.0
2025-05-02 09:02:00,389.0,389.0,6.0
2025-05-02 09:03:00,389.0,389.0,6.0
2025-05-02 09:04:00,389.0,389.0,6.0
2025-05-02 09:05:00,392.0,389.0,21.0
2025-05-02 09:06:00,392.0,389.0,21.0
2025-05-02 09:07:00,392.0,389.0,21.0
2025-05-02 09:08:00,392.0,389.0,21.0
2025-05-02 09:09:00,392.0,389.0,21.0
2025-05-02 09:10:00,392.0,389.0,21.0
2025-05-02 09:11:00,392.0,389.0,21.0
2025-05-02 09:12:00,392.0,389.0,21.0
2025-05-02 09:13:00,392.0,389.0,21.0
2025-05-02 09:14:00,392.0,389.0,21.0
2025-05-02 09:15:00,392.0,389.0,21.0
2025-05-02 09:16:00,392.0,389.0,21.0
2025-05-02 09:17:00,392.0,389.0,21.0
2025-05-02 09:18:00,390.0,389.0,22.0
2025-05-02 09:19:00,390.0,389.0,22.0
2025-05-02 09:20:00,390.0,389.0,22.0
2025-05-02 09:21:00,390.0,389.0,22.0
2025-05-02 09:22:00,390.0,389.0,22.0
2025-05-02 09:23:00,390.0,389.0,22.0
2025-05-02 09:24:00,390.0,389.0,22.0
2025-05-02 09:25:00,390.0,389.0,22.0
2025-05-02 09:26:00,390.0,389.0,22.0
2025-05-02 09:27:00,390.0,389.0,22.0
2025-05-02 09:28:00,390.0,389.0,22.0
2025-05-02 09:29:00,390.0,389.0,22.0
2025-05-02 09:30:00,390.0,389.0,22.0
2025-05-02 09:31:00,390.0,389.0,22.0
2025-05-02 09:32:00,390.0,389.0,22.0
2025-05-02 09:33:00,390.0,389.0,22.0
2025-05-02 09:34:00,390.0,389.0,22.0
2025-05-02 09:35:00,390.0,389.0,22.0
2025-05-02 09:36:00,390.0,389.0,22.0
2025-05-02 09:37:00,390.0,389.0,22.0
2025-05-02 09:38:00,390.0,389.0,22.0
2025-05-02 09:39:00,390.0,389.0,22.0
2025-05-02 09:40:00,390.0,389.0,22.0
2025-05-02 09:41:00,390.0,389.0,22.0
2025-05-02 09:42:00,390.0,389.0,22.0
2025-05-02 09:43:00,390.0,389.0,22.0
2025-05-02 09:44:00,390.0,389.0,22.0
2025-05-02 09:45:00,390.0,389.0,22.0
2025-05-02 09:46:00,390.0,389.0,22.0
2025-05-02 09:47:00,390.0,389.0,22.0
2025-05-02 09:48:00,390.0,389.0,22.0
2025-05-02 09:49:00,390.0,389.0,22.0
2025-05-02 09:50:00,390.0,389.0,23.0
2025-05-02 09:51:00,390.0,389.0,23.0
2025-05-02 09:52:00,390.0,389.0,23.0
2025-05-02 09:53:00,390.0,389.0,23.0
2025-05-02 09:54:00,390.0,389.0,23.0
2025-05-02 09:55:00,390.0,389.0,23.0
2025-05-02 09:56:00,390.0,389.0,23.0
2025-05-02 09:57:00,390.0,389.0,23.0
2025-05-02 09:58:00,390.0,389.0,23.0
2025-05-02 09:59:00,390.0,389.0,23.0
2025-05-02 10:00:00,390.0,389.0,23.0
2025-05-02 10:01:00,390.0,389.0,23.0
2025-05-02 10:02:00,390.0,389.0,24.0
2025-05-02 10:03:00,390.0,389.0,24.0
2025-05-02 10:04:00,390.0,389.0,24.0
2025-05-02 10:05:00,390.0,389.0,24.0
2025-05-02 10:06:00,390.0,389.0,24.0
2025-05-02 10:07:00,390.0,389.0,24.0
2025-05-02 10:08:00,390.0,389.0,24.0
2025-05-02 10:09:00,390.0,389.0,24.0
2025-05-02 10:10:00,390.0,389.0,24.0
2025-05-02 10:11:00,390.0,389.0,24.0
2025-05-02 10:12:00,389.0,389.0,27.0
2025-05-02 10:13:00,389.0,389.0,27.0
2025-05-02 10:14:00,389.0,389.0,27.0
2025-05-02 10:15:00,389.0,389.0,27.0
2025-05-02 10:16:00,389.0,389.0,27.0
2025-05-02 10:17:00,389.0,389.0,27.0
2025-05-02 10:18:00,389.0,389.0,27.0
2025-05-02 10:19:00,389.0,389.0,27.0
2025-05-02 10:20:00,389.0,389.0,28.0
2025-05-02 10:21:00,389.0,389.0,28.0
2025-05-02 10:22:00,389.0,389.0,28.0
2025-05-02 10:23:00,387.0,389.0,38.0
2025-05-02 10:24:00,387.0,389.0,38.0
2025-05-02 10:25:00,387.0,389.0,38.0
2025-05-02 10:26:00,387.0,389.0,38.0
2025-05-02 10:27:00,387.0,389.0,38.0
2025-05-02 10:28:00,387.0,389.0,38.0
2025-05-02 10:29:00,387.0,389.0,38.0
2025-05-02 10:30:00,387.0,389.0,38.0
2025-05-02 10:31:00,387.0,389.0,38.0
2025-05-02 10:32:00,387.0,389.0,38.0
2025-05-02 10:33:00,387.0,389.0,38.0
2025-05-02 10:34:00,387.0,389.0,38.0
2025-05-02 10:35:00,387.0,389.0,38.0
2025-05-02 10:36:00,387.0,389.0,38.0
2025-05-02 10:37:00,387.0,389.0,39.0
2025-05-02 10:38:00,387.0,389.0,39.0
2025-05-02 10:39:00,387.0,389.0,39.0
2025-05-02 10:40:00,387.0,389.0,39.0
2025-05-02 10:41:00,387.0,389.0,39.0
2025-05-02 10:42:00,387.0,389.0,40.0
2025-05-02 10:43:00,387.0,389.0,40.0
2025-05-02 10:44:00,387.0,389.0,40.0
2025-05-02 10:45:00,387.0,389.0,40.0
2025-05-02 10:46:00,387.0,389.0,40.0
2025-05-02 10:47:00,387.0,389.0,40.0
2025-05-02 10:48:00,387.0,389.0,40.0
2025-05-02 10:49:00,387.0,389.0,40.0
2025-05-02 10:50:00,387.0,389.0,40.0
2025-05-02 10:51:00,387.0,389.0,40.0
2025-05-02 10:52:00,387.0,389.0,40.0
2025-05-02 10:53:00,386.0,389.0,43.0
2025-05-02 10:54:00,386.0,389.0,43.0
2025-05-02 10:55:00,386.0,389.0,43.0
2025-05-02 10:56:00,386.0,389.0,43.0
2025-05-02 10:57:00,386.0,389.0,43.0
2025-05-02 10:58:00,386.0,389.0,43.0
2025-05-02 10:59:00,386.0,389.0,43.0
2025-05-02 11:00:00,386.0,389.0,43.0
2025-05-02 11:01:00,386.0,389.0,43.0
2025-05-02 11:02:00,386.0,389.0,43.0
2025-05-02 11:03:00,386.0,389.0,43.0
2025-05-02 11:04:00,386.0,389.0,43.0
2025-05-02 11:05:00,386.0,389.0,43.0
2025-05-02 11:06:00,386.0,389.0,43.0
2025-05-02 11:07:00,386.0,389.0,43.0
2025-05-02 11:08:00,386.0,389.0,43.0
2025-05-02 11:09:00,386.0,389.0,43.0
2025-05-02 11:10:00,386.0,389.0,43.0
2025-05-02 11:11:00,386.0,389.0,43.0
2025-05-02 11:12:00,386.0,389.0,43.0
2025-05-02 11:13:00,386.0,389.0,43.0
2025-05-02 11:14:00,386.0,389.0,43.0
2025-05-02 11:15:00,386.0,389.0,43.0
2025-05-02 11:16:00,386.0,389.0,43.0
2025-05-02 11:17:00,386.0,389.0,43.0
2025-05-02 11:18:00,386.0,389.0,44.0
2025-05-02 11:19:00,386.0,389.0,44.0
2025-05-02 11:20:00,386.0,389.0,44.0
2025-05-02 11:21:00,386.0,389.0,44.0
2025-05-02 11:22:00,386.0,389.0,44.0
2025-05-02 11:23:00,386.0,389.0,44.0
2025-05-02 11:24:00,386.0,389.0,44.0
2025-05-02 11:25:00,386.0,389.0,44.0
2025-05-02 11:26:00,386.0,389.0,44.0
2025-05-02 11:27:00,386.0,389.0,44.0
2025-05-02 11:28:00,386.0,389.0,44.0
2025-05-02 11:29:00,386.0,389.0,44.0
2025-05-02 11:30:00,386.0,389.0,44.0
2025-05-02 12:30:00,389.0,389.0,45.0
2025-05-02 12:31:00,388.0,389.0,46.0
2025-05-02 12:32:00,387.0,389.0,48.0
2025-05-02 12:33:00,387.0,389.0,48.0
2025-05-02 12:34:00,387.0,389.0,48.0
2025-05-02 12:35:00,387.0,389.0,48.0
2025-05-02 12:36:00,387.0,389.0,48.0
2025-05-02 12:37:00,386.0,389.0,49.0
2025-05-02 12:38:00,386.0,389.0,49.0
2025-05-02 12:39:00,386.0,389.0,49.0
2025-05-02 12:40:00,386.0,389.0,49.0
2025-05-02 12:41:00,386.0,389.0,49.0
2025-05-02 12:42:00,386.0,389.0,49.0
2025-05-02 12:43:00,386.0,389.0,49.0
2025-05-02 12:44:00,386.0,389.0,49.0
2025-05-02 12:45:00,386.0,389.0,49.0
2025-05-02 12:46:00,386.0,389.0,51.0
2025-05-02 12:47:00,385.0,389.0,53.0
2025-05-02 12:48:00,388.0,389.0,72.0
2025-05-02 12:49:00,388.0,389.0,72.0
2025-05-02 12:50:00,388.0,389.0,72.0
2025-05-02 12:51:00,388.0,389.0,72.0
2025-05-02 12:52:00,388.0,389.0,72.0
2025-05-02 12:53:00,388.0,389.0,72.0
2025-05-02 12:54:00,388.0,389.0,72.0
2025-05-02 12:55:00,388.0,389.0,72.0
2025-05-02 12:56:00,389.0,389.0,73.0
2025-05-02 12:57:00,389.0,389.0,73.0
2025-05-02 12:58:00,389.0,389.0,73.0
2025-05-02 12:59:00,389.0,389.0,73.0
2025-05-02 13:00:00,389.0,389.0,73.0
2025-05-02 13:01:00,389.0,389.0,73.0
2025-05-02 13:02:00,389.0,389.0,73.0
2025-05-02 13:03:00,389.0,389.0,73.0
2025-05-02 13:04:00,389.0,389.0,73.0
2025-05-02 13:05:00,390.0,389.0,85.0
2025-05-02 13:06:00,390.0,389.0,85.0
2025-05-02 13:07:00,390.0,389.0,85.0
2025-05-02 13:08:00,390.0,389.0,85.0
2025-05-02 13:09:00,390.0,389.0,85.0
2025-05-02 13:10:00,390.0,389.0,85.0
2025-05-02 13:11:00,390.0,389.0,85.0
2025-05-02 13:12:00,390.0,389.0,85.0
2025-05-02 13:13:00,390.0,389.0,85.0
2025-05-02 13:14:00,390.0,389.0,85.0
2025-05-02 13:15:00,390.0,389.0,85.0
2025-05-02 13:16:00,390.0,389.0,85.0
2025-05-02 13:17:00,390.0,389.0,85.0
2025-05-02 13:18:00,390.0,389.0,85.0
2025-05-02 13:19:00,390.0,389.0,85.0
2025-05-02 13:20:00,390.0,389.0,85.0
2025-05-02 13:21:00,388.0,389.0,101.0
2025-05-02 13:22:00,388.0,389.0,101.0
2025-05-02 13:23:00,388.0,389.0,101.0
2025-05-02 13:24:00,388.0,389.0,101.0
2025-05-02 13:25:00,388.0,389.0,101.0
2025-05-02 13:26:00,388.0,389.0,102.0
2025-05-02 13:27:00,388.0,389.0,102.0
2025-05-02 13:28:00,388.0,389.0,102.0
2025-05-02 13:29:00,388.0,389.0,102.0
2025-05-02 13:30:00,388.0,389.0,102.0
2025-05-02 13:31:00,388.0,389.0,102.0
2025-05-02 13:32:00,388.0,389.0,102.0
2025-05-02 13:33:00,388.0,389.0,102.0
2025-05-02 13:34:00,389.0,389.0,103.0
2025-05-02 13:35:00,389.0,389.0,103.0
2025-05-02 13:36:00,389.0,389.0,103.0
2025-05-02 13:37:00,389.0,389.0,103.0
2025-05-02 13:38:00,389.0,389.0,103.0
2025-05-02 13:39:00,389.0,389.0,103.0
2025-05-02 13:40:00,389.0,389.0,103.0
2025-05-02 13:41:00,389.0,389.0,103.0
2025-05-02 13:42:00,389.0,389.0,103.0
2025-05-02 13:43:00,389.0,389.0,103.0
2025-05-02 13:44:00,389.0,389.0,103.0
2025-05-02 13:45:00,389.0,389.0,103.0
2025-05-02 13:46:00,388.0,389.0,108.0
2025-05-02 13:47:00,388.0,389.0,108.0
2025-05-02 13:48:00,388.0,389.0,108.0
2025-05-02 13:49:00,388.0,389.0,108.0
2025-05-02 13:50:00,388.0,389.0,108.0
2025-05-02 13:51:00,388.0,389.0,108.0
2025-05-02 13:52:00,388.0,389.0,108.0
2025-05-02 13:53:00,388.0,389.0,111.0
2025-05-02 13:54:00,388.0,389.0,111.0
2025-05-02 13:55:00,388.0,389.0,111.0
2025-05-02 13:56:00,388.0,389.0,111.0
2025-05-02 13:57:00,388.0,389.0,111.0
2025-05-02 13:58:00,388.0,389.0,111.0
2025-05-02 13:59:00,388.0,389.0,111.0
2025-05-02 14:00:00,388.0,389.0,111.0
2025-05-02 14:01:00,388.0,389.0,111.0
2025-05-02 14:02:00,388.0,389.0,111.0
2025-05-02 14:03:00,388.0,389.0,111.0
2025-05-02 14:04:00,388.0,389.0,111.0
2025-05-02 14:05:00,388.0,389.0,111.0
2025-05-02 14:06:00,388.0,389.0,111.0
2025-05-02 14:07:00,388.0,389.0,111.0
2025-05-02 14:08:00,388.0,389.0,111.0
2025-05-02 14:09:00,388.0,389.0,111.0
2025-05-02 14:10:00,388.0,389.0,111.0
2025-05-02 14:11:00,388.0,389.0,111.0
2025-05-02 14:12:00,388.0,389.0,111.0
2025-05-02 14:13:00,388.0,389.0,111.0
2025-05-02 14:14:00,388.0,389.0,111.0
2025-05-02 14:15:00,388.0,389.0,111.0
2025-05-02 14:16:00,388.0,389.0,111.0
2025-05-02 14:17:00,388.0,389.0,111.0
2025-05-02 14:18:00,388.0,389.0,111.0
2025-05-02 14:19:00,388.0,389.0,111.0
2025-05-02 14:20:00,388.0,389.0,111.0
2025-05-02 14:21:00,388.0,389.0,111.0
2025-05-02 14:22:00,388.0,389.0,112.0
2025-05-02 14:23:00,388.0,389.0,112.0
2025-05-02 14:24:00,388.0,389.0,112.0
2025-05-02 14:25:00,388.0,389.0,112.0
2025-05-02 14:26:00,388.0,389.0,112.0
2025-05-02 14:27:00,388.0,389.0,112.0
2025-05-02 14:28:00,388.0,389.0,112.0
2025-05-02 14:29:00,388.0,389.0,112.0
2025-05-02 14:30:00,388.0,389.0,112.0
2025-05-02 14:31:00,389.0,389.0,119.0
2025-05-02 14:32:00,389.0,389.0,119.0
2025-05-02 14:33:00,389.0,389.0,119.0
2025-05-02 14:34:00,389.0,389.0,119.0
2025-05-02 14:35:00,389.0,389.0,119.0
2025-05-02 14:36:00,389.0,389.0,119.0
2025-05-02 14:37:00,389.0,389.0,119.0
2025-05-02 14:38:00,389.0,389.0,119.0
2025-05-02 14:39:00,389.0,389.0,119.0
2025-05-02 14:40:00,389.0,389.0,119.0
2025-05-02 14:41:00,389.0,389.0,119.0
2025-05-02 14:42:00,389.0,389.0,119.0
2025-05-02 14:43:00,389.0,389.0,119.0
2025-05-02 14:44:00,389.0,389.0,119.0
2025-05-02 14:45:00,389.0,389.0,119.0
2025-05-02 14:46:00,389.0,389.0,119.0
2025-05-02 14:47:00,389.0,389.0,119.0
2025-05-02 14:48:00,389.0,389.0,119.0
2025-05-02 14:49:00,389.0,389.0,119.0
2025-05-02 14:50:00,389.0,389.0,119.0
2025-05-02 14:51:00,389.0,389.0,119.0
2025-05-02 14:52:00,389.0,389.0,120.0
2025-05-02 14:53:00,389.0,389.0,120.0
2025-05-02 14:54:00,389.0,389.0,123.0
2025-05-02 14:55:00,389.0,389.0,123.0
2025-05-02 14:56:00,389.0,389.0,123.0
2025-05-02 14:57:00,389.0,389.0,123.0
2025-05-02 14:58:00,389.0,389.0,123.0
2025-05-02 14:59:00,389.0,389.0,123.0
2025-05-02 15:00:00,389.0,389.0,123.0
2025-05-02 15:01:00,389.0,389.0,123.0
2025-05-02 15:02:00,389.0,389.0,123.0
2025-05-02 15:03:00,389.0,389.0,123.0
2025-05-02 15:04:00,389.0,389.0,123.0
2025-05-02 15:05:00,389.0,389.0,123.0
2025-05-02 15:06:00,389.0,389.0,123.0
2025-05-02 15:07:00,389.0,389.0,123.0
2025-05-02 15:08:00,389.0,389.0,123.0
2025-05-02 15:09:00,389.0,389.0,123.0
2025-05-02 15:10:00,389.0,389.0,124.0
2025-05-02 15:11:00,389.0,389.0,124.0
2025-05-02 15:12:00,389.0,389.0,124.0
2025-05-02 15:13:00,389.0,389.0,124.0
2025-05-02 15:14:00,389.0,389.0,124.0
2025-05-02 15:15:00,389.0,389.0,124.0
2025-05-02 15:16:00,389.0,389.0,124.0
2025-05-02 15:17:00,389.0,389.0,124.0
2025-05-02 15:18:00,389.0,389.0,124.0
2025-05-02 15:19:00,389.0,389.0,124.0
2025-05-02 15:20:00,389.0,389.0,124.0
2025-05-02 15:21:00,389.0,389.0,124.0
2025-05-02 15:22:00,389.0,389.0,124.0
2025-05-02 15:23:00,389.0,389.0,124.0
2025-05-02 15:24:00,388.0,389.0,126.0
2025-05-02 15:25:00,388.0,389.0,126.0
2025-05-02 15:26:00,388.0,389.0,126.0
2025-05-02 15:27:00,388.0,389.0,126.0
2025-05-02 15:28:00,388.0,389.0,126.0
2025-05-02 15:29:00,388.0,389.0,126.0
2025-05-02 15:30:00,388.0,389.0,153.0
2025-05-07 09:00:00,390.0,390.0,5.0
2025-05-07 09:01:00,390.0,390.0,5.0
2025-05-07 09:02:00,390.0,390.0,5.0
2025-05-07 09:03:00,390.0,390.0,5.0
2025-05-07 09:04:00,390.0,390.0,5.0
2025-05-07 09:05:00,390.0,390.0,5.0
2025-05-07 09:06:00,390.0,390.0,5.0
2025-05-07 09:07:00,390.0,390.0,5.0
2025-05-07 09:08:00,390.0,390.0,5.0
2025-05-07 09:09:00,390.0,390.0,5.0
2025-05-07 09:10:00,390.0,390.0,5.0
2025-05-07 09:11:00,390.0,390.0,5.0
2025-05-07 09:12:00,390.0,390.0,5.0
2025-05-07 09:13:00,390.0,390.0,5.0
2025-05-07 09:14:00,390.0,390.0,5.0
2025-05-07 09:15:00,394.0,390.0,18.0
2025-05-07 09:16:00,394.0,390.0,18.0
2025-05-07 09:17:00,394.0,390.0,18.0
2025-05-07 09:18:00,394.0,390.0,26.0
2025-05-07 09:19:00,394.0,390.0,26.0
2025-05-07 09:20:00,394.0,390.0,26.0
2025-05-07 09:21:00,394.0,390.0,26.0
2025-05-07 09:22:00,394.0,390.0,26.0
2025-05-07 09:23:00,394.0,390.0,26.0
2025-05-07 09:24:00,394.0,390.0,26.0
2025-05-07 09:25:00,394.0,390.0,26.0
2025-05-07 09:26:00,393.0,390.0,27.0
2025-05-07 09:27:00,393.0,390.0,27.0
2025-05-07 09:28:00,393.0,390.0,27.0
2025-05-07 09:29:00,393.0,390.0,27.0
2025-05-07 09:30:00,393.0,390.0,27.0
2025-05-07 09:31:00,394.0,390.0,32.0
2025-05-07 09:32:00,394.0,390.0,32.0
2025-05-07 09:33:00,394.0,390.0,32.0
2025-05-07 09:34:00,394.0,390.0,32.0
2025-05-07 09:35:00,394.0,390.0,32.0
2025-05-07 09:36:00,394.0,390.0,32.0
2025-05-07 09:37:00,394.0,390.0,32.0
2025-05-07 09:38:00,394.0,390.0,32.0
2025-05-07 09:39:00,394.0,390.0,32.0
2025-05-07 09:40:00,394.0,390.0,32.0
2025-05-07 09:41:00,394.0,390.0,32.0
2025-05-07 09:42:00,394.0,390.0,32.0
2025-05-07 09:43:00,394.0,390.0,32.0
2025-05-07 09:44:00,394.0,390.0,32.0
2025-05-07 09:45:00,394.0,390.0,32.0
2025-05-07 09:46:00,394.0,390.0,32.0
2025-05-07 09:47:00,394.0,390.0,32.0
2025-05-07 09:48:00,394.0,390.0,32.0
2025-05-07 09:49:00,394.0,390.0,32.0
2025-05-07 09:50:00,394.0,390.0,32.0
2025-05-07 09:51:00,394.0,390.0,32.0
2025-05-07 09:52:00,394.0,390.0,32.0
2025-05-07 09:53:00,394.0,390.0,32.0
2025-05-07 09:54:00,391.0,390.0,33.0
2025-05-07 09:55:00,391.0,390.0,33.0
2025-05-07 09:56:00,391.0,390.0,33.0
2025-05-07 09:57:00,391.0,390.0,33.0
2025-05-07 09:58:00,391.0,390.0,33.0
2025-05-07 09:59:00,391.0,390.0,33.0
2025-05-07 10:00:00,391.0,390.0,33.0
2025-05-07 10:01:00,391.0,390.0,33.0
2025-05-07 10:02:00,391.0,390.0,33.0
2025-05-07 10:03:00,391.0,390.0,33.0
2025-05-07 10:04:00,391.0,390.0,33.0
2025-05-07 10:05:00,391.0,390.0,33.0
2025-05-07 10:06:00,391.0,390.0,33.0
2025-05-07 10:07:00,391.0,390.0,33.0
2025-05-07 10:08:00,391.0,390.0,33.0
2025-05-07 10:09:00,393.0,390.0,36.0
2025-05-07 10:10:00,393.0,390.0,36.0
2025-05-07 10:11:00,393.0,390.0,36.0
2025-05-07 10:12:00,393.0,390.0,36.0
2025-05-07 10:13:00,393.0,390.0,36.0
2025-05-07 10:14:00,393.0,390.0,36.0
2025-05-07 10:15:00,393.0,390.0,36.0
2025-05-07 10:16:00,393.0,390.0,36.0
2025-05-07 10:17:00,393.0,390.0,36.0
2025-05-07 10:18:00,393.0,390.0,36.0
2025-05-07 10:19:00,393.0,390.0,36.0
2025-05-07 10:20:00,393.0,390.0,36.0
2025-05-07 10:21:00,393.0,390.0,36.0
2025-05-07 10:22:00,393.0,390.0,37.0
2025-05-07 10:23:00,393.0,390.0,37.0
2025-05-07 10:24:00,393.0,390.0,37.0
2025-05-07 10:25:00,393.0,390.0,38.0
2025-05-07 10:26:00,393.0,390.0,49.0
2025-05-07 10:27:00,393.0,390.0,49.0
2025-05-07 10:28:00,393.0,390.0,49.0
2025-05-07 10:29:00,393.0,390.0,49.0
2025-05-07 10:30:00,393.0,390.0,49.0
2025-05-07 10:31:00,393.0,390.0,49.0
2025-05-07 10:32:00,393.0,390.0,49.0
2025-05-07 10:33:00,393.0,390.0,49.0
2025-05-07 10:34:00,393.0,390.0,49.0
2025-05-07 10:35:00,393.0,390.0,49.0
2025-05-07 10:36:00,393.0,390.0,49.0
2025-05-07 10:37:00,393.0,390.0,54.0
2025-05-07 10:38:00,393.0,390.0,54.0
2025-05-07 10:39:00,393.0,390.0,54.0
2025-05-07 10:40:00,393.0,390.0,54.0
2025-05-07 10:41:00,393.0,390.0,54.0
2025-05-07 10:42:00,393.0,390.0,54.0
2025-05-07 10:43:00,393.0,390.0,54.0
2025-05-07 10:44:00,393.0,390.0,54.0
2025-05-07 10:45:00,393.0,390.0,54.0
2025-05-07 10:46:00,393.0,390.0,54.0
2025-05-07 10:47:00,393.0,390.0,54.0
2025-05-07 10:48:00,392.0,390.0,55.0
2025-05-07 10:49:00,392.0,390.0,55.0
2025-05-07 10:50:00,392.0,390.0,55.0
2025-05-07 10:51:00,392.0,390.0,55.0
2025-05-07 10:52:00,392.0,390.0,55.0
2025-05-07 10:53:00,392.0,390.0,55.0
2025-05-07 10:54:00,392.0,390.0,55.0
2025-05-07 10:55:00,392.0,390.0,55.0
2025-05-07 10:56:00,392.0,390.0,55.0
2025-05-07 10:57:00,392.0,390.0,55.0
2025-05-07 10:58:00,392.0,390.0,55.0
2025-05-07 10:59:00,392.0,390.0,55.0
2025-05-07 11:00:00,392.0,390.0,55.0
2025-05-07 11:01:00,392.0,390.0,55.0
2025-05-07 11:02:00,392.0,390.0,55.0
2025-05-07 11:03:00,392.0,390.0,55.0
2025-05-07 11:04:00,392.0,390.0,55.0
2025-05-07 11:05:00,392.0,390.0,55.0
2025-05-07 11:06:00,392.0,390.0,55.0
2025-05-07 11:07:00,392.0,390.0,55.0
2025-05-07 11:08:00,392.0,390.0,55.0
2025-05-07 11:09:00,392.0,390.0,55.0
2025-05-07 11:10:00,392.0,390.0,55.0
2025-05-07 11:11:00,392.0,390.0,55.0
2025-05-07 11:12:00,392.0,390.0,55.0
2025-05-07 11:13:00,392.0,390.0,55.0
2025-05-07 11:14:00,392.0,390.0,55.0
2025-05-07 11:15:00,392.0,390.0,55.0
2025-05-07 11:16:00,392.0,390.0,55.0
2025-05-07 11:17:00,392.0,390.0,55.0
2025-05-07 11:18:00,392.0,390.0,55.0
2025-05-07 11:19:00,392.0,390.0,55.0
2025-05-07 11:20:00,390.0,390.0,56.0
2025-05-07 11:21:00,390.0,390.0,56.0
2025-05-07 11:22:00,390.0,390.0,56.0
2025-05-07 11:23:00,390.0,390.0,56.0
2025-05-07 11:24:00,390.0,390.0,56.0
2025-05-07 11:25:00,390.0,390.0,56.0
2025-05-07 11:26:00,390.0,390.0,56.0
2025-05-07 11:27:00,390.0,390.0,61.0
2025-05-07 11:28:00,390.0,390.0,61.0
2025-05-07 11:29:00,390.0,390.0,61.0
2025-05-07 11:30:00,390.0,390.0,61.0
2025-05-07 12:30:00,390.0,390.0,61.0
2025-05-07 12:31:00,390.0,390.0,61.0
2025-05-07 12:32:00,390.0,390.0,62.0
2025-05-07 12:33:00,390.0,390.0,62.0
2025-05-07 12:34:00,390.0,390.0,62.0
2025-05-07 12:35:00,390.0,390.0,62.0
2025-05-07 12:36:00,390.0,390.0,63.0
2025-05-07 12:37:00,390.0,390.0,63.0
2025-05-07 12:38:00,390.0,390.0,63.0
2025-05-07 12:39:00,390.0,390.0,63.0
2025-05-07 12:40:00,390.0,390.0,63.0
2025-05-07 12:41:00,390.0,390.0,63.0
2025-05-07 12:42:00,390.0,390.0,63.0
2025-05-07 12:43:00,390.0,390.0,63.0
2025-05-07 12:44:00,390.0,390.0,63.0
2025-05-07 12:45:00,390.0,390.0,63.0
2025-05-07 12:46:00,390.0,390.0,63.0
2025-05-07 12:47:00,390.0,390.0,63.0
2025-05-07 12:48:00,390.0,390.0,63.0
2025-05-07 12:49:00,390.0,390.0,63.0
2025-05-07 12:50:00,390.0,390.0,63.0
2025-05-07 12:51:00,390.0,390.0,63.0
2025-05-07 12:52:00,390.0,390.0,63.0
2025-05-07 12:53:00,390.0,390.0,63.0
2025-05-07 12:54:00,390.0,390.0,63.0
2025-05-07 12:55:00,390.0,390.0,63.0
2025-05-07 12:56:00,390.0,390.0,63.0
2025-05-07 12:57:00,390.0,390.0,63.0
2025-05-07 12:58:00,390.0,390.0,63.0
2025-05-07 12:59:00,390.0,390.0,63.0
2025-05-07 13:00:00,390.0,390.0,63.0
2025-05-07 13:01:00,390.0,390.0,63.0
2025-05-07 13:02:00,390.0,390.0,63.0
2025-05-07 13:03:00,390.0,390.0,63.0
2025-05-07 13:04:00,390.0,390.0,63.0
2025-05-07 13:05:00,390.0,390.0,63.0
2025-05-07 13:06:00,390.0,390.0,63.0
2025-05-07 13:07:00,390.0,390.0,63.0
2025-05-07 13:08:00,390.0,390.0,63.0
2025-05-07 13:09:00,390.0,390.0,63.0
2025-05-07 13:10:00,390.0,390.0,63.0
2025-05-07 13:11:00,390.0,390.0,63.0
2025-05-07 13:12:00,390.0,390.0,63.0
2025-05-07 13:13:00,390.0,390.0,63.0
2025-05-07 13:14:00,390.0,390.0,63.0
2025-05-07 13:15:00,390.0,390.0,63.0
2025-05-07 13:16:00,390.0,390.0,63.0
2025-05-07 13:17:00,390.0,390.0,63.0
2025-05-07 13:18:00,390.0,390.0,63.0
2025-05-07 13:19:00,390.0,390.0,63.0
2025-05-07 13:20:00,390.0,390.0,63.0
2025-05-07 13:21:00,390.0,390.0,63.0
2025-05-07 13:22:00,390.0,390.0,63.0
2025-05-07 13:23:00,390.0,390.0,64.0
2025-05-07 13:24:00,390.0,390.0,64.0
2025-05-07 13:25:00,390.0,390.0,64.0
2025-05-07 13:26:00,390.0,390.0,64.0
2025-05-07 13:27:00,390.0,390.0,64.0
2025-05-07 13:28:00,390.0,390.0,64.0
2025-05-07 13:29:00,390.0,390.0,64.0
2025-05-07 13:30:00,390.0,390.0,64.0
2025-05-07 13:31:00,390.0,390.0,64.0
2025-05-07 13:32:00,390.0,390.0,64.0
2025-05-07 13:33:00,390.0,390.0,64.0
2025-05-07 13:34:00,390.0,390.0,64.0
2025-05-07 13:35:00,390.0,390.0,64.0
2025-05-07 13:36:00,390.0,390.0,64.0
2025-05-07 13:37:00,390.0,390.0,64.0
2025-05-07 13:38:00,390.0,390.0,64.0
2025-05-07 13:39:00,390.0,390.0,64.0
2025-05-07 13:40:00,390.0,390.0,64.0
2025-05-07 13:41:00,390.0,390.0,64.0
2025-05-07 13:42:00,390.0,390.0,64.0
2025-05-07 13:43:00,390.0,390.0,64.0
2025-05-07 13:44:00,390.0,390.0,64.0
2025-05-07 13:45:00,390.0,390.0,64.0
2025-05-07 13:46:00,390.0,390.0,64.0
2025-05-07 13:47:00,390.0,390.0,66.0
2025-05-07 13:48:00,390.0,390.0,66.0
2025-05-07 13:49:00,390.0,390.0,67.0
2025-05-07 13:50:00,390.0,390.0,67.0
2025-05-07 13:51:00,390.0,390.0,67.0
2025-05-07 13:52:00,390.0,390.0,67.0
2025-05-07 13:53:00,390.0,390.0,67.0
2025-05-07 13:54:00,390.0,390.0,67.0
2025-05-07 13:55:00,390.0,390.0,67.0
2025-05-07 13:56:00,390.0,390.0,67.0
2025-05-07 13:57:00,390.0,390.0,67.0
2025-05-07 13:58:00,390.0,390.0,67.0
2025-05-07 13:59:00,390.0,390.0,67.0
2025-05-07 14:00:00,390.0,390.0,67.0
2025-05-07 14:01:00,390.0,390.0,67.0
2025-05-07 14:02:00,390.0,390.0,67.0
2025-05-07 14:03:00,390.0,390.0,67.0
2025-05-07 14:04:00,390.0,390.0,67.0
2025-05-07 14:05:00,390.0,390.0,67.0
2025-05-07 14:06:00,390.0,390.0,67.0
2025-05-07 14:07:00,390.0,390.0,67.0
2025-05-07 14:08:00,390.0,390.0,67.0
2025-05-07 14:09:00,390.0,390.0,67.0
2025-05-07 14:10:00,390.0,390.0,67.0
2025-05-07 14:11:00,390.0,390.0,67.0
2025-05-07 14:12:00,390.0,390.0,67.0
2025-05-07 14:13:00,390.0,390.0,67.0
2025-05-07 14:14:00,390.0,390.0,67.0
2025-05-07 14:15:00,390.0,390.0,67.0
2025-05-07 14:16:00,390.0,390.0,67.0
2025-05-07 14:17:00,390.0,390.0,67.0
2025-05-07 14:18:00,390.0,390.0,67.0
2025-05-07 14:19:00,390.0,390.0,67.0
2025-05-07 14:20:00,390.0,390.0,67.0
2025-05-07 14:21:00,390.0,390.0,67.0
2025-05-07 14:22:00,390.0,390.0,67.0
2025-05-07 14:23:00,390.0,390.0,67.0
2025-05-07 14:24:00,390.0,390.0,67.0
2025-05-07 14:25:00,390.0,390.0,67.0
2025-05-07 14:26:00,389.0,390.0,73.0
2025-05-07 14:27:00,389.0,390.0,73.0
2025-05-07 14:28:00,389.0,390.0,73.0
2025-05-07 14:29:00,389.0,390.0,73.0
2025-05-07 14:30:00,389.0,390.0,73.0
2025-05-07 14:31:00,389.0,390.0,73.0
2025-05-07 14:32:00,389.0,390.0,73.0
2025-05-07 14:33:00,389.0,390.0,73.0
2025-05-07 14:34:00,389.0,390.0,73.0
2025-05-07 14:35:00,389.0,390.0,73.0
2025-05-07 14:36:00,389.0,390.0,73.0
2025-05-07 14:37:00,389.0,390.0,73.0
2025-05-07 14:38:00,389.0,390.0,73.0
2025-05-07 14:39:00,389.0,390.0,73.0
2025-05-07 14:40:00,389.0,390.0,73.0
2025-05-07 14:41:00,389.0,390.0,73.0
2025-05-07 14:42:00,389.0,390.0,74.0
2025-05-07 14:43:00,389.0,390.0,74.0
2025-05-07 14:44:00,389.0,390.0,74.0
2025-05-07 14:45:00,389.0,390.0,74.0
2025-05-07 14:46:00,389.0,390.0,74.0
2025-05-07 14:47:00,389.0,390.0,74.0
2025-05-07 14:48:00,389.0,390.0,74.0
2025-05-07 14:49:00,389.0,390.0,74.0
2025-05-07 14:50:00,389.0,390.0,74.0
2025-05-07 14:51:00,389.0,390.0,74.0
2025-05-07 14:52:00,389.0,390.0,74.0
2025-05-07 14:53:00,389.0,390.0,74.0
2025-05-07 14:54:00,389.0,390.0,74.0
2025-05-07 14:55:00,389.0,390.0,74.0
2025-05-07 14:56:00,389.0,390.0,74.0
2025-05-07 14:57:00,389.0,390.0,74.0
2025-05-07 14:58:00,389.0,390.0,74.0
2025-05-07 14:59:00,389.0,390.0,74.0
2025-05-07 15:00:00,389.0,390.0,74.0
2025-05-07 15:01:00,389.0,390.0,74.0
2025-05-07 15:02:00,389.0,390.0,74.0
2025-05-07 15:03:00,389.0,390.0,74.0
2025-05-07 15:04:00,389.0,390.0,74.0
2025-05-07 15:05:00,389.0,390.0,74.0
2025-05-07 15:06:00,389.0,390.0,74.0
2025-05-07 15:07:00,389.0,390.0,74.0
2025-05-07 15:08:00,388.0,390.0,75.0
2025-05-07 15:09:00,388.0,390.0,75.0
2025-05-07 15:10:00,388.0,390.0,75.0
2025-05-07 15:11:00,388.0,390.0,75.0
2025-05-07 15:12:00,388.0,390.0,75.0
2025-05-07 15:13:00,388.0,390.0,75.0
2025-05-07 15:14:00,388.0,390.0,75.0
2025-05-07 15:15:00,388.0,390.0,75.0
2025-05-07 15:16:00,388.0,390.0,75.0
2025-05-07 15:17:00,388.0,390.0,75.0
2025-05-07 15:18:00,388.0,390.0,75.0
2025-05-07 15:19:00,388.0,390.0,75.0
2025-05-07 15:20:00,388.0,390.0,75.0
2025-05-07 15:21:00,388.0,390.0,75.0
2025-05-07 15:22:00,388.0,390.0,75.0
2025-05-07 15:23:00,388.0,390.0,75.0
2025-05-07 15:24:00,388.0,390.0,77.0
2025-05-07 15:25:00,388.0,390.0,78.0
2025-05-07 15:26:00,388.0,390.0,78.0
2025-05-07 15:27:00,388.0,390.0,78.0
2025-05-07 15:28:00,388.0,390.0,78.0
2025-05-07 15:29:00,388.0,390.0,78.0
2025-05-07 15:30:00,387.0,390.0,81.0
2025-05-08 09:00:00,388.0,388.0,1.0
2025-05-08 09:01:00,388.0,388.0,1.0
2025-05-08 09:02:00,388.0,388.0,2.0
2025-05-08 09:03:00,388.0,388.0,2.0
2025-05-08 09:04:00,388.0,388.0,2.0
2025-05-08 09:05:00,388.0,388.0,2.0
2025-05-08 09:06:00,388.0,388.0,2.0
2025-05-08 09:07:00,388.0,388.0,2.0
2025-05-08 09:08:00,388.0,388.0,2.0
2025-05-08 09:09:00,388.0,388.0,2.0
2025-05-08 09:10:00,388.0,388.0,2.0
2025-05-08 09:11:00,388.0,388.0,2.0
2025-05-08 09:12:00,388.0,388.0,2.0
2025-05-08 09:13:00,388.0,388.0,2.0
2025-05-08 09:14:00,388.0,388.0,2.0
2025-05-08 09:15:00,388.0,388.0,2.0
2025-05-08 09:16:00,383.0,388.0,12.0
2025-05-08 09:17:00,383.0,388.0,12.0
2025-05-08 09:18:00,383.0,388.0,12.0
2025-05-08 09:19:00,383.0,388.0,12.0
2025-05-08 09:20:00,383.0,388.0,12.0
2025-05-08 09:21:00,383.0,388.0,12.0
2025-05-08 09:22:00,383.0,388.0,12.0
2025-05-08 09:23:00,383.0,388.0,12.0
2025-05-08 09:24:00,384.0,388.0,18.0
2025-05-08 09:25:00,384.0,388.0,18.0
2025-05-08 09:26:00,384.0,388.0,18.0
2025-05-08 09:27:00,384.0,388.0,18.0
2025-05-08 09:28:00,384.0,388.0,18.0
2025-05-08 09:29:00,384.0,388.0,18.0
2025-05-08 09:30:00,384.0,388.0,18.0
2025-05-08 09:31:00,384.0,388.0,18.0
2025-05-08 09:32:00,384.0,388.0,18.0
2025-05-08 09:33:00,384.0,388.0,18.0
2025-05-08 09:34:00,384.0,388.0,18.0
2025-05-08 09:35:00,384.0,388.0,18.0
2025-05-08 09:36:00,384.0,388.0,18.0
2025-05-08 09:37:00,384.0,388.0,18.0
2025-05-08 09:38:00,384.0,388.0,18.0
2025-05-08 09:39:00,384.0,388.0,18.0
2025-05-08 09:40:00,384.0,388.0,18.0
2025-05-08 09:41:00,384.0,388.0,19.0
2025-05-08 09:42:00,384.0,388.0,19.0
2025-05-08 09:43:00,384.0,388.0,19.0
2025-05-08 09:44:00,384.0,388.0,19.0
2025-05-08 09:45:00,384.0,388.0,19.0
2025-05-08 09:46:00,384.0,388.0,19.0
2025-05-08 09:47:00,384.0,388.0,19.0
2025-05-08 09:48:00,384.0,388.0,19.0
2025-05-08 09:49:00,384.0,388.0,19.0
2025-05-08 09:50:00,384.0,388.0,19.0
2025-05-08 09:51:00,384.0,388.0,19.0
2025-05-08 09:52:00,381.0,388.0,39.0
2025-05-08 09:53:00,381.0,388.0,39.0
2025-05-08 09:54:00,381.0,388.0,39.0
2025-05-08 09:55:00,381.0,388.0,39.0
2025-05-08 09:56:00,381.0,388.0,39.0
2025-05-08 09:57:00,382.0,388.0,40.0
2025-05-08 09:58:00,382.0,388.0,42.0
2025-05-08 09:59:00,382.0,388.0,43.0
2025-05-08 10:00:00,382.0,388.0,43.0
2025-05-08 10:01:00,382.0,388.0,43.0
2025-05-08 10:02:00,382.0,388.0,43.0
2025-05-08 10:03:00,382.0,388.0,43.0
2025-05-08 10:04:00,382.0,388.0,43.0
2025-05-08 10:05:00,382.0,388.0,43.0
2025-05-08 10:06:00,382.0,388.0,43.0
2025-05-08 10:07:00,382.0,388.0,43.0
2025-05-08 10:08:00,382.0,388.0,43.0
2025-05-08 10:09:00,382.0,388.0,43.0
2025-05-08 10:10:00,382.0,388.0,43.0
2025-05-08 10:11:00,382.0,388.0,43.0
2025-05-08 10:12:00,382.0,388.0,43.0
2025-05-08 10:13:00,382.0,388.0,43.0
2025-05-08 10:14:00,382.0,388.0,43.0
2025-05-08 10:15:00,382.0,388.0,43.0
2025-05-08 10:16:00,382.0,388.0,43.0
2025-05-08 10:17:00,382.0,388.0,43.0
2025-05-08 10:18:00,382.0,388.0,43.0
2025-05-08 10:19:00,382.0,388.0,43.0
2025-05-08 10:20:00,382.0,388.0,43.0
2025-05-08 10:21:00,382.0,388.0,43.0
2025-05-08 10:22:00,382.0,388.0,43.0
2025-05-08 10:23:00,382.0,388.0,43.0
2025-05-08 10:24:00,382.0,388.0,43.0
2025-05-08 10:25:00,382.0,388.0,43.0
2025-05-08 10:26:00,382.0,388.0,43.0
2025-05-08 10:27:00,382.0,388.0,43.0
2025-05-08 10:28:00,382.0,388.0,43.0
2025-05-08 10:29:00,382.0,388.0,43.0
2025-05-08 10:30:00,382.0,388.0,43.0
2025-05-08 10:31:00,382.0,388.0,43.0
2025-05-08 10:32:00,382.0,388.0,43.0
2025-05-08 10:33:00,382.0,388.0,43.0
2025-05-08 10:34:00,382.0,388.0,43.0
2025-05-08 10:35:00,375.0,388.0,153.0
2025-05-08 10:36:00,378.0,388.0,200.0
2025-05-08 10:37:00,378.0,388.0,200.0
2025-05-08 10:38:00,378.0,388.0,200.0
2025-05-08 10:39:00,378.0,388.0,200.0
2025-05-08 10:40:00,378.0,388.0,200.0
2025-05-08 10:41:00,378.0,388.0,200.0
2025-05-08 10:42:00,377.0,388.0,201.0
2025-05-08 10:43:00,377.0,388.0,201.0
2025-05-08 10:44:00,377.0,388.0,201.0
2025-05-08 10:45:00,377.0,388.0,201.0
2025-05-08 10:46:00,379.0,388.0,205.0
2025-05-08 10:47:00,379.0,388.0,205.0
2025-05-08 10:48:00,379.0,388.0,205.0
2025-05-08 10:49:00,379.0,388.0,205.0
2025-05-08 10:50:00,379.0,388.0,205.0
2025-05-08 10:51:00,379.0,388.0,205.0
2025-05-08 10:52:00,379.0,388.0,205.0
2025-05-08 10:53:00,379.0,388.0,205.0
2025-05-08 10:54:00,379.0,388.0,205.0
2025-05-08 10:55:00,379.0,388.0,205.0
2025-05-08 10:56:00,379.0,388.0,205.0
2025-05-08 10:57:00,379.0,388.0,205.0
2025-05-08 10:58:00,379.0,388.0,205.0
2025-05-08 10:59:00,379.0,388.0,205.0
2025-05-08 11:00:00,379.0,388.0,205.0
2025-05-08 11:01:00,379.0,388.0,205.0
2025-05-08 11:02:00,379.0,388.0,205.0
2025-05-08 11:03:00,379.0,388.0,205.0
2025-05-08 11:04:00,379.0,388.0,205.0
2025-05-08 11:05:00,379.0,388.0,205.0
2025-05-08 11:06:00,379.0,388.0,205.0
2025-05-08 11:07:00,379.0,388.0,205.0
2025-05-08 11:08:00,379.0,388.0,205.0
2025-05-08 11:09:00,379.0,388.0,205.0
2025-05-08 11:10:00,379.0,388.0,205.0
2025-05-08 11:11:00,379.0,388.0,205.0
2025-05-08 11:12:00,379.0,388.0,205.0
2025-05-08 11:13:00,379.0,388.0,205.0
2025-05-08 11:14:00,379.0,388.0,205.0
2025-05-08 11:15:00,379.0,388.0,205.0
2025-05-08 11:16:00,379.0,388.0,205.0
2025-05-08 11:17:00,379.0,388.0,205.0
2025-05-08 11:18:00,379.0,388.0,205.0
2025-05-08 11:19:00,379.0,388.0,205.0
2025-05-08 11:20:00,379.0,388.0,205.0
2025-05-08 11:21:00,379.0,388.0,205.0
2025-05-08 11:22:00,379.0,388.0,205.0
2025-05-08 11:23:00,378.0,388.0,206.0
2025-05-08 11:24:00,378.0,388.0,206.0
2025-05-08 11:25:00,378.0,388.0,206.0
2025-05-08 11:26:00,378.0,388.0,206.0
2025-05-08 11:27:00,378.0,388.0,206.0
2025-05-08 11:28:00,378.0,388.0,206.0
2025-05-08 11:29:00,378.0,388.0,206.0
2025-05-08 11:30:00,378.0,388.0,206.0
2025-05-08 12:30:00,378.0,388.0,206.0
2025-05-08 12:31:00,378.0,388.0,206.0
2025-05-08 12:32:00,381.0,388.0,208.0
2025-05-08 12:33:00,381.0,388.0,208.0
2025-05-08 12:34:00,381.0,388.0,208.0
2025-05-08 12:35:00,381.0,388.0,208.0
2025-05-08 12:36:00,382.0,388.0,210.0
2025-05-08 12:37:00,382.0,388.0,210.0
2025-05-08 12:38:00,382.0,388.0,210.0
2025-05-08 12:39:00,382.0,388.0,210.0
2025-05-08 12:40:00,382.0,388.0,210.0
2025-05-08 12:41:00,382.0,388.0,210.0
2025-05-08 12:42:00,382.0,388.0,210.0
2025-05-08 12:43:00,382.0,388.0,210.0
2025-05-08 12:44:00,382.0,388.0,210.0
2025-05-08 12:45:00,382.0,388.0,210.0
2025-05-08 12:46:00,382.0,388.0,210.0
2025-05-08 12:47:00,382.0,388.0,210.0
2025-05-08 12:48:00,382.0,388.0,210.0
2025-05-08 12:49:00,382.0,388.0,210.0
2025-05-08 12:50:00,382.0,388.0,210.0
2025-05-08 12:51:00,382.0,388.0,210.0
2025-05-08 12:52:00,382.0,388.0,210.0
2025-05-08 12:53:00,382.0,388.0,210.0
2025-05-08 12:54:00,382.0,388.0,210.0
2025-05-08 12:55:00,382.0,388.0,210.0
2025-05-08 12:56:00,382.0,388.0,210.0
2025-05-08 12:57:00,382.0,388.0,210.0
2025-05-08 12:58:00,382.0,388.0,210.0
2025-05-08 12:59:00,382.0,388.0,210.0
2025-05-08 13:00:00,382.0,388.0,210.0
2025-05-08 13:01:00,382.0,388.0,210.0
2025-05-08 13:02:00,382.0,388.0,210.0
2025-05-08 13:03:00,382.0,388.0,210.0
2025-05-08 13:04:00,382.0,388.0,210.0
2025-05-08 13:05:00,382.0,388.0,210.0
2025-05-08 13:06:00,382.0,388.0,210.0
2025-05-08 13:07:00,382.0,388.0,210.0
2025-05-08 13:08:00,382.0,388.0,210.0
2025-05-08 13:09:00,380.0,388.0,213.0
2025-05-08 13:10:00,380.0,388.0,213.0
2025-05-08 13:11:00,380.0,388.0,213.0
2025-05-08 13:12:00,380.0,388.0,213.0
2025-05-08 13:13:00,381.0,388.0,214.0
2025-05-08 13:14:00,381.0,388.0,214.0
2025-05-08 13:15:00,381.0,388.0,214.0
2025-05-08 13:16:00,381.0,388.0,214.0
2025-05-08 13:17:00,381.0,388.0,214.0
2025-05-08 13:18:00,381.0,388.0,214.0
2025-05-08 13:19:00,381.0,388.0,214.0
2025-05-08 13:20:00,381.0,388.0,214.0
2025-05-08 13:21:00,381.0,388.0,214.0
2025-05-08 13:22:00,381.0,388.0,214.0
2025-05-08 13:23:00,381.0,388.0,215.0
2025-05-08 13:24:00,381.0,388.0,215.0
2025-05-08 13:25:00,381.0,388.0,215.0
2025-05-08 13:26:00,381.0,388.0,216.0
2025-05-08 13:27:00,381.0,388.0,216.0
2025-05-08 13:28:00,381.0,388.0,216.0
2025-05-08 13:29:00,381.0,388.0,216.0
2025-05-08 13:30:00,381.0,388.0,216.0
2025-05-08 13:31:00,381.0,388.0,216.0
2025-05-08 13:32:00,381.0,388.0,216.0
2025-05-08 13:33:00,381.0,388.0,216.0
2025-05-08 13:34:00,381.0,388.0,216.0
2025-05-08 13:35:00,381.0,388.0,216.0
2025-05-08 13:36:00,381.0,388.0,216.0
2025-05-08 13:37:00,381.0,388.0,216.0
2025-05-08 13:38:00,381.0,388.0,216.0
2025-05-08 13:39:00,381.0,388.0,216.0
2025-05-08 13:40:00,381.0,388.0,216.0
2025-05-08 13:41:00,381.0,388.0,216.0
2025-05-08 13:42:00,381.0,388.0,216.0
2025-05-08 13:43:00,381.0,388.0,216.0
2025-05-08 13:44:00,381.0,388.0,216.0
2025-05-08 13:45:00,381.0,388.0,216.0
2025-05-08 13:46:00,381.0,388.0,216.0
2025-05-08 13:47:00,381.0,388.0,216.0
2025-05-08 13:48:00,381.0,388.0,216.0
2025-05-08 13:49:00,381.0,388.0,216.0
2025-05-08 13:50:00,381.0,388.0,216.0
2025-05-08 13:51:00,381.0,388.0,216.0
2025-05-08 13:52:00,381.0,388.0,216.0
2025-05-08 13:53:00,381.0,388.0,216.0
2025-05-08 13:54:00,381.0,388.0,216.0
2025-05-08 13:55:00,381.0,388.0,216.0
2025-05-08 13:56:00,381.0,388.0,216.0
2025-05-08 13:57:00,381.0,388.0,216.0
2025-05-08 13:58:00,381.0,388.0,216.0
2025-05-08 13:59:00,381.0,388.0,216.0
2025-05-08 14:00:00,381.0,388.0,221.0
2025-05-08 14:01:00,381.0,388.0,221.0
2025-05-08 14:02:00,381.0,388.0,221.0
2025-05-08 14:03:00,381.0,388.0,221.0
2025-05-08 14:04:00,381.0,388.0,221.0
2025-05-08 14:05:00,381.0,388.0,221.0
2025-05-08 14:06:00,381.0,388.0,221.0
2025-05-08 14:07:00,381.0,388.0,221.0
2025-05-08 14:08:00,381.0,388.0,221.0
2025-05-08 14:09:00,381.0,388.0,221.0
2025-05-08 14:10:00,381.0,388.0,221.0
2025-05-08 14:11:00,381.0,388.0,221.0
2025-05-08 14:12:00,381.0,388.0,221.0
2025-05-08 14:13:00,381.0,388.0,221.0
2025-05-08 14:14:00,381.0,388.0,221.0
2025-05-08 14:15:00,381.0,388.0,221.0
2025-05-08 14:16:00,381.0,388.0,221.0
2025-05-08 14:17:00,381.0,388.0,221.0
2025-05-08 14:18:00,381.0,388.0,221.0
2025-05-08 14:19:00,380.0,388.0,226.0
2025-05-08 14:20:00,380.0,388.0,226.0
2025-05-08 14:21:00,380.0,388.0,226.0
2025-05-08 14:22:00,380.0,388.0,226.0
2025-05-08 14:23:00,380.0,388.0,226.0
2025-05-08 14:24:00,380.0,388.0,226.0
2025-05-08 14:25:00,380.0,388.0,226.0
2025-05-08 14:26:00,380.0,388.0,226.0
2025-05-08 14:27:00,380.0,388.0,226.0
2025-05-08 14:28:00,380.0,388.0,226.0
2025-05-08 14:29:00,380.0,388.0,226.0
2025-05-08 14:30:00,380.0,388.0,226.0
2025-05-08 14:31:00,380.0,388.0,226.0
2025-05-08 14:32:00,380.0,388.0,226.0
2025-05-08 14:33:00,379.0,388.0,228.0
2025-05-08 14:34:00,379.0,388.0,229.0
2025-05-08 14:35:00,379.0,388.0,229.0
2025-05-08 14:36:00,379.0,388.0,229.0
2025-05-08 14:37:00,379.0,388.0,229.0
2025-05-08 14:38:00,379.0,388.0,229.0
2025-05-08 14:39:00,379.0,388.0,229.0
2025-05-08 14:40:00,379.0,388.0,229.0
2025-05-08 14:41:00,379.0,388.0,229.0
2025-05-08 14:42:00,379.0,388.0,230.0
2025-05-08 14:43:00,379.0,388.0,230.0
2025-05-08 14:44:00,379.0,388.0,230.0
2025-05-08 14:45:00,379.0,388.0,230.0
2025-05-08 14:46:00,379.0,388.0,230.0
2025-05-08 14:47:00,379.0,388.0,230.0
2025-05-08 14:48:00,379.0,388.0,230.0
2025-05-08 14:49:00,379.0,388.0,230.0
2025-05-08 14:50:00,379.0,388.0,230.0
2025-05-08 14:51:00,379.0,388.0,230.0
2025-05-08 14:52:00,379.0,388.0,230.0
2025-05-08 14:53:00,379.0,388.0,230.0
2025-05-08 14:54:00,379.0,388.0,230.0
2025-05-08 14:55:00,379.0,388.0,230.0
2025-05-08 14:56:00,379.0,388.0,230.0
2025-05-08 14:57:00,379.0,388.0,230.0
2025-05-08 14:58:00,379.0,388.0,230.0
2025-05-08 14:59:00,379.0,388.0,230.0
2025-05-08 15:00:00,379.0,388.0,230.0
2025-05-08 15:01:00,378.0,388.0,232.0
2025-05-08 15:02:00,378.0,388.0,232.0
2025-05-08 15:03:00,379.0,388.0,240.0
2025-05-08 15:04:00,379.0,388.0,240.0
2025-05-08 15:05:00,379.0,388.0,240.0
2025-05-08 15:06:00,379.0,388.0,240.0
2025-05-08 15:07:00,379.0,388.0,240.0
2025-05-08 15:08:00,379.0,388.0,240.0
2025-05-08 15:09:00,379.0,388.0,240.0
2025-05-08 15:10:00,379.0,388.0,240.0
2025-05-08 15:11:00,379.0,388.0,240.0
2025-05-08 15:12:00,379.0,388.0,240.0
2025-05-08 15:13:00,379.0,388.0,240.0
2025-05-08 15:14:00,379.0,388.0,240.0
2025-05-08 15:15:00,379.0,388.0,240.0
2025-05-08 15:16:00,378.0,388.0,241.0
2025-05-08 15:17:00,378.0,388.0,241.0
2025-05-08 15:18:00,378.0,388.0,241.0
2025-05-08 15:19:00,378.0,388.0,241.0
2025-05-08 15:20:00,378.0,388.0,241.0
2025-05-08 15:21:00,378.0,388.0,241.0
2025-05-08 15:22:00,378.0,388.0,241.0
2025-05-08 15:23:00,378.0,388.0,244.0
2025-05-08 15:24:00,378.0,388.0,245.0
2025-05-08 15:25:00,378.0,388.0,245.0
2025-05-08 15:26:00,378.0,388.0,245.0
2025-05-08 15:27:00,378.0,388.0,245.0
2025-05-08 15:28:00,378.0,388.0,245.0
2025-05-08 15:29:00,378.0,388.0,245.0
2025-05-08 15:30:00,378.0,388.0,248.0
2025-05-09 09:00:00,378.0,378.0,3.0
2025-05-09 09:01:00,378.0,378.0,3.0
2025-05-09 09:02:00,379.0,378.0,5.0
2025-05-09 09:03:00,379.0,378.0,5.0
2025-05-09 09:04:00,379.0,378.0,6.0
2025-05-09 09:05:00,379.0,378.0,6.0
2025-05-09 09:06:00,379.0,378.0,6.0
2025-05-09 09:07:00,379.0,378.0,6.0
2025-05-09 09:08:00,379.0,378.0,6.0
2025-05-09 09:09:00,378.0,378.0,9.0
2025-05-09 09:10:00,378.0,378.0,9.0
2025-05-09 09:11:00,378.0,378.0,9.0
2025-05-09 09:12:00,378.0,378.0,9.0
2025-05-09 09:13:00,378.0,378.0,9.0
2025-05-09 09:14:00,378.0,378.0,9.0
2025-05-09 09:15:00,378.0,378.0,9.0
2025-05-09 09:16:00,378.0,378.0,9.0
2025-05-09 09:17:00,380.0,378.0,12.0
2025-05-09 09:18:00,380.0,378.0,12.0
2025-05-09 09:19:00,380.0,378.0,12.0
2025-05-09 09:20:00,380.0,378.0,12.0
2025-05-09 09:21:00,381.0,378.0,14.0
2025-05-09 09:22:00,381.0,378.0,14.0
2025-05-09 09:23:00,381.0,378.0,14.0
2025-05-09 09:24:00,381.0,378.0,14.0
2025-05-09 09:25:00,381.0,378.0,14.0
2025-05-09 09:26:00,381.0,378.0,14.0
2025-05-09 09:27:00,381.0,378.0,14.0
2025-05-09 09:28:00,381.0,378.0,14.0
2025-05-09 09:29:00,381.0,378.0,14.0
2025-05-09 09:30:00,381.0,378.0,14.0
2025-05-09 09:31:00,381.0,378.0,14.0
2025-05-09 09:32:00,381.0,378.0,14.0
2025-05-09 09:33:00,381.0,378.0,14.0
2025-05-09 09:34:00,381.0,378.0,14.0
2025-05-09 09:35:00,381.0,378.0,14.0
2025-05-09 09:36:00,381.0,378.0,14.0
2025-05-09 09:37:00,381.0,378.0,14.0
2025-05-09 09:38:00,381.0,378.0,14.0
2025-05-09 09:39:00,381.0,378.0,14.0
2025-05-09 09:40:00,381.0,378.0,14.0
2025-05-09 09:41:00,381.0,378.0,14.0
2025-05-09 09:42:00,381.0,378.0,14.0
2025-05-09 09:43:00,381.0,378.0,16.0
2025-05-09 09:44:00,381.0,378.0,16.0
2025-05-09 09:45:00,380.0,378.0,17.0
2025-05-09 09:46:00,380.0,378.0,17.0
2025-05-09 09:47:00,380.0,378.0,17.0
2025-05-09 09:48:00,380.0,378.0,17.0
2025-05-09 09:49:00,380.0,378.0,17.0
2025-05-09 09:50:00,380.0,378.0,18.0
2025-05-09 09:51:00,380.0,378.0,18.0
2025-05-09 09:52:00,380.0,378.0,18.0
2025-05-09 09:53:00,380.0,378.0,18.0
2025-05-09 09:54:00,380.0,378.0,18.0
2025-05-09 09:55:00,380.0,378.0,18.0
2025-05-09 09:56:00,380.0,378.0,18.0
2025-05-09 09:57:00,380.0,378.0,18.0
2025-05-09 09:58:00,380.0,378.0,18.0
2025-05-09 09:59:00,380.0,378.0,19.0
2025-05-09 10:00:00,380.0,378.0,19.0
2025-05-09 10:01:00,380.0,378.0,19.0
2025-05-09 10:02:00,381.0,378.0,20.0
2025-05-09 10:03:00,381.0,378.0,20.0
2025-05-09 10:04:00,381.0,378.0,20.0
2025-05-09 10:05:00,381.0,378.0,20.0
2025-05-09 10:06:00,381.0,378.0,20.0
2025-05-09 10:07:00,381.0,378.0,20.0
2025-05-09 10:08:00,381.0,378.0,20.0
2025-05-09 10:09:00,381.0,378.0,20.0
2025-05-09 10:10:00,381.0,378.0,20.0
2025-05-09 10:11:00,381.0,378.0,20.0
2025-05-09 10:12:00,381.0,378.0,20.0
2025-05-09 10:13:00,381.0,378.0,20.0
2025-05-09 10:14:00,381.0,378.0,20.0
2025-05-09 10:15:00,381.0,378.0,20.0
2025-05-09 10:16:00,381.0,378.0,20.0
2025-05-09 10:17:00,381.0,378.0,20.0
2025-05-09 10:18:00,381.0,378.0,20.0
2025-05-09 10:19:00,381.0,378.0,20.0
2025-05-09 10:20:00,381.0,378.0,20.0
2025-05-09 10:21:00,381.0,378.0,20.0
2025-05-09 10:22:00,381.0,378.0,20.0
2025-05-09 10:23:00,381.0,378.0,20.0
2025-05-09 10:24:00,381.0,378.0,20.0
2025-05-09 10:25:00,381.0,378.0,20.0
2025-05-09 10:26:00,381.0,378.0,20.0
2025-05-09 10:27:00,381.0,378.0,20.0
2025-05-09 10:28:00,381.0,378.0,20.0
2025-05-09 10:29:00,381.0,378.0,20.0
2025-05-09 10:30:00,381.0,378.0,20.0
2025-05-09 10:31:00,381.0,378.0,20.0
2025-05-09 10:32:00,380.0,378.0,21.0
2025-05-09 10:33:00,380.0,378.0,26.0
2025-05-09 10:34:00,380.0,378.0,26.0
2025-05-09 10:35:00,380.0,378.0,26.0
2025-05-09 10:36:00,380.0,378.0,26.0
2025-05-09 10:37:00,380.0,378.0,26.0
2025-05-09 10:38:00,380.0,378.0,26.0
2025-05-09 10:39:00,380.0,378.0,26.0
2025-05-09 10:40:00,380.0,378.0,26.0
2025-05-09 10:41:00,380.0,378.0,26.0
2025-05-09 10:42:00,380.0,378.0,26.0
2025-05-09 10:43:00,380.0,378.0,26.0
2025-05-09 10:44:00,380.0,378.0,26.0
2025-05-09 10:45:00,380.0,378.0,26.0
2025-05-09 10:46:00,380.0,378.0,26.0
2025-05-09 10:47:00,380.0,378.0,28.0
2025-05-09 10:48:00,379.0,378.0,29.0
2025-05-09 10:49:00,379.0,378.0,29.0
2025-05-09 10:50:00,379.0,378.0,29.0
2025-05-09 10:51:00,379.0,378.0,29.0
2025-05-09 10:52:00,379.0,378.0,29.0
2025-05-09 10:53:00,379.0,378.0,29.0
2025-05-09 10:54:00,379.0,378.0,29.0
2025-05-09 10:55:00,379.0,378.0,29.0
2025-05-09 10:56:00,380.0,378.0,30.0
2025-05-09 10:57:00,380.0,378.0,30.0
2025-05-09 10:58:00,380.0,378.0,30.0
2025-05-09 10:59:00,380.0,378.0,30.0
2025-05-09 11:00:00,380.0,378.0,30.0
2025-05-09 11:01:00,380.0,378.0,30.0
2025-05-09 11:02:00,380.0,378.0,30.0
2025-05-09 11:03:00,380.0,378.0,30.0
2025-05-09 11:04:00,380.0,378.0,30.0
2025-05-09 11:05:00,380.0,378.0,30.0
2025-05-09 11:06:00,380.0,378.0,30.0
2025-05-09 11:07:00,380.0,378.0,30.0
2025-05-09 11:08:00,380.0,378.0,30.0
2025-05-09 11:09:00,380.0,378.0,30.0
2025-05-09 11:10:00,380.0,378.0,30.0
2025-05-09 11:11:00,380.0,378.0,30.0
2025-05-09 11:12:00,380.0,378.0,30.0
2025-05-09 11:13:00,380.0,378.0,30.0
2025-05-09 11:14:00,380.0,378.0,30.0
2025-05-09 11:15:00,380.0,378.0,30.0
2025-05-09 11:16:00,380.0,378.0,30.0
2025-05-09 11:17:00,380.0,378.0,30.0
2025-05-09 11:18:00,380.0,378.0,31.0
2025-05-09 11:19:00,380.0,378.0,31.0
2025-05-09 11:20:00,380.0,378.0,31.0
2025-05-09 11:21:00,380.0,378.0,31.0
2025-05-09 11:22:00,380.0,378.0,31.0
2025-05-09 11:23:00,380.0,378.0,31.0
2025-05-09 11:24:00,380.0,378.0,31.0
2025-05-09 11:25:00,380.0,378.0,31.0
2025-05-09 11:26:00,380.0,378.0,31.0
2025-05-09 11:27:00,380.0,378.0,31.0
2025-05-09 11:28:00,380.0,378.0,31.0
2025-05-09 11:29:00,380.0,378.0,31.0
2025-05-09 11:30:00,380.0,378.0,31.0
2025-05-09 12:30:00,380.0,378.0,31.0
2025-05-09 12:31:00,380.0,378.0,31.0
2025-05-09 12:32:00,381.0,378.0,34.0
2025-05-09 12:33:00,381.0,378.0,34.0
2025-05-09 12:34:00,381.0,378.0,34.0
2025-05-09 12:35:00,381.0,378.0,34.0
2025-05-09 12:36:00,377.0,378.0,65.0
2025-05-09 12:37:00,377.0,378.0,65.0
2025-05-09 12:38:00,377.0,378.0,65.0
2025-05-09 12:39:00,377.0,378.0,65.0
2025-05-09 12:40:00,377.0,378.0,65.0
2025-05-09 12:41:00,377.0,378.0,65.0
2025-05-09 12:42:00,377.0,378.0,65.0
2025-05-09 12:43:00,377.0,378.0,65.0
2025-05-09 12:44:00,377.0,378.0,65.0
2025-05-09 12:45:00,377.0,378.0,65.0
2025-05-09 12:46:00,377.0,378.0,65.0
2025-05-09 12:47:00,377.0,378.0,65.0
2025-05-09 12:48:00,377.0,378.0,65.0
2025-05-09 12:49:00,377.0,378.0,65.0
2025-05-09 12:50:00,377.0,378.0,65.0
2025-05-09 12:51:00,377.0,378.0,65.0
2025-05-09 12:52:00,377.0,378.0,65.0
2025-05-09 12:53:00,377.0,378.0,65.0
2025-05-09 12:54:00,377.0,378.0,65.0
2025-05-09 12:55:00,377.0,378.0,65.0
2025-05-09 12:56:00,377.0,378.0,65.0
2025-05-09 12:57:00,377.0,378.0,65.0
2025-05-09 12:58:00,377.0,378.0,65.0
2025-05-09 12:59:00,377.0,378.0,65.0
2025-05-09 13:00:00,377.0,378.0,65.0
2025-05-09 13:01:00,377.0,378.0,65.0
2025-05-09 13:02:00,377.0,378.0,65.0
2025-05-09 13:03:00,377.0,378.0,65.0
2025-05-09 13:04:00,377.0,378.0,65.0
2025-05-09 13:05:00,377.0,378.0,65.0
2025-05-09 13:06:00,377.0,378.0,65.0
2025-05-09 13:07:00,377.0,378.0,65.0
2025-05-09 13:08:00,377.0,378.0,65.0
2025-05-09 13:09:00,377.0,378.0,65.0
2025-05-09 13:10:00,377.0,378.0,67.0
2025-05-09 13:11:00,377.0,378.0,67.0
2025-05-09 13:12:00,377.0,378.0,67.0
2025-05-09 13:13:00,377.0,378.0,67.0
2025-05-09 13:14:00,377.0,378.0,67.0
2025-05-09 13:15:00,377.0,378.0,67.0
2025-05-09 13:16:00,377.0,378.0,67.0
2025-05-09 13:17:00,377.0,378.0,67.0
2025-05-09 13:18:00,377.0,378.0,67.0
2025-05-09 13:19:00,377.0,378.0,67.0
2025-05-09 13:20:00,377.0,378.0,67.0
2025-05-09 13:21:00,377.0,378.0,67.0
2025-05-09 13:22:00,377.0,378.0,67.0
2025-05-09 13:23:00,377.0,378.0,67.0
2025-05-09 13:24:00,377.0,378.0,67.0
2025-05-09 13:25:00,377.0,378.0,67.0
2025-05-09 13:26:00,377.0,378.0,67.0
2025-05-09 13:27:00,377.0,378.0,67.0
2025-05-09 13:28:00,377.0,378.0,67.0
2025-05-09 13:29:00,377.0,378.0,67.0
2025-05-09 13:30:00,377.0,378.0,67.0
2025-05-09 13:31:00,377.0,378.0,67.0
2025-05-09 13:32:00,377.0,378.0,67.0
2025-05-09 13:33:00,377.0,378.0,67.0
2025-05-09 13:34:00,377.0,378.0,67.0
2025-05-09 13:35:00,377.0,378.0,67.0
2025-05-09 13:36:00,377.0,378.0,67.0
2025-05-09 13:37:00,377.0,378.0,67.0
2025-05-09 13:38:00,377.0,378.0,67.0
2025-05-09 13:39:00,377.0,378.0,67.0
2025-05-09 13:40:00,377.0,378.0,67.0
2025-05-09 13:41:00,377.0,378.0,67.0
2025-05-09 13:42:00,377.0,378.0,67.0
2025-05-09 13:43:00,377.0,378.0,67.0
2025-05-09 13:44:00,377.0,378.0,67.0
2025-05-09 13:45:00,377.0,378.0,67.0
2025-05-09 13:46:00,377.0,378.0,67.0
2025-05-09 13:47:00,377.0,378.0,67.0
2025-05-09 13:48:00,377.0,378.0,67.0
2025-05-09 13:49:00,377.0,378.0,67.0
2025-05-09 13:50:00,377.0,378.0,67.0
2025-05-09 13:51:00,377.0,378.0,67.0
2025-05-09 13:52:00,377.0,378.0,67.0
2025-05-09 13:53:00,377.0,378.0,67.0
2025-05-09 13:54:00,377.0,378.0,67.0
2025-05-09 13:55:00,377.0,378.0,67.0
2025-05-09 13:56:00,377.0,378.0,67.0
2025-05-09 13:57:00,376.0,378.0,68.0
2025-05-09 13:58:00,376.0,378.0,68.0
2025-05-09 13:59:00,376.0,378.0,68.0
2025-05-09 14:00:00,376.0,378.0,68.0
2025-05-09 14:01:00,376.0,378.0,68.0
2025-05-09 14:02:00,376.0,378.0,68.0
2025-05-09 14:03:00,376.0,378.0,70.0
2025-05-09 14:04:00,376.0,378.0,70.0
2025-05-09 14:05:00,376.0,378.0,71.0
2025-05-09 14:06:00,376.0,378.0,71.0
2025-05-09 14:07:00,376.0,378.0,71.0
2025-05-09 14:08:00,376.0,378.0,71.0
2025-05-09 14:09:00,376.0,378.0,71.0
2025-05-09 14:10:00,376.0,378.0,71.0
2025-05-09 14:11:00,376.0,378.0,71.0
2025-05-09 14:12:00,377.0,378.0,74.0
2025-05-09 14:13:00,377.0,378.0,74.0
2025-05-09 14:14:00,377.0,378.0,74.0
2025-05-09 14:15:00,377.0,378.0,74.0
2025-05-09 14:16:00,376.0,378.0,75.0
2025-05-09 14:17:00,376.0,378.0,75.0
2025-05-09 14:18:00,376.0,378.0,75.0
2025-05-09 14:19:00,376.0,378.0,75.0
2025-05-09 14:20:00,376.0,378.0,75.0
2025-05-09 14:21:00,376.0,378.0,75.0
2025-05-09 14:22:00,376.0,378.0,76.0
2025-05-09 14:23:00,376.0,378.0,76.0
2025-05-09 14:24:00,376.0,378.0,76.0
2025-05-09 14:25:00,376.0,378.0,76.0
2025-05-09 14:26:00,376.0,378.0,76.0
2025-05-09 14:27:00,376.0,378.0,76.0
2025-05-09 14:28:00,376.0,378.0,76.0
2025-05-09 14:29:00,376.0,378.0,76.0
2025-05-09 14:30:00,376.0,378.0,76.0
2025-05-09 14:31:00,376.0,378.0,76.0
2025-05-09 14:32:00,376.0,378.0,76.0
2025-05-09 14:33:00,376.0,378.0,76.0
2025-05-09 14:34:00,376.0,378.0,80.0
2025-05-09 14:35:00,376.0,378.0,80.0
2025-05-09 14:36:00,376.0,378.0,80.0
2025-05-09 14:37:00,376.0,378.0,80.0
2025-05-09 14:38:00,376.0,378.0,80.0
2025-05-09 14:39:00,376.0,378.0,80.0
2025-05-09 14:40:00,376.0,378.0,80.0
2025-05-09 14:41:00,376.0,378.0,80.0
2025-05-09 14:42:00,376.0,378.0,80.0
2025-05-09 14:43:00,376.0,378.0,82.0
2025-05-09 14:44:00,376.0,378.0,82.0
2025-05-09 14:45:00,376.0,378.0,82.0
2025-05-09 14:46:00,376.0,378.0,83.0
2025-05-09 14:47:00,376.0,378.0,83.0
2025-05-09 14:48:00,376.0,378.0,83.0
2025-05-09 14:49:00,376.0,378.0,84.0
2025-05-09 14:50:00,376.0,378.0,84.0
2025-05-09 14:51:00,376.0,378.0,84.0
2025-05-09 14:52:00,376.0,378.0,84.0
2025-05-09 14:53:00,376.0,378.0,84.0
2025-05-09 14:54:00,376.0,378.0,84.0
2025-05-09 14:55:00,376.0,378.0,84.0
2025-05-09 14:56:00,376.0,378.0,84.0
2025-05-09 14:57:00,376.0,378.0,84.0
2025-05-09 14:58:00,376.0,378.0,84.0
2025-05-09 14:59:00,376.0,378.0,84.0
2025-05-09 15:00:00,376.0,378.0,84.0
2025-05-09 15:01:00,376.0,378.0,84.0
2025-05-09 15:02:00,376.0,378.0,84.0
2025-05-09 15:03:00,376.0,378.0,85.0
2025-05-09 15:04:00,376.0,378.0,85.0
2025-05-09 15:05:00,376.0,378.0,85.0
2025-05-09 15:06:00,376.0,378.0,85.0
2025-05-09 15:07:00,376.0,378.0,85.0
2025-05-09 15:08:00,376.0,378.0,85.0
2025-05-09 15:09:00,376.0,378.0,85.0
2025-05-09 15:10:00,376.0,378.0,85.0
2025-05-09 15:11:00,376.0,378.0,85.0
2025-05-09 15:12:00,376.0,378.0,85.0
2025-05-09 15:13:00,376.0,378.0,85.0
2025-05-09 15:14:00,376.0,378.0,85.0
2025-05-09 15:15:00,376.0,378.0,85.0
2025-05-09 15:16:00,376.0,378.0,85.0
2025-05-09 15:17:00,376.0,378.0,85.0
2025-05-09 15:18:00,376.0,378.0,85.0
2025-05-09 15:19:00,376.0,378.0,85.0
2025-05-09 15:20:00,376.0,378.0,85.0
2025-05-09 15:21:00,376.0,378.0,85.0
2025-05-09 15:22:00,376.0,378.0,85.0
2025-05-09 15:23:00,376.0,378.0,86.0
2025-05-09 15:24:00,376.0,378.0,87.0
2025-05-09 15:25:00,376.0,378.0,87.0
2025-05-09 15:26:00,376.0,378.0,87.0
2025-05-09 15:27:00,376.0,378.0,87.0
2025-05-09 15:28:00,376.0,378.0,87.0
2025-05-09 15:29:00,376.0,378.0,87.0
2025-05-09 15:30:00,377.0,378.0,92.0
2025-05-12 09:00:00,380.0,380.0,2.0
2025-05-12 09:01:00,380.0,380.0,2.0
2025-05-12 09:02:00,380.0,380.0,2.0
2025-05-12 09:03:00,380.0,380.0,2.0
2025-05-12 09:04:00,380.0,380.0,2.0
2025-05-12 09:05:00,380.0,380.0,2.0
2025-05-12 09:06:00,380.0,380.0,2.0
2025-05-12 09:07:00,380.0,380.0,2.0
2025-05-12 09:08:00,380.0,380.0,2.0
2025-05-12 09:09:00,380.0,380.0,2.0
2025-05-12 09:10:00,380.0,380.0,2.0
2025-05-12 09:11:00,380.0,380.0,2.0
2025-05-12 09:12:00,380.0,380.0,2.0
2025-05-12 09:13:00,380.0,380.0,2.0
2025-05-12 09:14:00,380.0,380.0,2.0
2025-05-12 09:15:00,379.0,380.0,3.0
2025-05-12 09:16:00,379.0,380.0,3.0
2025-05-12 09:17:00,379.0,380.0,3.0
2025-05-12 09:18:00,379.0,380.0,3.0
2025-05-12 09:19:00,379.0,380.0,3.0
2025-05-12 09:20:00,379.0,380.0,3.0
2025-05-12 09:21:00,379.0,380.0,3.0
2025-05-12 09:22:00,379.0,380.0,3.0
2025-05-12 09:23:00,379.0,380.0,3.0
2025-05-12 09:24:00,379.0,380.0,3.0
2025-05-12 09:25:00,379.0,380.0,3.0
2025-05-12 09:26:00,379.0,380.0,3.0
2025-05-12 09:27:00,379.0,380.0,3.0
2025-05-12 09:28:00,379.0,380.0,3.0
2025-05-12 09:29:00,379.0,380.0,3.0
2025-05-12 09:30:00,379.0,380.0,3.0
2025-05-12 09:31:00,379.0,380.0,3.0
2025-05-12 09:32:00,379.0,380.0,3.0
2025-05-12 09:33:00,379.0,380.0,3.0
2025-05-12 09:34:00,379.0,380.0,3.0
2025-05-12 09:35:00,379.0,380.0,3.0
2025-05-12 09:36:00,379.0,380.0,3.0
2025-05-12 09:37:00,379.0,380.0,3.0
2025-05-12 09:38:00,379.0,380.0,3.0
2025-05-12 09:39:00,379.0,380.0,3.0
2025-05-12 09:40:00,379.0,380.0,3.0
2025-05-12 09:41:00,379.0,380.0,3.0
2025-05-12 09:42:00,379.0,380.0,3.0
2025-05-12 09:43:00,379.0,380.0,3.0
2025-05-12 09:44:00,379.0,380.0,3.0
2025-05-12 09:45:00,379.0,380.0,3.0
2025-05-12 09:46:00,379.0,380.0,3.0
2025-05-12 09:47:00,379.0,380.0,3.0
2025-05-12 09:48:00,379.0,380.0,3.0
2025-05-12 09:49:00,379.0,380.0,3.0
2025-05-12 09:50:00,379.0,380.0,3.0
2025-05-12 09:51:00,379.0,380.0,3.0
2025-05-12 09:52:00,379.0,380.0,4.0
2025-05-12 09:53:00,379.0,380.0,4.0
2025-05-12 09:54:00,379.0,380.0,4.0
2025-05-12 09:55:00,379.0,380.0,4.0
2025-05-12 09:56:00,379.0,380.0,4.0
2025-05-12 09:57:00,379.0,380.0,4.0
2025-05-12 09:58:00,379.0,380.0,4.0
2025-05-12 09:59:00,379.0,380.0,4.0
2025-05-12 10:00:00,379.0,380.0,4.0
2025-05-12 10:01:00,379.0,380.0,4.0
2025-05-12 10:02:00,379.0,380.0,4.0
2025-05-12 10:03:00,379.0,380.0,4.0
2025-05-12 10:04:00,379.0,380.0,4.0
2025-05-12 10:05:00,379.0,380.0,4.0
2025-05-12 10:06:00,378.0,380.0,5.0
2025-05-12 10:07:00,378.0,380.0,5.0
2025-05-12 10:08:00,378.0,380.0,5.0
2025-05-12 10:09:00,378.0,380.0,5.0
2025-05-12 10:10:00,378.0,380.0,10.0
2025-05-12 10:11:00,378.0,380.0,10.0
2025-05-12 10:12:00,378.0,380.0,10.0
2025-05-12 10:13:00,378.0,380.0,10.0
2025-05-12 10:14:00,378.0,380.0,10.0
2025-05-12 10:15:00,378.0,380.0,10.0
2025-05-12 10:16:00,378.0,380.0,10.0
2025-05-12 10:17:00,378.0,380.0,10.0
2025-05-12 10:18:00,378.0,380.0,10.0
2025-05-12 10:19:00,378.0,380.0,10.0
2025-05-12 10:20:00,378.0,380.0,10.0
2025-05-12 10:21:00,378.0,380.0,10.0
2025-05-12 10:22:00,375.0,380.0,12.0
2025-05-12 10:23:00,375.0,380.0,12.0
2025-05-12 10:24:00,375.0,380.0,12.0
2025-05-12 10:25:00,375.0,380.0,12.0
2025-05-12 10:26:00,375.0,380.0,12.0
2025-05-12 10:27:00,375.0,380.0,12.0
2025-05-12 10:28:00,375.0,380.0,12.0
2025-05-12 10:29:00,375.0,380.0,12.0
2025-05-12 10:30:00,375.0,380.0,12.0
2025-05-12 10:31:00,375.0,380.0,12.0
2025-05-12 10:32:00,375.0,380.0,12.0
2025-05-12 10:33:00,375.0,380.0,12.0
2025-05-12 10:34:00,375.0,380.0,12.0
2025-05-12 10:35:00,375.0,380.0,12.0
2025-05-12 10:36:00,375.0,380.0,12.0
2025-05-12 10:37:00,375.0,380.0,12.0
2025-05-12 10:38:00,375.0,380.0,12.0
2025-05-12 10:39:00,375.0,380.0,12.0
2025-05-12 10:40:00,375.0,380.0,12.0
2025-05-12 10:41:00,375.0,380.0,12.0
2025-05-12 10:42:00,375.0,380.0,12.0
2025-05-12 10:43:00,375.0,380.0,12.0
2025-05-12 10:44:00,375.0,380.0,12.0
2025-05-12 10:45:00,375.0,380.0,12.0
2025-05-12 10:46:00,375.0,380.0,12.0
2025-05-12 10:47:00,375.0,380.0,12.0
2025-05-12 10:48:00,375.0,380.0,12.0
2025-05-12 10:49:00,375.0,380.0,12.0
2025-05-12 10:50:00,375.0,380.0,12.0
2025-05-12 10:51:00,375.0,380.0,12.0
2025-05-12 10:52:00,375.0,380.0,12.0
2025-05-12 10:53:00,375.0,380.0,12.0
2025-05-12 10:54:00,374.0,380.0,13.0
2025-05-12 10:55:00,374.0,380.0,13.0
2025-05-12 10:56:00,374.0,380.0,13.0
2025-05-12 10:57:00,374.0,380.0,13.0
2025-05-12 10:58:00,374.0,380.0,13.0
2025-05-12 10:59:00,374.0,380.0,13.0
2025-05-12 11:00:00,374.0,380.0,13.0
2025-05-12 11:01:00,374.0,380.0,13.0
2025-05-12 11:02:00,374.0,380.0,13.0
2025-05-12 11:03:00,374.0,380.0,13.0
2025-05-12 11:04:00,374.0,380.0,13.0
2025-05-12 11:05:00,374.0,380.0,13.0
2025-05-12 11:06:00,374.0,380.0,13.0
2025-05-12 11:07:00,374.0,380.0,13.0
2025-05-12 11:08:00,374.0,380.0,13.0
2025-05-12 11:09:00,374.0,380.0,13.0
2025-05-12 11:10:00,374.0,380.0,13.0
2025-05-12 11:11:00,374.0,380.0,13.0
2025-05-12 11:12:00,374.0,380.0,13.0
2025-05-12 11:13:00,374.0,380.0,13.0
2025-05-12 11:14:00,374.0,380.0,13.0
2025-05-12 11:15:00,374.0,380.0,13.0
2025-05-12 11:16:00,374.0,380.0,13.0
2025-05-12 11:17:00,374.0,380.0,13.0
2025-05-12 11:18:00,374.0,380.0,13.0
2025-05-12 11:19:00,374.0,380.0,13.0
2025-05-12 11:20:00,374.0,380.0,13.0
2025-05-12 11:21:00,374.0,380.0,13.0
2025-05-12 11:22:00,374.0,380.0,13.0
2025-05-12 11:23:00,374.0,380.0,13.0
2025-05-12 11:24:00,374.0,380.0,13.0
2025-05-12 11:25:00,374.0,380.0,13.0
2025-05-12 11:26:00,374.0,380.0,13.0
2025-05-12 11:27:00,374.0,380.0,13.0
2025-05-12 11:28:00,374.0,380.0,13.0
2025-05-12 11:29:00,374.0,380.0,13.0
2025-05-12 11:30:00,374.0,380.0,13.0
2025-05-12 12:30:00,377.0,380.0,14.0
2025-05-12 12:31:00,377.0,380.0,14.0
2025-05-12 12:32:00,377.0,380.0,14.0
2025-05-12 12:33:00,377.0,380.0,14.0
2025-05-12 12:34:00,377.0,380.0,14.0
2025-05-12 12:35:00,377.0,380.0,14.0
2025-05-12 12:36:00,377.0,380.0,14.0
2025-05-12 12:37:00,377.0,380.0,14.0
2025-05-12 12:38:00,377.0,380.0,14.0
2025-05-12 12:39:00,377.0,380.0,14.0
2025-05-12 12:40:00,377.0,380.0,14.0
2025-05-12 12:41:00,377.0,380.0,14.0
2025-05-12 12:42:00,375.0,380.0,15.0
2025-05-12 12:43:00,375.0,380.0,15.0
2025-05-12 12:44:00,375.0,380.0,15.0
2025-05-12 12:45:00,375.0,380.0,15.0
2025-05-12 12:46:00,375.0,380.0,15.0
2025-05-12 12:47:00,375.0,380.0,15.0
2025-05-12 12:48:00,375.0,380.0,15.0
2025-05-12 12:49:00,375.0,380.0,15.0
2025-05-12 12:50:00,375.0,380.0,15.0
2025-05-12 12:51:00,375.0,380.0,15.0
2025-05-12 12:52:00,375.0,380.0,15.0
2025-05-12 12:53:00,375.0,380.0,15.0
2025-05-12 12:54:00,375.0,380.0,15.0
2025-05-12 12:55:00,375.0,380.0,15.0
2025-05-12 12:56:00,375.0,380.0,15.0
2025-05-12 12:57:00,375.0,380.0,15.0
2025-05-12 12:58:00,375.0,380.0,15.0
2025-05-12 12:59:00,375.0,380.0,15.0
2025-05-12 13:00:00,375.0,380.0,15.0
2025-05-12 13:01:00,375.0,380.0,15.0
2025-05-12 13:02:00,375.0,380.0,15.0
2025-05-12 13:03:00,375.0,380.0,15.0
2025-05-12 13:04:00,375.0,380.0,15.0
2025-05-12 13:05:00,375.0,380.0,15.0
2025-05-12 13:06:00,375.0,380.0,15.0
2025-05-12 13:07:00,375.0,380.0,15.0
2025-05-12 13:08:00,375.0,380.0,15.0
2025-05-12 13:09:00,375.0,380.0,15.0
2025-05-12 13:10:00,375.0,380.0,15.0
2025-05-12 13:11:00,375.0,380.0,15.0
2025-05-12 13:12:00,375.0,380.0,15.0
2025-05-12 13:13:00,375.0,380.0,15.0
2025-05-12 13:14:00,375.0,380.0,15.0
2025-05-12 13:15:00,375.0,380.0,15.0
2025-05-12 13:16:00,375.0,380.0,15.0
2025-05-12 13:17:00,375.0,380.0,15.0
2025-05-12 13:18:00,375.0,380.0,15.0
2025-05-12 13:19:00,375.0,380.0,15.0
2025-05-12 13:20:00,375.0,380.0,15.0
2025-05-12 13:21:00,375.0,380.0,15.0
2025-05-12 13:22:00,375.0,380.0,15.0
2025-05-12 13:23:00,375.0,380.0,15.0
2025-05-12 13:24:00,375.0,380.0,15.0
2025-05-12 13:25:00,375.0,380.0,15.0
2025-05-12 13:26:00,376.0,380.0,17.0
2025-05-12 13:27:00,376.0,380.0,17.0
2025-05-12 13:28:00,376.0,380.0,17.0
2025-05-12 13:29:00,376.0,380.0,17.0
2025-05-12 13:30:00,376.0,380.0,17.0
2025-05-12 13:31:00,376.0,380.0,17.0
2025-05-12 13:32:00,376.0,380.0,17.0
2025-05-12 13:33:00,376.0,380.0,17.0
2025-05-12 13:34:00,376.0,380.0,17.0
2025-05-12 13:35:00,376.0,380.0,17.0
2025-05-12 13:36:00,376.0,380.0,17.0
2025-05-12 13:37:00,376.0,380.0,17.0
2025-05-12 13:38:00,376.0,380.0,17.0
2025-05-12 13:39:00,376.0,380.0,17.0
2025-05-12 13:40:00,376.0,380.0,17.0
2025-05-12 13:41:00,375.0,380.0,18.0
2025-05-12 13:42:00,375.0,380.0,18.0
2025-05-12 13:43:00,375.0,380.0,18.0
2025-05-12 13:44:00,375.0,380.0,18.0
2025-05-12 13:45:00,375.0,380.0,18.0
2025-05-12 13:46:00,375.0,380.0,18.0
2025-05-12 13:47:00,375.0,380.0,18.0
2025-05-12 13:48:00,375.0,380.0,18.0
2025-05-12 13:49:00,375.0,380.0,18.0
2025-05-12 13:50:00,375.0,380.0,18.0
2025-05-12 13:51:00,375.0,380.0,18.0
2025-05-12 13:52:00,375.0,380.0,18.0
2025-05-12 13:53:00,375.0,380.0,18.0
2025-05-12 13:54:00,375.0,380.0,18.0
2025-05-12 13:55:00,375.0,380.0,18.0
2025-05-12 13:56:00,375.0,380.0,18.0
2025-05-12 13:57:00,375.0,380.0,18.0
2025-05-12 13:58:00,375.0,380.0,18.0
2025-05-12 13:59:00,375.0,380.0,18.0
2025-05-12 14:00:00,375.0,380.0,18.0
2025-05-12 14:01:00,375.0,380.0,18.0
2025-05-12 14:02:00,375.0,380.0,18.0
2025-05-12 14:03:00,376.0,380.0,20.0
2025-05-12 14:04:00,375.0,380.0,21.0
2025-05-12 14:05:00,375.0,380.0,21.0
2025-05-12 14:06:00,375.0,380.0,21.0
2025-05-12 14:07:00,375.0,380.0,21.0
2025-05-12 14:08:00,375.0,380.0,21.0
2025-05-12 14:09:00,375.0,380.0,21.0
2025-05-12 14:10:00,375.0,380.0,21.0
2025-05-12 14:11:00,375.0,380.0,21.0
2025-05-12 14:12:00,375.0,380.0,21.0
2025-05-12 14:13:00,375.0,380.0,21.0
2025-05-12 14:14:00,375.0,380.0,21.0
2025-05-12 14:15:00,375.0,380.0,21.0
2025-05-12 14:16:00,375.0,380.0,21.0
2025-05-12 14:17:00,375.0,380.0,21.0
2025-05-12 14:18:00,375.0,380.0,21.0
2025-05-12 14:19:00,375.0,380.0,21.0
2025-05-12 14:20:00,375.0,380.0,21.0
2025-05-12 14:21:00,375.0,380.0,21.0
2025-05-12 14:22:00,375.0,380.0,21.0
2025-05-12 14:23:00,375.0,380.0,21.0
2025-05-12 14:24:00,375.0,380.0,21.0
2025-05-12 14:25:00,375.0,380.0,21.0
2025-05-12 14:26:00,375.0,380.0,21.0
2025-05-12 14:27:00,375.0,380.0,21.0
2025-05-12 14:28:00,375.0,380.0,21.0
2025-05-12 14:29:00,375.0,380.0,21.0
2025-05-12 14:30:00,375.0,380.0,21.0
2025-05-12 14:31:00,375.0,380.0,21.0
2025-05-12 14:32:00,375.0,380.0,21.0
2025-05-12 14:33:00,375.0,380.0,21.0
2025-05-12 14:34:00,375.0,380.0,21.0
2025-05-12 14:35:00,375.0,380.0,21.0
2025-05-12 14:36:00,375.0,380.0,21.0
2025-05-12 14:37:00,375.0,380.0,21.0
2025-05-12 14:38:00,375.0,380.0,21.0
2025-05-12 14:39:00,375.0,380.0,21.0
2025-05-12 14:40:00,375.0,380.0,21.0
2025-05-12 14:41:00,375.0,380.0,21.0
2025-05-12 14:42:00,375.0,380.0,21.0
2025-05-12 14:43:00,375.0,380.0,22.0
2025-05-12 14:44:00,375.0,380.0,22.0
2025-05-12 14:45:00,375.0,380.0,22.0
2025-05-12 14:46:00,375.0,380.0,22.0
2025-05-12 14:47:00,375.0,380.0,22.0
2025-05-12 14:48:00,375.0,380.0,22.0
2025-05-12 14:49:00,375.0,380.0,22.0
2025-05-12 14:50:00,375.0,380.0,22.0
2025-05-12 14:51:00,375.0,380.0,22.0
2025-05-12 14:52:00,375.0,380.0,22.0
2025-05-12 14:53:00,375.0,380.0,22.0
2025-05-12 14:54:00,375.0,380.0,22.0
2025-05-12 14:55:00,375.0,380.0,22.0
2025-05-12 14:56:00,375.0,380.0,22.0
2025-05-12 14:57:00,375.0,380.0,22.0
2025-05-12 14:58:00,375.0,380.0,22.0
2025-05-12 14:59:00,375.0,380.0,22.0
2025-05-12 15:00:00,375.0,380.0,25.0
2025-05-12 15:01:00,375.0,380.0,26.0
2025-05-12 15:02:00,375.0,380.0,26.0
2025-05-12 15:03:00,375.0,380.0,26.0
2025-05-12 15:04:00,375.0,380.0,26.0
2025-05-12 15:05:00,375.0,380.0,26.0
2025-05-12 15:06:00,375.0,380.0,26.0
2025-05-12 15:07:00,375.0,380.0,26.0
2025-05-12 15:08:00,375.0,380.0,26.0
2025-05-12 15:09:00,375.0,380.0,26.0
2025-05-12 15:10:00,375.0,380.0,26.0
2025-05-12 15:11:00,375.0,380.0,26.0
2025-05-12 15:12:00,375.0,380.0,26.0
2025-05-12 15:13:00,375.0,380.0,26.0
2025-05-12 15:14:00,375.0,380.0,26.0
2025-05-12 15:15:00,375.0,380.0,26.0
2025-05-12 15:16:00,375.0,380.0,26.0
2025-05-12 15:17:00,375.0,380.0,26.0
2025-05-12 15:18:00,375.0,380.0,26.0
2025-05-12 15:19:00,375.0,380.0,26.0
2025-05-12 15:20:00,375.0,380.0,26.0
2025-05-12 15:21:00,375.0,380.0,26.0
2025-05-12 15:22:00,375.0,380.0,26.0
2025-05-12 15:23:00,375.0,380.0,26.0
2025-05-12 15:24:00,375.0,380.0,27.0
2025-05-12 15:25:00,375.0,380.0,27.0
2025-05-12 15:26:00,375.0,380.0,27.0
2025-05-12 15:27:00,375.0,380.0,27.0
2025-05-12 15:28:00,375.0,380.0,27.0
2025-05-12 15:29:00,375.0,380.0,27.0
2025-05-12 15:30:00,374.0,380.0,36.0
2025-05-13 09:00:00,378.0,378.0,12.0
2025-05-13 09:01:00,378.0,378.0,12.0
2025-05-13 09:02:00,376.0,378.0,13.0
2025-05-13 09:03:00,376.0,378.0,13.0
2025-05-13 09:04:00,376.0,378.0,13.0
2025-05-13 09:05:00,376.0,378.0,13.0
2025-05-13 09:06:00,376.0,378.0,13.0
2025-05-13 09:07:00,376.0,378.0,13.0
2025-05-13 09:08:00,376.0,378.0,13.0
2025-05-13 09:09:00,376.0,378.0,13.0
2025-05-13 09:10:00,376.0,378.0,13.0
2025-05-13 09:11:00,376.0,378.0,13.0
2025-05-13 09:12:00,376.0,378.0,13.0
2025-05-13 09:13:00,376.0,378.0,13.0
2025-05-13 09:14:00,376.0,378.0,13.0
2025-05-13 09:15:00,376.0,378.0,13.0
2025-05-13 09:16:00,376.0,378.0,13.0
2025-05-13 09:17:00,376.0,378.0,13.0
2025-05-13 09:18:00,376.0,378.0,13.0
2025-05-13 09:19:00,376.0,378.0,13.0
2025-05-13 09:20:00,376.0,378.0,13.0
2025-05-13 09:21:00,376.0,378.0,13.0
2025-05-13 09:22:00,376.0,378.0,13.0
2025-05-13 09:23:00,376.0,378.0,13.0
2025-05-13 09:24:00,377.0,378.0,14.0
2025-05-13 09:25:00,377.0,378.0,14.0
2025-05-13 09:26:00,377.0,378.0,14.0
2025-05-13 09:27:00,377.0,378.0,14.0
2025-05-13 09:28:00,377.0,378.0,14.0
2025-05-13 09:29:00,377.0,378.0,14.0
2025-05-13 09:30:00,377.0,378.0,14.0
2025-05-13 09:31:00,377.0,378.0,14.0
2025-05-13 09:32:00,377.0,378.0,14.0
2025-05-13 09:33:00,377.0,378.0,14.0
2025-05-13 09:34:00,377.0,378.0,14.0
2025-05-13 09:35:00,377.0,378.0,14.0
2025-05-13 09:36:00,377.0,378.0,14.0
2025-05-13 09:37:00,377.0,378.0,14.0
2025-05-13 09:38:00,377.0,378.0,14.0
2025-05-13 09:39:00,377.0,378.0,14.0
2025-05-13 09:40:00,377.0,378.0,14.0
2025-05-13 09:41:00,377.0,378.0,14.0
2025-05-13 09:42:00,377.0,378.0,14.0
2025-05-13 09:43:00,374.0,378.0,17.0
2025-05-13 09:44:00,374.0,378.0,17.0
2025-05-13 09:45:00,374.0,378.0,17.0
2025-05-13 09:46:00,374.0,378.0,17.0
2025-05-13 09:47:00,374.0,378.0,17.0
2025-05-13 09:48:00,374.0,378.0,17.0
2025-05-13 09:49:00,374.0,378.0,17.0
2025-05-13 09:50:00,374.0,378.0,17.0
2025-05-13 09:51:00,374.0,378.0,17.0
2025-05-13 09:52:00,374.0,378.0,17.0
2025-05-13 09:53:00,374.0,378.0,17.0
2025-05-13 09:54:00,374.0,378.0,17.0
2025-05-13 09:55:00,374.0,378.0,17.0
2025-05-13 09:56:00,374.0,378.0,17.0
2025-05-13 09:57:00,374.0,378.0,20.0
2025-05-13 09:58:00,374.0,378.0,20.0
2025-05-13 09:59:00,374.0,378.0,20.0
2025-05-13 10:00:00,374.0,378.0,20.0
2025-05-13 10:01:00,374.0,378.0,20.0
2025-05-13 10:02:00,374.0,378.0,20.0
2025-05-13 10:03:00,374.0,378.0,20.0
2025-05-13 10:04:00,374.0,378.0,20.0
2025-05-13 10:05:00,374.0,378.0,20.0
2025-05-13 10:06:00,374.0,378.0,20.0
2025-05-13 10:07:00,374.0,378.0,20.0
2025-05-13 10:08:00,374.0,378.0,20.0
2025-05-13 10:09:00,374.0,378.0,20.0
2025-05-13 10:10:00,374.0,378.0,20.0
2025-05-13 10:11:00,374.0,378.0,20.0
2025-05-13 10:12:00,374.0,378.0,20.0
2025-05-13 10:13:00,374.0,378.0,20.0
2025-05-13 10:14:00,374.0,378.0,20.0
2025-05-13 10:15:00,374.0,378.0,20.0
2025-05-13 10:16:00,374.0,378.0,20.0
2025-05-13 10:17:00,374.0,378.0,20.0
2025-05-13 10:18:00,374.0,378.0,20.0
2025-05-13 10:19:00,374.0,378.0,20.0
2025-05-13 10:20:00,374.0,378.0,20.0
2025-05-13 10:21:00,374.0,378.0,20.0
2025-05-13 10:22:00,374.0,378.0,20.0
2025-05-13 10:23:00,374.0,378.0,20.0
2025-05-13 10:24:00,374.0,378.0,20.0
2025-05-13 10:25:00,374.0,378.0,20.0
2025-05-13 10:26:00,374.0,378.0,20.0
2025-05-13 10:27:00,374.0,378.0,20.0
2025-05-13 10:28:00,374.0,378.0,20.0
2025-05-13 10:29:00,374.0,378.0,20.0
2025-05-13 10:30:00,374.0,378.0,20.0
2025-05-13 10:31:00,374.0,378.0,20.0
2025-05-13 10:32:00,374.0,378.0,20.0
2025-05-13 10:33:00,374.0,378.0,20.0
2025-05-13 10:34:00,374.0,378.0,20.0
2025-05-13 10:35:00,374.0,378.0,20.0
2025-05-13 10:36:00,374.0,378.0,20.0
2025-05-13 10:37:00,374.0,378.0,20.0
2025-05-13 10:38:00,374.0,378.0,20.0
2025-05-13 10:39:00,374.0,378.0,20.0
2025-05-13 10:40:00,374.0,378.0,20.0
2025-05-13 10:41:00,374.0,378.0,20.0
2025-05-13 10:42:00,374.0,378.0,20.0
2025-05-13 10:43:00,374.0,378.0,20.0
2025-05-13 10:44:00,374.0,378.0,20.0
2025-05-13 10:45:00,374.0,378.0,20.0
2025-05-13 10:46:00,374.0,378.0,20.0
2025-05-13 10:47:00,374.0,378.0,20.0
2025-05-13 10:48:00,374.0,378.0,21.0
2025-05-13 10:49:00,374.0,378.0,21.0
2025-05-13 10:50:00,374.0,378.0,21.0
2025-05-13 10:51:00,374.0,378.0,21.0
2025-05-13 10:52:00,374.0,378.0,21.0
2025-05-13 10:53:00,374.0,378.0,21.0
2025-05-13 10:54:00,374.0,378.0,21.0
2025-05-13 10:55:00,374.0,378.0,21.0
2025-05-13 10:56:00,374.0,378.0,21.0
2025-05-13 10:57:00,374.0,378.0,21.0
2025-05-13 10:58:00,374.0,378.0,21.0
2025-05-13 10:59:00,374.0,378.0,21.0
2025-05-13 11:00:00,374.0,378.0,21.0
2025-05-13 11:01:00,374.0,378.0,21.0
2025-05-13 11:02:00,374.0,378.0,21.0
2025-05-13 11:03:00,374.0,378.0,21.0
2025-05-13 11:04:00,374.0,378.0,21.0
2025-05-13 11:05:00,374.0,378.0,21.0
2025-05-13 11:06:00,374.0,378.0,21.0
2025-05-13 11:07:00,374.0,378.0,21.0
2025-05-13 11:08:00,374.0,378.0,21.0
2025-05-13 11:09:00,374.0,378.0,21.0
2025-05-13 11:10:00,374.0,378.0,21.0
2025-05-13 11:11:00,374.0,378.0,21.0
2025-05-13 11:12:00,374.0,378.0,21.0
2025-05-13 11:13:00,374.0,378.0,21.0
2025-05-13 11:14:00,374.0,378.0,21.0
2025-05-13 11:15:00,374.0,378.0,21.0
2025-05-13 11:16:00,374.0,378.0,21.0
2025-05-13 11:17:00,374.0,378.0,21.0
2025-05-13 11:18:00,374.0,378.0,21.0
2025-05-13 11:19:00,374.0,378.0,21.0
2025-05-13 11:20:00,374.0,378.0,21.0
2025-05-13 11:21:00,374.0,378.0,21.0
2025-05-13 11:22:00,374.0,378.0,21.0
2025-05-13 11:23:00,374.0,378.0,21.0
2025-05-13 11:24:00,374.0,378.0,21.0
2025-05-13 11:25:00,374.0,378.0,21.0
2025-05-13 11:26:00,374.0,378.0,21.0
2025-05-13 11:27:00,374.0,378.0,21.0
2025-05-13 11:28:00,374.0,378.0,21.0
2025-05-13 11:29:00,374.0,378.0,21.0
2025-05-13 11:30:00,374.0,378.0,21.0
2025-05-13 12:30:00,374.0,378.0,21.0
2025-05-13 12:31:00,374.0,378.0,21.0
2025-05-13 12:32:00,374.0,378.0,26.0
2025-05-13 12:33:00,374.0,378.0,26.0
2025-05-13 12:34:00,374.0,378.0,26.0
2025-05-13 12:35:00,374.0,378.0,26.0
2025-05-13 12:36:00,374.0,378.0,26.0
2025-05-13 12:37:00,374.0,378.0,26.0
2025-05-13 12:38:00,374.0,378.0,26.0
2025-05-13 12:39:00,374.0,378.0,26.0
2025-05-13 12:40:00,374.0,378.0,26.0
2025-05-13 12:41:00,374.0,378.0,26.0
2025-05-13 12:42:00,373.0,378.0,27.0
2025-05-13 12:43:00,373.0,378.0,27.0
2025-05-13 12:44:00,373.0,378.0,27.0
2025-05-13 12:45:00,373.0,378.0,27.0
2025-05-13 12:46:00,373.0,378.0,27.0
2025-05-13 12:47:00,373.0,378.0,27.0
2025-05-13 12:48:00,373.0,378.0,27.0
2025-05-13 12:49:00,373.0,378.0,27.0
2025-05-13 12:50:00,373.0,378.0,27.0
2025-05-13 12:51:00,373.0,378.0,27.0
2025-05-13 12:52:00,373.0,378.0,27.0
2025-05-13 12:53:00,373.0,378.0,27.0
2025-05-13 12:54:00,373.0,378.0,27.0
2025-05-13 12:55:00,373.0,378.0,27.0
2025-05-13 12:56:00,373.0,378.0,27.0
2025-05-13 12:57:00,373.0,378.0,27.0
2025-05-13 12:58:00,373.0,378.0,27.0
2025-05-13 12:59:00,373.0,378.0,27.0
2025-05-13 13:00:00,373.0,378.0,27.0
2025-05-13 13:01:00,373.0,378.0,27.0
2025-05-13 13:02:00,373.0,378.0,27.0
2025-05-13 13:03:00,373.0,378.0,27.0
2025-05-13 13:04:00,373.0,378.0,27.0
2025-05-13 13:05:00,373.0,378.0,27.0
2025-05-13 13:06:00,373.0,378.0,27.0
2025-05-13 13:07:00,373.0,378.0,27.0
2025-05-13 13:08:00,373.0,378.0,27.0
2025-05-13 13:09:00,373.0,378.0,27.0
2025-05-13 13:10:00,373.0,378.0,27.0
2025-05-13 13:11:00,373.0,378.0,27.0
2025-05-13 13:12:00,373.0,378.0,27.0
2025-05-13 13:13:00,373.0,378.0,27.0
2025-05-13 13:14:00,373.0,378.0,27.0
2025-05-13 13:15:00,373.0,378.0,27.0
2025-05-13 13:16:00,373.0,378.0,27.0
2025-05-13 13:17:00,373.0,378.0,27.0
2025-05-13 13:18:00,373.0,378.0,27.0
2025-05-13 13:19:00,373.0,378.0,27.0
2025-05-13 13:20:00,373.0,378.0,27.0
2025-05-13 13:21:00,373.0,378.0,27.0
2025-05-13 13:22:00,373.0,378.0,27.0
2025-05-13 13:23:00,373.0,378.0,27.0
2025-05-13 13:24:00,373.0,378.0,27.0
2025-05-13 13:25:00,373.0,378.0,27.0
2025-05-13 13:26:00,373.0,378.0,27.0
2025-05-13 13:27:00,373.0,378.0,27.0
2025-05-13 13:28:00,373.0,378.0,27.0
2025-05-13 13:29:00,373.0,378.0,27.0
2025-05-13 13:30:00,373.0,378.0,27.0
2025-05-13 13:31:00,373.0,378.0,27.0
2025-05-13 13:32:00,373.0,378.0,27.0
2025-05-13 13:33:00,373.0,378.0,27.0
2025-05-13 13:34:00,373.0,378.0,27.0
2025-05-13 13:35:00,373.0,378.0,27.0
2025-05-13 13:36:00,373.0,378.0,27.0
2025-05-13 13:37:00,373.0,378.0,27.0
2025-05-13 13:38:00,373.0,378.0,27.0
2025-05-13 13:39:00,373.0,378.0,27.0
2025-05-13 13:40:00,373.0,378.0,27.0
2025-05-13 13:41:00,373.0,378.0,27.0
2025-05-13 13:42:00,373.0,378.0,27.0
2025-05-13 13:43:00,373.0,378.0,27.0
2025-05-13 13:44:00,373.0,378.0,27.0
2025-05-13 13:45:00,373.0,378.0,27.0
2025-05-13 13:46:00,373.0,378.0,27.0
2025-05-13 13:47:00,373.0,378.0,27.0
2025-05-13 13:48:00,373.0,378.0,27.0
2025-05-13 13:49:00,373.0,378.0,27.0
2025-05-13 13:50:00,373.0,378.0,27.0
2025-05-13 13:51:00,373.0,378.0,27.0
2025-05-13 13:52:00,373.0,378.0,27.0
2025-05-13 13:53:00,373.0,378.0,27.0
2025-05-13 13:54:00,373.0,378.0,27.0
2025-05-13 13:55:00,373.0,378.0,27.0
2025-05-13 13:56:00,373.0,378.0,27.0
2025-05-13 13:57:00,373.0,378.0,27.0
2025-05-13 13:58:00,373.0,378.0,27.0
2025-05-13 13:59:00,373.0,378.0,27.0
2025-05-13 14:00:00,373.0,378.0,27.0
2025-05-13 14:01:00,373.0,378.0,27.0
2025-05-13 14:02:00,373.0,378.0,27.0
2025-05-13 14:03:00,373.0,378.0,27.0
2025-05-13 14:04:00,373.0,378.0,27.0
2025-05-13 14:05:00,373.0,378.0,27.0
2025-05-13 14:06:00,373.0,378.0,27.0
2025-05-13 14:07:00,373.0,378.0,27.0
2025-05-13 14:08:00,373.0,378.0,27.0
2025-05-13 14:09:00,373.0,378.0,27.0
2025-05-13 14:10:00,373.0,378.0,27.0
2025-05-13 14:11:00,373.0,378.0,27.0
2025-05-13 14:12:00,373.0,378.0,27.0
2025-05-13 14:13:00,373.0,378.0,27.0
2025-05-13 14:14:00,373.0,378.0,27.0
2025-05-13 14:15:00,373.0,378.0,27.0
2025-05-13 14:16:00,373.0,378.0,27.0
2025-05-13 14:17:00,373.0,378.0,27.0
2025-05-13 14:18:00,373.0,378.0,27.0
2025-05-13 14:19:00,373.0,378.0,27.0
2025-05-13 14:20:00,373.0,378.0,27.0
2025-05-13 14:21:00,373.0,378.0,27.0
2025-05-13 14:22:00,373.0,378.0,27.0
2025-05-13 14:23:00,373.0,378.0,27.0
2025-05-13 14:24:00,373.0,378.0,27.0
2025-05-13 14:25:00,375.0,378.0,28.0
2025-05-13 14:26:00,375.0,378.0,28.0
2025-05-13 14:27:00,375.0,378.0,28.0
2025-05-13 14:28:00,375.0,378.0,28.0
2025-05-13 14:29:00,375.0,378.0,28.0
2025-05-13 14:30:00,375.0,378.0,28.0
2025-05-13 14:31:00,375.0,378.0,28.0
2025-05-13 14:32:00,375.0,378.0,28.0
2025-05-13 14:33:00,375.0,378.0,28.0
2025-05-13 14:34:00,375.0,378.0,28.0
2025-05-13 14:35:00,375.0,378.0,28.0
2025-05-13 14:36:00,375.0,378.0,28.0
2025-05-13 14:37:00,375.0,378.0,28.0
2025-05-13 14:38:00,375.0,378.0,28.0
2025-05-13 14:39:00,375.0,378.0,28.0
2025-05-13 14:40:00,375.0,378.0,28.0
2025-05-13 14:41:00,375.0,378.0,28.0
2025-05-13 14:42:00,375.0,378.0,28.0
2025-05-13 14:43:00,375.0,378.0,28.0
2025-05-13 14:44:00,375.0,378.0,28.0
2025-05-13 14:45:00,375.0,378.0,28.0
2025-05-13 14:46:00,375.0,378.0,28.0
2025-05-13 14:47:00,375.0,378.0,28.0
2025-05-13 14:48:00,375.0,378.0,28.0
2025-05-13 14:49:00,375.0,378.0,28.0
2025-05-13 14:50:00,375.0,378.0,28.0
2025-05-13 14:51:00,375.0,378.0,28.0
2025-05-13 14:52:00,374.0,378.0,29.0
2025-05-13 14:53:00,374.0,378.0,29.0
2025-05-13 14:54:00,374.0,378.0,29.0
2025-05-13 14:55:00,374.0,378.0,29.0
2025-05-13 14:56:00,374.0,378.0,29.0
2025-05-13 14:57:00,374.0,378.0,29.0
2025-05-13 14:58:00,374.0,378.0,29.0
2025-05-13 14:59:00,374.0,378.0,29.0
2025-05-13 15:00:00,379.0,378.0,72.0
2025-05-13 15:01:00,380.0,378.0,77.0
2025-05-13 15:02:00,380.0,378.0,77.0
2025-05-13 15:03:00,380.0,378.0,77.0
2025-05-13 15:04:00,380.0,378.0,77.0
2025-05-13 15:05:00,380.0,378.0,77.0
2025-05-13 15:06:00,380.0,378.0,77.0
2025-05-13 15:07:00,380.0,378.0,77.0
2025-05-13 15:08:00,377.0,378.0,84.0
2025-05-13 15:09:00,377.0,378.0,84.0
2025-05-13 15:10:00,377.0,378.0,84.0
2025-05-13 15:11:00,377.0,378.0,84.0
2025-05-13 15:12:00,377.0,378.0,84.0
2025-05-13 15:13:00,377.0,378.0,84.0
2025-05-13 15:14:00,377.0,378.0,84.0
2025-05-13 15:15:00,377.0,378.0,84.0
2025-05-13 15:16:00,377.0,378.0,84.0
2025-05-13 15:17:00,377.0,378.0,84.0
2025-05-13 15:18:00,377.0,378.0,84.0
2025-05-13 15:19:00,377.0,378.0,84.0
2025-05-13 15:20:00,377.0,378.0,84.0
2025-05-13 15:21:00,377.0,378.0,84.0
2025-05-13 15:22:00,377.0,378.0,84.0
2025-05-13 15:23:00,377.0,378.0,84.0
2025-05-13 15:24:00,377.0,378.0,84.0
2025-05-13 15:25:00,377.0,378.0,84.0
2025-05-13 15:26:00,377.0,378.0,84.0
2025-05-13 15:27:00,377.0,378.0,84.0
2025-05-13 15:28:00,377.0,378.0,84.0
2025-05-13 15:29:00,377.0,378.0,84.0
2025-05-13 15:30:00,378.0,378.0,89.0
2025-05-14 09:00:00,375.0,375.0,1.0
2025-05-14 09:01:00,375.0,375.0,1.0
2025-05-14 09:02:00,376.0,375.0,2.0
2025-05-14 09:03:00,376.0,375.0,2.0
2025-05-14 09:04:00,376.0,375.0,2.0
2025-05-14 09:05:00,376.0,375.0,2.0
2025-05-14 09:06:00,377.0,375.0,3.0
2025-05-14 09:07:00,377.0,375.0,3.0
2025-05-14 09:08:00,377.0,375.0,3.0
2025-05-14 09:09:00,377.0,375.0,3.0
2025-05-14 09:10:00,377.0,375.0,3.0
2025-05-14 09:11:00,377.0,375.0,3.0
2025-05-14 09:12:00,377.0,375.0,3.0
2025-05-14 09:13:00,379.0,375.0,8.0
2025-05-14 09:14:00,379.0,375.0,8.0
2025-05-14 09:15:00,379.0,375.0,8.0
2025-05-14 09:16:00,379.0,375.0,8.0
2025-05-14 09:17:00,379.0,375.0,8.0
2025-05-14 09:18:00,379.0,375.0,8.0
2025-05-14 09:19:00,379.0,375.0,8.0
2025-05-14 09:20:00,379.0,375.0,8.0
2025-05-14 09:21:00,379.0,375.0,8.0
2025-05-14 09:22:00,379.0,375.0,8.0
2025-05-14 09:23:00,379.0,375.0,8.0
2025-05-14 09:24:00,379.0,375.0,8.0
2025-05-14 09:25:00,379.0,375.0,8.0
2025-05-14 09:26:00,379.0,375.0,8.0
2025-05-14 09:27:00,379.0,375.0,8.0
2025-05-14 09:28:00,379.0,375.0,8.0
2025-05-14 09:29:00,379.0,375.0,8.0
2025-05-14 09:30:00,379.0,375.0,8.0
2025-05-14 09:31:00,379.0,375.0,8.0
2025-05-14 09:32:00,379.0,375.0,8.0
2025-05-14 09:33:00,379.0,375.0,8.0
2025-05-14 09:34:00,379.0,375.0,8.0
2025-05-14 09:35:00,379.0,375.0,8.0
2025-05-14 09:36:00,379.0,375.0,8.0
2025-05-14 09:37:00,379.0,375.0,8.0
2025-05-14 09:38:00,379.0,375.0,8.0
2025-05-14 09:39:00,379.0,375.0,8.0
2025-05-14 09:40:00,379.0,375.0,8.0
2025-05-14 09:41:00,379.0,375.0,8.0
2025-05-14 09:42:00,379.0,375.0,8.0
2025-05-14 09:43:00,379.0,375.0,8.0
2025-05-14 09:44:00,379.0,375.0,8.0
2025-05-14 09:45:00,379.0,375.0,8.0
2025-05-14 09:46:00,379.0,375.0,8.0
2025-05-14 09:47:00,379.0,375.0,8.0
2025-05-14 09:48:00,379.0,375.0,8.0
2025-05-14 09:49:00,379.0,375.0,8.0
2025-05-14 09:50:00,379.0,375.0,8.0
2025-05-14 09:51:00,379.0,375.0,8.0
2025-05-14 09:52:00,379.0,375.0,8.0
2025-05-14 09:53:00,379.0,375.0,8.0
2025-05-14 09:54:00,379.0,375.0,8.0
2025-05-14 09:55:00,379.0,375.0,8.0
2025-05-14 09:56:00,379.0,375.0,8.0
2025-05-14 09:57:00,379.0,375.0,8.0
2025-05-14 09:58:00,379.0,375.0,8.0
2025-05-14 09:59:00,379.0,375.0,8.0
2025-05-14 10:00:00,379.0,375.0,8.0
2025-05-14 10:01:00,379.0,375.0,8.0
2025-05-14 10:02:00,379.0,375.0,8.0
2025-05-14 10:03:00,379.0,375.0,8.0
2025-05-14 10:04:00,379.0,375.0,8.0
2025-05-14 10:05:00,379.0,375.0,8.0
2025-05-14 10:06:00,379.0,375.0,8.0
2025-05-14 10:07:00,379.0,375.0,8.0
2025-05-14 10:08:00,379.0,375.0,8.0
2025-05-14 10:09:00,379.0,375.0,8.0
2025-05-14 10:10:00,379.0,375.0,8.0
2025-05-14 10:11:00,379.0,375.0,8.0
2025-05-14 10:12:00,379.0,375.0,8.0
2025-05-14 10:13:00,379.0,375.0,8.0
2025-05-14 10:14:00,379.0,375.0,8.0
2025-05-14 10:15:00,379.0,375.0,8.0
2025-05-14 10:16:00,379.0,375.0,8.0
2025-05-14 10:17:00,379.0,375.0,8.0
2025-05-14 10:18:00,379.0,375.0,8.0
2025-05-14 10:19:00,379.0,375.0,8.0
2025-05-14 10:20:00,379.0,375.0,8.0
2025-05-14 10:21:00,379.0,375.0,8.0
2025-05-14 10:22:00,379.0,375.0,8.0
2025-05-14 10:23:00,379.0,375.0,8.0
2025-05-14 10:24:00,379.0,375.0,8.0
2025-05-14 10:25:00,379.0,375.0,8.0
2025-05-14 10:26:00,379.0,375.0,8.0
2025-05-14 10:27:00,379.0,375.0,8.0
2025-05-14 10:28:00,379.0,375.0,8.0
2025-05-14 10:29:00,379.0,375.0,8.0
2025-05-14 10:30:00,379.0,375.0,8.0
2025-05-14 10:31:00,379.0,375.0,8.0
2025-05-14 10:32:00,379.0,375.0,8.0
2025-05-14 10:33:00,379.0,375.0,8.0
2025-05-14 10:34:00,379.0,375.0,8.0
2025-05-14 10:35:00,379.0,375.0,8.0
2025-05-14 10:36:00,379.0,375.0,8.0
2025-05-14 10:37:00,379.0,375.0,8.0
2025-05-14 10:38:00,379.0,375.0,8.0
2025-05-14 10:39:00,379.0,375.0,8.0
2025-05-14 10:40:00,379.0,375.0,8.0
2025-05-14 10:41:00,379.0,375.0,8.0
2025-05-14 10:42:00,379.0,375.0,8.0
2025-05-14 10:43:00,379.0,375.0,8.0
2025-05-14 10:44:00,379.0,375.0,8.0
2025-05-14 10:45:00,379.0,375.0,8.0
2025-05-14 10:46:00,379.0,375.0,8.0
2025-05-14 10:47:00,379.0,375.0,8.0
2025-05-14 10:48:00,379.0,375.0,8.0
2025-05-14 10:49:00,379.0,375.0,8.0
2025-05-14 10:50:00,379.0,375.0,8.0
2025-05-14 10:51:00,379.0,375.0,8.0
2025-05-14 10:52:00,379.0,375.0,8.0
2025-05-14 10:53:00,379.0,375.0,8.0
2025-05-14 10:54:00,379.0,375.0,8.0
2025-05-14 10:55:00,379.0,375.0,8.0
2025-05-14 10:56:00,379.0,375.0,8.0
2025-05-14 10:57:00,379.0,375.0,8.0
2025-05-14 10:58:00,379.0,375.0,8.0
2025-05-14 10:59:00,379.0,375.0,8.0
2025-05-14 11:00:00,379.0,375.0,8.0
2025-05-14 11:01:00,379.0,375.0,8.0
2025-05-14 11:02:00,379.0,375.0,8.0
2025-05-14 11:03:00,379.0,375.0,8.0
2025-05-14 11:04:00,379.0,375.0,8.0
2025-05-14 11:05:00,379.0,375.0,8.0
2025-05-14 11:06:00,379.0,375.0,8.0
2025-05-14 11:07:00,379.0,375.0,8.0
2025-05-14 11:08:00,379.0,375.0,8.0
2025-05-14 11:09:00,379.0,375.0,8.0
2025-05-14 11:10:00,379.0,375.0,8.0
2025-05-14 11:11:00,379.0,375.0,8.0
2025-05-14 11:12:00,379.0,375.0,8.0
2025-05-14 11:13:00,379.0,375.0,8.0
2025-05-14 11:14:00,379.0,375.0,8.0
2025-05-14 11:15:00,379.0,375.0,8.0
2025-05-14 11:16:00,379.0,375.0,8.0
2025-05-14 11:17:00,379.0,375.0,8.0
2025-05-14 11:18:00,379.0,375.0,8.0
2025-05-14 11:19:00,379.0,375.0,8.0
2025-05-14 11:20:00,379.0,375.0,8.0
2025-05-14 11:21:00,379.0,375.0,8.0
2025-05-14 11:22:00,379.0,375.0,8.0
2025-05-14 11:23:00,379.0,375.0,8.0
2025-05-14 11:24:00,379.0,375.0,8.0
2025-05-14 11:25:00,379.0,375.0,8.0
2025-05-14 11:26:00,379.0,375.0,8.0
2025-05-14 11:27:00,379.0,375.0,8.0
2025-05-14 11:28:00,379.0,375.0,8.0
2025-05-14 11:29:00,379.0,375.0,8.0
2025-05-14 11:30:00,379.0,375.0,8.0
2025-05-14 12:30:00,377.0,375.0,10.0
2025-05-14 12:31:00,377.0,375.0,10.0
2025-05-14 12:32:00,377.0,375.0,10.0
2025-05-14 12:33:00,376.0,375.0,11.0
2025-05-14 12:34:00,376.0,375.0,11.0
2025-05-14 12:35:00,376.0,375.0,11.0
2025-05-14 12:36:00,376.0,375.0,11.0
2025-05-14 12:37:00,376.0,375.0,11.0
2025-05-14 12:38:00,376.0,375.0,11.0
2025-05-14 12:39:00,376.0,375.0,13.0
2025-05-14 12:40:00,376.0,375.0,13.0
2025-05-14 12:41:00,376.0,375.0,13.0
2025-05-14 12:42:00,376.0,375.0,13.0
2025-05-14 12:43:00,376.0,375.0,13.0
2025-05-14 12:44:00,376.0,375.0,13.0
2025-05-14 12:45:00,376.0,375.0,13.0
2025-05-14 12:46:00,375.0,375.0,19.0
2025-05-14 12:47:00,375.0,375.0,19.0
2025-05-14 12:48:00,375.0,375.0,19.0
2025-05-14 12:49:00,375.0,375.0,19.0
2025-05-14 12:50:00,375.0,375.0,19.0
2025-05-14 12:51:00,376.0,375.0,20.0
2025-05-14 12:52:00,376.0,375.0,20.0
2025-05-14 12:53:00,376.0,375.0,20.0
2025-05-14 12:54:00,376.0,375.0,20.0
2025-05-14 12:55:00,376.0,375.0,20.0
2025-05-14 12:56:00,376.0,375.0,20.0
2025-05-14 12:57:00,376.0,375.0,20.0
2025-05-14 12:58:00,376.0,375.0,20.0
2025-05-14 12:59:00,376.0,375.0,20.0
2025-05-14 13:00:00,376.0,375.0,20.0
2025-05-14 13:01:00,376.0,375.0,21.0
2025-05-14 13:02:00,376.0,375.0,21.0
2025-05-14 13:03:00,376.0,375.0,21.0
2025-05-14 13:04:00,376.0,375.0,21.0
2025-05-14 13:05:00,376.0,375.0,21.0
2025-05-14 13:06:00,376.0,375.0,21.0
2025-05-14 13:07:00,376.0,375.0,21.0
2025-05-14 13:08:00,376.0,375.0,21.0
2025-05-14 13:09:00,376.0,375.0,21.0
2025-05-14 13:10:00,376.0,375.0,21.0
2025-05-14 13:11:00,376.0,375.0,21.0
2025-05-14 13:12:00,376.0,375.0,21.0
2025-05-14 13:13:00,376.0,375.0,21.0
2025-05-14 13:14:00,376.0,375.0,21.0
2025-05-14 13:15:00,376.0,375.0,21.0
2025-05-14 13:16:00,376.0,375.0,21.0
2025-05-14 13:17:00,376.0,375.0,21.0
2025-05-14 13:18:00,376.0,375.0,21.0
2025-05-14 13:19:00,376.0,375.0,21.0
2025-05-14 13:20:00,376.0,375.0,21.0
2025-05-14 13:21:00,376.0,375.0,21.0
2025-05-14 13:22:00,376.0,375.0,21.0
2025-05-14 13:23:00,376.0,375.0,21.0
2025-05-14 13:24:00,376.0,375.0,21.0
2025-05-14 13:25:00,376.0,375.0,21.0
2025-05-14 13:26:00,376.0,375.0,21.0
2025-05-14 13:27:00,376.0,375.0,21.0
2025-05-14 13:28:00,376.0,375.0,21.0
2025-05-14 13:29:00,376.0,375.0,21.0
2025-05-14 13:30:00,376.0,375.0,21.0
2025-05-14 13:31:00,376.0,375.0,22.0
2025-05-14 13:32:00,371.0,375.0,91.0
2025-05-14 13:33:00,371.0,375.0,91.0
2025-05-14 13:34:00,374.0,375.0,92.0
2025-05-14 13:35:00,374.0,375.0,92.0
2025-05-14 13:36:00,374.0,375.0,92.0
2025-05-14 13:37:00,374.0,375.0,92.0
2025-05-14 13:38:00,374.0,375.0,92.0
2025-05-14 13:39:00,374.0,375.0,92.0
2025-05-14 13:40:00,374.0,375.0,92.0
2025-05-14 13:41:00,374.0,375.0,92.0
2025-05-14 13:42:00,374.0,375.0,92.0
2025-05-14 13:43:00,374.0,375.0,92.0
2025-05-14 13:44:00,373.0,375.0,95.0
2025-05-14 13:45:00,373.0,375.0,95.0
2025-05-14 13:46:00,373.0,375.0,95.0
2025-05-14 13:47:00,373.0,375.0,95.0
2025-05-14 13:48:00,373.0,375.0,95.0
2025-05-14 13:49:00,373.0,375.0,95.0
2025-05-14 13:50:00,373.0,375.0,95.0
2025-05-14 13:51:00,373.0,375.0,95.0
2025-05-14 13:52:00,373.0,375.0,95.0
2025-05-14 13:53:00,373.0,375.0,95.0
2025-05-14 13:54:00,374.0,375.0,96.0
2025-05-14 13:55:00,374.0,375.0,96.0
2025-05-14 13:56:00,374.0,375.0,96.0
2025-05-14 13:57:00,374.0,375.0,96.0
2025-05-14 13:58:00,374.0,375.0,96.0
2025-05-14 13:59:00,374.0,375.0,96.0
2025-05-14 14:00:00,374.0,375.0,96.0
2025-05-14 14:01:00,374.0,375.0,96.0
2025-05-14 14:02:00,374.0,375.0,96.0
2025-05-14 14:03:00,374.0,375.0,97.0
2025-05-14 14:04:00,374.0,375.0,97.0
2025-05-14 14:05:00,374.0,375.0,97.0
2025-05-14 14:06:00,374.0,375.0,97.0
2025-05-14 14:07:00,374.0,375.0,97.0
2025-05-14 14:08:00,374.0,375.0,97.0
2025-05-14 14:09:00,374.0,375.0,97.0
2025-05-14 14:10:00,374.0,375.0,97.0
2025-05-14 14:11:00,374.0,375.0,97.0
2025-05-14 14:12:00,374.0,375.0,97.0
2025-05-14 14:13:00,374.0,375.0,97.0
2025-05-14 14:14:00,374.0,375.0,97.0
2025-05-14 14:15:00,374.0,375.0,97.0
2025-05-14 14:16:00,374.0,375.0,97.0
2025-05-14 14:17:00,374.0,375.0,97.0
2025-05-14 14:18:00,374.0,375.0,97.0
2025-05-14 14:19:00,374.0,375.0,97.0
2025-05-14 14:20:00,374.0,375.0,97.0
2025-05-14 14:21:00,374.0,375.0,97.0
2025-05-14 14:22:00,374.0,375.0,97.0
2025-05-14 14:23:00,374.0,375.0,97.0
2025-05-14 14:24:00,374.0,375.0,97.0
2025-05-14 14:25:00,374.0,375.0,97.0
2025-05-14 14:26:00,374.0,375.0,97.0
2025-05-14 14:27:00,374.0,375.0,97.0
2025-05-14 14:28:00,374.0,375.0,97.0
2025-05-14 14:29:00,374.0,375.0,97.0
2025-05-14 14:30:00,374.0,375.0,97.0
2025-05-14 14:31:00,374.0,375.0,97.0
2025-05-14 14:32:00,374.0,375.0,97.0
2025-05-14 14:33:00,373.0,375.0,101.0
2025-05-14 14:34:00,373.0,375.0,101.0
2025-05-14 14:35:00,373.0,375.0,101.0
2025-05-14 14:36:00,373.0,375.0,101.0
2025-05-14 14:37:00,373.0,375.0,101.0
2025-05-14 14:38:00,373.0,375.0,101.0
2025-05-14 14:39:00,373.0,375.0,101.0
2025-05-14 14:40:00,373.0,375.0,101.0
2025-05-14 14:41:00,373.0,375.0,101.0
2025-05-14 14:42:00,373.0,375.0,101.0
2025-05-14 14:43:00,373.0,375.0,101.0
2025-05-14 14:44:00,373.0,375.0,101.0
2025-05-14 14:45:00,373.0,375.0,101.0
2025-05-14 14:46:00,373.0,375.0,101.0
2025-05-14 14:47:00,373.0,375.0,101.0
2025-05-14 14:48:00,373.0,375.0,101.0
2025-05-14 14:49:00,373.0,375.0,101.0
2025-05-14 14:50:00,373.0,375.0,101.0
2025-05-14 14:51:00,373.0,375.0,101.0
2025-05-14 14:52:00,373.0,375.0,101.0
2025-05-14 14:53:00,373.0,375.0,101.0
2025-05-14 14:54:00,373.0,375.0,101.0
2025-05-14 14:55:00,373.0,375.0,101.0
2025-05-14 14:56:00,372.0,375.0,104.0
2025-05-14 14:57:00,372.0,375.0,104.0
2025-05-14 14:58:00,374.0,375.0,105.0
2025-05-14 14:59:00,374.0,375.0,105.0
2025-05-14 15:00:00,374.0,375.0,105.0
2025-05-14 15:01:00,374.0,375.0,105.0
2025-05-14 15:02:00,374.0,375.0,105.0
2025-05-14 15:03:00,374.0,375.0,105.0
2025-05-14 15:04:00,374.0,375.0,105.0
2025-05-14 15:05:00,373.0,375.0,106.0
2025-05-14 15:06:00,373.0,375.0,106.0
2025-05-14 15:07:00,373.0,375.0,106.0
2025-05-14 15:08:00,373.0,375.0,106.0
2025-05-14 15:09:00,373.0,375.0,106.0
2025-05-14 15:10:00,373.0,375.0,106.0
2025-05-14 15:11:00,373.0,375.0,106.0
2025-05-14 15:12:00,373.0,375.0,106.0
2025-05-14 15:13:00,373.0,375.0,106.0
2025-05-14 15:14:00,373.0,375.0,106.0
2025-05-14 15:15:00,373.0,375.0,106.0
2025-05-14 15:16:00,373.0,375.0,106.0
2025-05-14 15:17:00,373.0,375.0,106.0
2025-05-14 15:18:00,373.0,375.0,106.0
2025-05-14 15:19:00,373.0,375.0,106.0
2025-05-14 15:20:00,373.0,375.0,106.0
2025-05-14 15:21:00,372.0,375.0,109.0
2025-05-14 15:22:00,372.0,375.0,109.0
2025-05-14 15:23:00,372.0,375.0,109.0
2025-05-14 15:24:00,372.0,375.0,109.0
2025-05-14 15:25:00,373.0,375.0,110.0
2025-05-14 15:26:00,373.0,375.0,110.0
2025-05-14 15:27:00,373.0,375.0,110.0
2025-05-14 15:28:00,373.0,375.0,110.0
2025-05-14 15:29:00,373.0,375.0,110.0
2025-05-14 15:30:00,378.0,375.0,119.0
2025-05-15 09:00:00,378.0,380.0,33.0
2025-05-15 09:01:00,378.0,380.0,33.0
2025-05-15 09:02:00,378.0,380.0,33.0
2025-05-15 09:03:00,378.0,380.0,33.0
2025-05-15 09:04:00,378.0,380.0,34.0
2025-05-15 09:05:00,378.0,380.0,37.0
2025-05-15 09:06:00,378.0,380.0,37.0
2025-05-15 09:07:00,378.0,380.0,37.0
2025-05-15 09:08:00,378.0,380.0,37.0
2025-05-15 09:09:00,378.0,380.0,37.0
2025-05-15 09:10:00,378.0,380.0,37.0
2025-05-15 09:11:00,378.0,380.0,37.0
2025-05-15 09:12:00,372.0,380.0,67.0
2025-05-15 09:13:00,372.0,380.0,67.0
2025-05-15 09:14:00,372.0,380.0,67.0
2025-05-15 09:15:00,372.0,380.0,67.0
2025-05-15 09:16:00,372.0,380.0,67.0
2025-05-15 09:17:00,372.0,380.0,67.0
2025-05-15 09:18:00,372.0,380.0,67.0
2025-05-15 09:19:00,372.0,380.0,67.0
2025-05-15 09:20:00,372.0,380.0,67.0
2025-05-15 09:21:00,372.0,380.0,67.0
2025-05-15 09:22:00,372.0,380.0,67.0
2025-05-15 09:23:00,372.0,380.0,67.0
2025-05-15 09:24:00,372.0,380.0,67.0
2025-05-15 09:25:00,372.0,380.0,67.0
2025-05-15 09:26:00,372.0,380.0,67.0
2025-05-15 09:27:00,372.0,380.0,67.0
2025-05-15 09:28:00,372.0,380.0,67.0
2025-05-15 09:29:00,372.0,380.0,67.0
2025-05-15 09:30:00,372.0,380.0,67.0
2025-05-15 09:31:00,372.0,380.0,67.0
2025-05-15 09:32:00,372.0,380.0,67.0
2025-05-15 09:33:00,372.0,380.0,67.0
2025-05-15 09:34:00,372.0,380.0,67.0
2025-05-15 09:35:00,372.0,380.0,67.0
2025-05-15 09:36:00,372.0,380.0,67.0
2025-05-15 09:37:00,372.0,380.0,67.0
2025-05-15 09:38:00,372.0,380.0,67.0
2025-05-15 09:39:00,372.0,380.0,67.0
2025-05-15 09:40:00,372.0,380.0,67.0
2025-05-15 09:41:00,372.0,380.0,67.0
2025-05-15 09:42:00,372.0,380.0,67.0
2025-05-15 09:43:00,372.0,380.0,67.0
2025-05-15 09:44:00,372.0,380.0,67.0
2025-05-15 09:45:00,372.0,380.0,67.0
2025-05-15 09:46:00,372.0,380.0,67.0
2025-05-15 09:47:00,372.0,380.0,67.0
2025-05-15 09:48:00,372.0,380.0,67.0
2025-05-15 09:49:00,372.0,380.0,67.0
2025-05-15 09:50:00,372.0,380.0,67.0
2025-05-15 09:51:00,372.0,380.0,67.0
2025-05-15 09:52:00,372.0,380.0,67.0
2025-05-15 09:53:00,372.0,380.0,67.0
2025-05-15 09:54:00,372.0,380.0,67.0
2025-05-15 09:55:00,372.0,380.0,67.0
2025-05-15 09:56:00,372.0,380.0,67.0
2025-05-15 09:57:00,372.0,380.0,67.0
2025-05-15 09:58:00,372.0,380.0,67.0
2025-05-15 09:59:00,372.0,380.0,67.0
2025-05-15 10:00:00,372.0,380.0,67.0
2025-05-15 10:01:00,372.0,380.0,67.0
2025-05-15 10:02:00,372.0,380.0,67.0
2025-05-15 10:03:00,372.0,380.0,67.0
2025-05-15 10:04:00,372.0,380.0,67.0
2025-05-15 10:05:00,372.0,380.0,67.0
2025-05-15 10:06:00,372.0,380.0,67.0
2025-05-15 10:07:00,372.0,380.0,67.0
2025-05-15 10:08:00,372.0,380.0,67.0
2025-05-15 10:09:00,372.0,380.0,67.0
2025-05-15 10:10:00,375.0,380.0,68.0
2025-05-15 10:11:00,375.0,380.0,68.0
2025-05-15 10:12:00,375.0,380.0,68.0
2025-05-15 10:13:00,375.0,380.0,68.0
2025-05-15 10:14:00,375.0,380.0,68.0
2025-05-15 10:15:00,375.0,380.0,68.0
2025-05-15 10:16:00,375.0,380.0,68.0
2025-05-15 10:17:00,375.0,380.0,68.0
2025-05-15 10:18:00,375.0,380.0,68.0
2025-05-15 10:19:00,374.0,380.0,69.0
2025-05-15 10:20:00,374.0,380.0,69.0
2025-05-15 10:21:00,374.0,380.0,69.0
2025-05-15 10:22:00,374.0,380.0,69.0
2025-05-15 10:23:00,374.0,380.0,69.0
2025-05-15 10:24:00,374.0,380.0,69.0
2025-05-15 10:25:00,374.0,380.0,69.0
2025-05-15 10:26:00,374.0,380.0,69.0
2025-05-15 10:27:00,374.0,380.0,69.0
2025-05-15 10:28:00,374.0,380.0,69.0
2025-05-15 10:29:00,374.0,380.0,69.0
2025-05-15 10:30:00,374.0,380.0,69.0
2025-05-15 10:31:00,374.0,380.0,69.0
2025-05-15 10:32:00,374.0,380.0,69.0
2025-05-15 10:33:00,374.0,380.0,69.0
2025-05-15 10:34:00,374.0,380.0,69.0
2025-05-15 10:35:00,374.0,380.0,69.0
2025-05-15 10:36:00,376.0,380.0,70.0
2025-05-15 10:37:00,376.0,380.0,70.0
2025-05-15 10:38:00,376.0,380.0,70.0
2025-05-15 10:39:00,376.0,380.0,70.0
2025-05-15 10:40:00,376.0,380.0,70.0
2025-05-15 10:41:00,376.0,380.0,70.0
2025-05-15 10:42:00,376.0,380.0,70.0
2025-05-15 10:43:00,376.0,380.0,70.0
2025-05-15 10:44:00,376.0,380.0,70.0
2025-05-15 10:45:00,376.0,380.0,70.0
2025-05-15 10:46:00,376.0,380.0,70.0
2025-05-15 10:47:00,376.0,380.0,70.0
2025-05-15 10:48:00,376.0,380.0,70.0
2025-05-15 10:49:00,376.0,380.0,70.0
2025-05-15 10:50:00,376.0,380.0,70.0
2025-05-15 10:51:00,376.0,380.0,70.0
2025-05-15 10:52:00,376.0,380.0,70.0
2025-05-15 10:53:00,376.0,380.0,70.0
2025-05-15 10:54:00,376.0,380.0,70.0
2025-05-15 10:55:00,376.0,380.0,70.0
2025-05-15 10:56:00,376.0,380.0,70.0
2025-05-15 10:57:00,376.0,380.0,70.0
2025-05-15 10:58:00,376.0,380.0,70.0
2025-05-15 10:59:00,376.0,380.0,70.0
2025-05-15 11:00:00,376.0,380.0,70.0
2025-05-15 11:01:00,376.0,380.0,70.0
2025-05-15 11:02:00,376.0,380.0,70.0
2025-05-15 11:03:00,375.0,380.0,71.0
2025-05-15 11:04:00,375.0,380.0,71.0
2025-05-15 11:05:00,375.0,380.0,71.0
2025-05-15 11:06:00,375.0,380.0,71.0
2025-05-15 11:07:00,375.0,380.0,71.0
2025-05-15 11:08:00,375.0,380.0,71.0
2025-05-15 11:09:00,375.0,380.0,71.0
2025-05-15 11:10:00,375.0,380.0,71.0
2025-05-15 11:11:00,375.0,380.0,71.0
2025-05-15 11:12:00,375.0,380.0,71.0
2025-05-15 11:13:00,375.0,380.0,71.0
2025-05-15 11:14:00,375.0,380.0,71.0
2025-05-15 11:15:00,375.0,380.0,71.0
2025-05-15 11:16:00,375.0,380.0,71.0
2025-05-15 11:17:00,375.0,380.0,71.0
2025-05-15 11:18:00,375.0,380.0,71.0
2025-05-15 11:19:00,375.0,380.0,71.0
2025-05-15 11:20:00,375.0,380.0,71.0
2025-05-15 11:21:00,375.0,380.0,71.0
2025-05-15 11:22:00,375.0,380.0,71.0
2025-05-15 11:23:00,375.0,380.0,71.0
2025-05-15 11:24:00,375.0,380.0,71.0
2025-05-15 11:25:00,375.0,380.0,71.0
2025-05-15 11:26:00,375.0,380.0,71.0
2025-05-15 11:27:00,375.0,380.0,71.0
2025-05-15 11:28:00,375.0,380.0,71.0
2025-05-15 11:29:00,375.0,380.0,71.0
2025-05-15 11:30:00,376.0,380.0,76.0
2025-05-15 12:30:00,376.0,380.0,76.0
2025-05-15 12:31:00,376.0,380.0,77.0
2025-05-15 12:32:00,376.0,380.0,77.0
2025-05-15 12:33:00,376.0,380.0,77.0
2025-05-15 12:34:00,376.0,380.0,77.0
2025-05-15 12:35:00,376.0,380.0,77.0
2025-05-15 12:36:00,376.0,380.0,77.0
2025-05-15 12:37:00,376.0,380.0,77.0
2025-05-15 12:38:00,376.0,380.0,77.0
2025-05-15 12:39:00,376.0,380.0,77.0
2025-05-15 12:40:00,375.0,380.0,78.0
2025-05-15 12:41:00,375.0,380.0,78.0
2025-05-15 12:42:00,375.0,380.0,78.0
2025-05-15 12:43:00,375.0,380.0,78.0
2025-05-15 12:44:00,375.0,380.0,78.0
2025-05-15 12:45:00,375.0,380.0,78.0
2025-05-15 12:46:00,375.0,380.0,78.0
2025-05-15 12:47:00,375.0,380.0,78.0
2025-05-15 12:48:00,375.0,380.0,78.0
2025-05-15 12:49:00,375.0,380.0,78.0
2025-05-15 12:50:00,375.0,380.0,78.0
2025-05-15 12:51:00,375.0,380.0,78.0
2025-05-15 12:52:00,375.0,380.0,78.0
2025-05-15 12:53:00,375.0,380.0,78.0
2025-05-15 12:54:00,375.0,380.0,78.0
2025-05-15 12:55:00,375.0,380.0,78.0
2025-05-15 12:56:00,375.0,380.0,78.0
2025-05-15 12:57:00,375.0,380.0,78.0
2025-05-15 12:58:00,375.0,380.0,80.0
2025-05-15 12:59:00,375.0,380.0,80.0
2025-05-15 13:00:00,375.0,380.0,80.0
2025-05-15 13:01:00,375.0,380.0,80.0
2025-05-15 13:02:00,375.0,380.0,80.0
2025-05-15 13:03:00,376.0,380.0,81.0
2025-05-15 13:04:00,376.0,380.0,81.0
2025-05-15 13:05:00,376.0,380.0,81.0
2025-05-15 13:06:00,376.0,380.0,81.0
2025-05-15 13:07:00,376.0,380.0,83.0
2025-05-15 13:08:00,376.0,380.0,83.0
2025-05-15 13:09:00,376.0,380.0,83.0
2025-05-15 13:10:00,376.0,380.0,83.0
2025-05-15 13:11:00,376.0,380.0,83.0
2025-05-15 13:12:00,376.0,380.0,84.0
2025-05-15 13:13:00,376.0,380.0,84.0
2025-05-15 13:14:00,376.0,380.0,84.0
2025-05-15 13:15:00,376.0,380.0,84.0
2025-05-15 13:16:00,376.0,380.0,84.0
2025-05-15 13:17:00,376.0,380.0,84.0
2025-05-15 13:18:00,376.0,380.0,84.0
2025-05-15 13:19:00,376.0,380.0,84.0
2025-05-15 13:20:00,376.0,380.0,84.0
2025-05-15 13:21:00,376.0,380.0,84.0
2025-05-15 13:22:00,376.0,380.0,84.0
2025-05-15 13:23:00,376.0,380.0,84.0
2025-05-15 13:24:00,376.0,380.0,84.0
2025-05-15 13:25:00,376.0,380.0,84.0
2025-05-15 13:26:00,376.0,380.0,84.0
2025-05-15 13:27:00,376.0,380.0,84.0
2025-05-15 13:28:00,376.0,380.0,84.0
2025-05-15 13:29:00,376.0,380.0,84.0
2025-05-15 13:30:00,376.0,380.0,84.0
2025-05-15 13:31:00,376.0,380.0,84.0
2025-05-15 13:32:00,376.0,380.0,84.0
2025-05-15 13:33:00,376.0,380.0,84.0
2025-05-15 13:34:00,376.0,380.0,84.0
2025-05-15 13:35:00,376.0,380.0,84.0
2025-05-15 13:36:00,376.0,380.0,84.0
2025-05-15 13:37:00,376.0,380.0,84.0
2025-05-15 13:38:00,376.0,380.0,84.0
2025-05-15 13:39:00,376.0,380.0,84.0
2025-05-15 13:40:00,376.0,380.0,84.0
2025-05-15 13:41:00,376.0,380.0,84.0
2025-05-15 13:42:00,376.0,380.0,84.0
2025-05-15 13:43:00,376.0,380.0,84.0
2025-05-15 13:44:00,376.0,380.0,84.0
2025-05-15 13:45:00,376.0,380.0,84.0
2025-05-15 13:46:00,376.0,380.0,84.0
2025-05-15 13:47:00,376.0,380.0,84.0
2025-05-15 13:48:00,376.0,380.0,84.0
2025-05-15 13:49:00,376.0,380.0,84.0
2025-05-15 13:50:00,376.0,380.0,84.0
2025-05-15 13:51:00,376.0,380.0,84.0
2025-05-15 13:52:00,376.0,380.0,84.0
2025-05-15 13:53:00,376.0,380.0,84.0
2025-05-15 13:54:00,376.0,380.0,84.0
2025-05-15 13:55:00,376.0,380.0,84.0
2025-05-15 13:56:00,376.0,380.0,84.0
2025-05-15 13:57:00,376.0,380.0,84.0
2025-05-15 13:58:00,376.0,380.0,84.0
2025-05-15 13:59:00,376.0,380.0,84.0
2025-05-15 14:00:00,376.0,380.0,84.0
2025-05-15 14:01:00,376.0,380.0,84.0
2025-05-15 14:02:00,376.0,380.0,84.0
2025-05-15 14:03:00,375.0,380.0,88.0
2025-05-15 14:04:00,376.0,380.0,90.0
2025-05-15 14:05:00,376.0,380.0,90.0
2025-05-15 14:06:00,376.0,380.0,90.0
2025-05-15 14:07:00,376.0,380.0,90.0
2025-05-15 14:08:00,376.0,380.0,90.0
2025-05-15 14:09:00,376.0,380.0,90.0
2025-05-15 14:10:00,376.0,380.0,90.0
2025-05-15 14:11:00,376.0,380.0,90.0
2025-05-15 14:12:00,376.0,380.0,90.0
2025-05-15 14:13:00,376.0,380.0,90.0
2025-05-15 14:14:00,376.0,380.0,90.0
2025-05-15 14:15:00,376.0,380.0,90.0
2025-05-15 14:16:00,376.0,380.0,90.0
2025-05-15 14:17:00,376.0,380.0,90.0
2025-05-15 14:18:00,376.0,380.0,90.0
2025-05-15 14:19:00,376.0,380.0,90.0
2025-05-15 14:20:00,376.0,380.0,90.0
2025-05-15 14:21:00,376.0,380.0,90.0
2025-05-15 14:22:00,376.0,380.0,93.0
2025-05-15 14:23:00,376.0,380.0,93.0
2025-05-15 14:24:00,376.0,380.0,93.0
2025-05-15 14:25:00,376.0,380.0,93.0
2025-05-15 14:26:00,376.0,380.0,95.0
2025-05-15 14:27:00,376.0,380.0,95.0
2025-05-15 14:28:00,376.0,380.0,95.0
2025-05-15 14:29:00,376.0,380.0,95.0
2025-05-15 14:30:00,376.0,380.0,95.0
2025-05-15 14:31:00,376.0,380.0,95.0
2025-05-15 14:32:00,376.0,380.0,95.0
2025-05-15 14:33:00,376.0,380.0,95.0
2025-05-15 14:34:00,376.0,380.0,95.0
2025-05-15 14:35:00,377.0,380.0,102.0
2025-05-15 14:36:00,379.0,380.0,107.0
2025-05-15 14:37:00,379.0,380.0,107.0
2025-05-15 14:38:00,379.0,380.0,111.0
2025-05-15 14:39:00,379.0,380.0,114.0
2025-05-15 14:40:00,379.0,380.0,114.0
2025-05-15 14:41:00,379.0,380.0,114.0
2025-05-15 14:42:00,379.0,380.0,114.0
2025-05-15 14:43:00,379.0,380.0,114.0
2025-05-15 14:44:00,379.0,380.0,114.0
2025-05-15 14:45:00,379.0,380.0,114.0
2025-05-15 14:46:00,379.0,380.0,114.0
2025-05-15 14:47:00,379.0,380.0,114.0
2025-05-15 14:48:00,379.0,380.0,114.0
2025-05-15 14:49:00,379.0,380.0,114.0
2025-05-15 14:50:00,379.0,380.0,114.0
2025-05-15 14:51:00,379.0,380.0,114.0
2025-05-15 14:52:00,379.0,380.0,114.0
2025-05-15 14:53:00,379.0,380.0,114.0
2025-05-15 14:54:00,379.0,380.0,114.0
2025-05-15 14:55:00,379.0,380.0,114.0
2025-05-15 14:56:00,379.0,380.0,114.0
2025-05-15 14:57:00,379.0,380.0,114.0
2025-05-15 14:58:00,379.0,380.0,114.0
2025-05-15 14:59:00,379.0,380.0,114.0
2025-05-15 15:00:00,379.0,380.0,114.0
2025-05-15 15:01:00,379.0,380.0,114.0
2025-05-15 15:02:00,379.0,380.0,114.0
2025-05-15 15:03:00,379.0,380.0,114.0
2025-05-15 15:04:00,379.0,380.0,114.0
2025-05-15 15:05:00,379.0,380.0,114.0
2025-05-15 15:06:00,379.0,380.0,114.0
2025-05-15 15:07:00,379.0,380.0,115.0
2025-05-15 15:08:00,379.0,380.0,115.0
2025-05-15 15:09:00,379.0,380.0,115.0
2025-05-15 15:10:00,379.0,380.0,115.0
2025-05-15 15:11:00,379.0,380.0,115.0
2025-05-15 15:12:00,379.0,380.0,115.0
2025-05-15 15:13:00,379.0,380.0,115.0
2025-05-15 15:14:00,379.0,380.0,115.0
2025-05-15 15:15:00,378.0,380.0,134.0
2025-05-15 15:16:00,378.0,380.0,134.0
2025-05-15 15:17:00,378.0,380.0,134.0
2025-05-15 15:18:00,378.0,380.0,134.0
2025-05-15 15:19:00,378.0,380.0,134.0
2025-05-15 15:20:00,378.0,380.0,134.0
2025-05-15 15:21:00,378.0,380.0,134.0
2025-05-15 15:22:00,378.0,380.0,134.0
2025-05-15 15:23:00,378.0,380.0,134.0
2025-05-15 15:24:00,377.0,380.0,136.0
2025-05-15 15:25:00,377.0,380.0,136.0
2025-05-15 15:26:00,377.0,380.0,136.0
2025-05-15 15:27:00,377.0,380.0,136.0
2025-05-15 15:28:00,377.0,380.0,136.0
2025-05-15 15:29:00,377.0,380.0,136.0
2025-05-15 15:30:00,380.0,380.0,143.0
2025-05-16 09:00:00,375.0,375.0,78.0
2025-05-16 09:01:00,375.0,375.0,78.0
2025-05-16 09:02:00,375.0,375.0,78.0
2025-05-16 09:03:00,375.0,375.0,78.0
2025-05-16 09:04:00,375.0,375.0,78.0
2025-05-16 09:05:00,375.0,375.0,78.0
2025-05-16 09:06:00,375.0,375.0,78.0
2025-05-16 09:07:00,375.0,375.0,78.0
2025-05-16 09:08:00,375.0,375.0,78.0
2025-05-16 09:09:00,375.0,375.0,78.0
2025-05-16 09:10:00,375.0,375.0,78.0
2025-05-16 09:11:00,375.0,375.0,78.0
2025-05-16 09:12:00,375.0,375.0,78.0
2025-05-16 09:13:00,375.0,375.0,78.0
2025-05-16 09:14:00,375.0,375.0,78.0
2025-05-16 09:15:00,375.0,375.0,78.0
2025-05-16 09:16:00,375.0,375.0,78.0
2025-05-16 09:17:00,375.0,375.0,78.0
2025-05-16 09:18:00,375.0,375.0,78.0
2025-05-16 09:19:00,375.0,375.0,78.0
2025-05-16 09:20:00,375.0,375.0,78.0
2025-05-16 09:21:00,375.0,375.0,78.0
2025-05-16 09:22:00,375.0,375.0,78.0
2025-05-16 09:23:00,375.0,375.0,78.0
2025-05-16 09:24:00,375.0,375.0,78.0
2025-05-16 09:25:00,375.0,375.0,78.0
2025-05-16 09:26:00,375.0,375.0,78.0
2025-05-16 09:27:00,375.0,375.0,78.0
2025-05-16 09:28:00,375.0,375.0,78.0
2025-05-16 09:29:00,375.0,375.0,78.0
2025-05-16 09:30:00,375.0,375.0,78.0
2025-05-16 09:31:00,376.0,375.0,79.0
2025-05-16 09:32:00,376.0,375.0,79.0
2025-05-16 09:33:00,376.0,375.0,79.0
2025-05-16 09:34:00,376.0,375.0,79.0
2025-05-16 09:35:00,376.0,375.0,79.0
2025-05-16 09:36:00,376.0,375.0,79.0
2025-05-16 09:37:00,376.0,375.0,79.0
2025-05-16 09:38:00,376.0,375.0,79.0
2025-05-16 09:39:00,376.0,375.0,79.0
2025-05-16 09:40:00,376.0,375.0,79.0
2025-05-16 09:41:00,376.0,375.0,79.0
2025-05-16 09:42:00,376.0,375.0,79.0
2025-05-16 09:43:00,376.0,375.0,79.0
2025-05-16 09:44:00,376.0,375.0,79.0
2025-05-16 09:45:00,376.0,375.0,79.0
2025-05-16 09:46:00,373.0,375.0,88.0
2025-05-16 09:47:00,373.0,375.0,88.0
2025-05-16 09:48:00,373.0,375.0,88.0
2025-05-16 09:49:00,373.0,375.0,88.0
2025-05-16 09:50:00,373.0,375.0,88.0
2025-05-16 09:51:00,374.0,375.0,89.0
2025-05-16 09:52:00,374.0,375.0,89.0
2025-05-16 09:53:00,374.0,375.0,89.0
2025-05-16 09:54:00,374.0,375.0,89.0
2025-05-16 09:55:00,374.0,375.0,89.0
2025-05-16 09:56:00,374.0,375.0,89.0
2025-05-16 09:57:00,374.0,375.0,89.0
2025-05-16 09:58:00,374.0,375.0,89.0
2025-05-16 09:59:00,374.0,375.0,89.0
2025-05-16 10:00:00,374.0,375.0,89.0
2025-05-16 10:01:00,374.0,375.0,89.0
2025-05-16 10:02:00,374.0,375.0,89.0
2025-05-16 10:03:00,374.0,375.0,89.0
2025-05-16 10:04:00,374.0,375.0,89.0
2025-05-16 10:05:00,374.0,375.0,89.0
2025-05-16 10:06:00,374.0,375.0,89.0
2025-05-16 10:07:00,374.0,375.0,89.0
2025-05-16 10:08:00,374.0,375.0,89.0
2025-05-16 10:09:00,374.0,375.0,89.0
2025-05-16 10:10:00,374.0,375.0,90.0
2025-05-16 10:11:00,374.0,375.0,90.0
2025-05-16 10:12:00,374.0,375.0,90.0
2025-05-16 10:13:00,374.0,375.0,91.0
2025-05-16 10:14:00,374.0,375.0,91.0
2025-05-16 10:15:00,374.0,375.0,91.0
2025-05-16 10:16:00,374.0,375.0,91.0
2025-05-16 10:17:00,374.0,375.0,91.0
2025-05-16 10:18:00,374.0,375.0,91.0
2025-05-16 10:19:00,375.0,375.0,92.0
2025-05-16 10:20:00,375.0,375.0,92.0
2025-05-16 10:21:00,375.0,375.0,92.0
2025-05-16 10:22:00,375.0,375.0,92.0
2025-05-16 10:23:00,375.0,375.0,92.0
2025-05-16 10:24:00,375.0,375.0,92.0
2025-05-16 10:25:00,375.0,375.0,92.0
2025-05-16 10:26:00,375.0,375.0,92.0
2025-05-16 10:27:00,375.0,375.0,92.0
2025-05-16 10:28:00,375.0,375.0,92.0
2025-05-16 10:29:00,375.0,375.0,92.0
2025-05-16 10:30:00,375.0,375.0,92.0
2025-05-16 10:31:00,375.0,375.0,92.0
2025-05-16 10:32:00,375.0,375.0,92.0
2025-05-16 10:33:00,375.0,375.0,92.0
2025-05-16 10:34:00,375.0,375.0,92.0
2025-05-16 10:35:00,375.0,375.0,92.0
2025-05-16 10:36:00,375.0,375.0,92.0
2025-05-16 10:37:00,375.0,375.0,92.0
2025-05-16 10:38:00,375.0,375.0,92.0
2025-05-16 10:39:00,375.0,375.0,92.0
2025-05-16 10:40:00,375.0,375.0,92.0
2025-05-16 10:41:00,375.0,375.0,92.0
2025-05-16 10:42:00,375.0,375.0,92.0
2025-05-16 10:43:00,375.0,375.0,93.0
2025-05-16 10:44:00,375.0,375.0,93.0
2025-05-16 10:45:00,375.0,375.0,93.0
2025-05-16 10:46:00,375.0,375.0,93.0
2025-05-16 10:47:00,375.0,375.0,93.0
2025-05-16 10:48:00,375.0,375.0,93.0
2025-05-16 10:49:00,375.0,375.0,93.0
2025-05-16 10:50:00,375.0,375.0,93.0
2025-05-16 10:51:00,375.0,375.0,93.0
2025-05-16 10:52:00,375.0,375.0,93.0
2025-05-16 10:53:00,375.0,375.0,93.0
2025-05-16 10:54:00,375.0,375.0,93.0
2025-05-16 10:55:00,375.0,375.0,93.0
2025-05-16 10:56:00,375.0,375.0,93.0
2025-05-16 10:57:00,375.0,375.0,93.0
2025-05-16 10:58:00,375.0,375.0,93.0
2025-05-16 10:59:00,375.0,375.0,93.0
2025-05-16 11:00:00,375.0,375.0,93.0
2025-05-16 11:01:00,375.0,375.0,93.0
2025-05-16 11:02:00,375.0,375.0,93.0
2025-05-16 11:03:00,375.0,375.0,93.0
2025-05-16 11:04:00,375.0,375.0,93.0
2025-05-16 11:05:00,375.0,375.0,93.0
2025-05-16 11:06:00,375.0,375.0,93.0
2025-05-16 11:07:00,375.0,375.0,93.0
2025-05-16 11:08:00,375.0,375.0,93.0
2025-05-16 11:09:00,375.0,375.0,93.0
2025-05-16 11:10:00,375.0,375.0,93.0
2025-05-16 11:11:00,375.0,375.0,94.0
2025-05-16 11:12:00,375.0,375.0,94.0
2025-05-16 11:13:00,375.0,375.0,94.0
2025-05-16 11:14:00,375.0,375.0,94.0
2025-05-16 11:15:00,375.0,375.0,94.0
2025-05-16 11:16:00,375.0,375.0,94.0
2025-05-16 11:17:00,375.0,375.0,94.0
2025-05-16 11:18:00,375.0,375.0,94.0
2025-05-16 11:19:00,375.0,375.0,94.0
2025-05-16 11:20:00,375.0,375.0,94.0
2025-05-16 11:21:00,375.0,375.0,94.0
2025-05-16 11:22:00,375.0,375.0,94.0
2025-05-16 11:23:00,375.0,375.0,94.0
2025-05-16 11:24:00,375.0,375.0,94.0
2025-05-16 11:25:00,375.0,375.0,94.0
2025-05-16 11:26:00,375.0,375.0,94.0
2025-05-16 11:27:00,375.0,375.0,94.0
2025-05-16 11:28:00,375.0,375.0,94.0
2025-05-16 11:29:00,375.0,375.0,94.0
2025-05-16 11:30:00,374.0,375.0,95.0
2025-05-16 12:30:00,374.0,375.0,98.0
2025-05-16 12:31:00,374.0,375.0,98.0
2025-05-16 12:32:00,374.0,375.0,98.0
2025-05-16 12:33:00,374.0,375.0,98.0
2025-05-16 12:34:00,374.0,375.0,98.0
2025-05-16 12:35:00,374.0,375.0,98.0
2025-05-16 12:36:00,374.0,375.0,98.0
2025-05-16 12:37:00,380.0,375.0,129.0
2025-05-16 12:38:00,370.0,375.0,378.0
2025-05-16 12:39:00,373.0,375.0,384.0
2025-05-16 12:40:00,373.0,375.0,384.0
2025-05-16 12:41:00,373.0,375.0,384.0
2025-05-16 12:42:00,373.0,375.0,384.0
2025-05-16 12:43:00,374.0,375.0,390.0
2025-05-16 12:44:00,374.0,375.0,390.0
2025-05-16 12:45:00,374.0,375.0,390.0
2025-05-16 12:46:00,374.0,375.0,390.0
2025-05-16 12:47:00,371.0,375.0,397.0
2025-05-16 12:48:00,371.0,375.0,397.0
2025-05-16 12:49:00,371.0,375.0,397.0
2025-05-16 12:50:00,371.0,375.0,397.0
2025-05-16 12:51:00,371.0,375.0,397.0
2025-05-16 12:52:00,371.0,375.0,397.0
2025-05-16 12:53:00,371.0,375.0,397.0
2025-05-16 12:54:00,371.0,375.0,397.0
2025-05-16 12:55:00,376.0,375.0,398.0
2025-05-16 12:56:00,376.0,375.0,398.0
2025-05-16 12:57:00,376.0,375.0,398.0
2025-05-16 12:58:00,376.0,375.0,398.0
2025-05-16 12:59:00,371.0,375.0,399.0
2025-05-16 13:00:00,371.0,375.0,399.0
2025-05-16 13:01:00,371.0,375.0,399.0
2025-05-16 13:02:00,371.0,375.0,399.0
2025-05-16 13:03:00,371.0,375.0,399.0
2025-05-16 13:04:00,371.0,375.0,399.0
2025-05-16 13:05:00,371.0,375.0,399.0
2025-05-16 13:06:00,371.0,375.0,399.0
2025-05-16 13:07:00,371.0,375.0,399.0
2025-05-16 13:08:00,371.0,375.0,399.0
2025-05-16 13:09:00,371.0,375.0,399.0
2025-05-16 13:10:00,371.0,375.0,399.0
2025-05-16 13:11:00,371.0,375.0,399.0
2025-05-16 13:12:00,371.0,375.0,399.0
2025-05-16 13:13:00,371.0,375.0,399.0
2025-05-16 13:14:00,371.0,375.0,399.0
2025-05-16 13:15:00,371.0,375.0,399.0
2025-05-16 13:16:00,371.0,375.0,399.0
2025-05-16 13:17:00,371.0,375.0,399.0
2025-05-16 13:18:00,376.0,375.0,400.0
2025-05-16 13:19:00,376.0,375.0,400.0
2025-05-16 13:20:00,376.0,375.0,400.0
2025-05-16 13:21:00,376.0,375.0,400.0
2025-05-16 13:22:00,376.0,375.0,400.0
2025-05-16 13:23:00,376.0,375.0,400.0
2025-05-16 13:24:00,377.0,375.0,406.0
2025-05-16 13:25:00,377.0,375.0,406.0
2025-05-16 13:26:00,377.0,375.0,406.0
2025-05-16 13:27:00,377.0,375.0,406.0
2025-05-16 13:28:00,377.0,375.0,406.0
2025-05-16 13:29:00,377.0,375.0,406.0
2025-05-16 13:30:00,377.0,375.0,406.0
2025-05-16 13:31:00,377.0,375.0,406.0
2025-05-16 13:32:00,377.0,375.0,406.0
2025-05-16 13:33:00,377.0,375.0,406.0
2025-05-16 13:34:00,377.0,375.0,406.0
2025-05-16 13:35:00,377.0,375.0,406.0
2025-05-16 13:36:00,377.0,375.0,406.0
2025-05-16 13:37:00,377.0,375.0,406.0
2025-05-16 13:38:00,377.0,375.0,406.0
2025-05-16 13:39:00,377.0,375.0,406.0
2025-05-16 13:40:00,377.0,375.0,406.0
2025-05-16 13:41:00,377.0,375.0,406.0
2025-05-16 13:42:00,377.0,375.0,407.0
2025-05-16 13:43:00,377.0,375.0,407.0
2025-05-16 13:44:00,376.0,375.0,410.0
2025-05-16 13:45:00,376.0,375.0,410.0
2025-05-16 13:46:00,376.0,375.0,410.0
2025-05-16 13:47:00,376.0,375.0,410.0
2025-05-16 13:48:00,376.0,375.0,410.0
2025-05-16 13:49:00,376.0,375.0,410.0
2025-05-16 13:50:00,376.0,375.0,410.0
2025-05-16 13:51:00,376.0,375.0,410.0
2025-05-16 13:52:00,376.0,375.0,410.0
2025-05-16 13:53:00,376.0,375.0,410.0
2025-05-16 13:54:00,376.0,375.0,410.0
2025-05-16 13:55:00,376.0,375.0,410.0
2025-05-16 13:56:00,376.0,375.0,410.0
2025-05-16 13:57:00,376.0,375.0,410.0
2025-05-16 13:58:00,376.0,375.0,410.0
2025-05-16 13:59:00,376.0,375.0,410.0
2025-05-16 14:00:00,376.0,375.0,410.0
2025-05-16 14:01:00,376.0,375.0,410.0
2025-05-16 14:02:00,376.0,375.0,410.0
2025-05-16 14:03:00,376.0,375.0,410.0
2025-05-16 14:04:00,376.0,375.0,410.0
2025-05-16 14:05:00,377.0,375.0,411.0
2025-05-16 14:06:00,377.0,375.0,411.0
2025-05-16 14:07:00,377.0,375.0,411.0
2025-05-16 14:08:00,377.0,375.0,411.0
2025-05-16 14:09:00,377.0,375.0,411.0
2025-05-16 14:10:00,377.0,375.0,411.0
2025-05-16 14:11:00,376.0,375.0,420.0
2025-05-16 14:12:00,376.0,375.0,420.0
2025-05-16 14:13:00,376.0,375.0,420.0
2025-05-16 14:14:00,376.0,375.0,420.0
2025-05-16 14:15:00,376.0,375.0,420.0
2025-05-16 14:16:00,376.0,375.0,420.0
2025-05-16 14:17:00,376.0,375.0,420.0
2025-05-16 14:18:00,376.0,375.0,420.0
2025-05-16 14:19:00,376.0,375.0,420.0
2025-05-16 14:20:00,376.0,375.0,420.0
2025-05-16 14:21:00,376.0,375.0,420.0
2025-05-16 14:22:00,376.0,375.0,420.0
2025-05-16 14:23:00,376.0,375.0,420.0
2025-05-16 14:24:00,376.0,375.0,420.0
2025-05-16 14:25:00,376.0,375.0,420.0
2025-05-16 14:26:00,376.0,375.0,420.0
2025-05-16 14:27:00,376.0,375.0,420.0
2025-05-16 14:28:00,377.0,375.0,421.0
2025-05-16 14:29:00,377.0,375.0,421.0
2025-05-16 14:30:00,377.0,375.0,421.0
2025-05-16 14:31:00,377.0,375.0,421.0
2025-05-16 14:32:00,377.0,375.0,421.0
2025-05-16 14:33:00,377.0,375.0,421.0
2025-05-16 14:34:00,377.0,375.0,421.0
2025-05-16 14:35:00,377.0,375.0,421.0
2025-05-16 14:36:00,377.0,375.0,421.0
2025-05-16 14:37:00,377.0,375.0,421.0
2025-05-16 14:38:00,377.0,375.0,421.0
2025-05-16 14:39:00,377.0,375.0,421.0
2025-05-16 14:40:00,377.0,375.0,421.0
2025-05-16 14:41:00,377.0,375.0,421.0
2025-05-16 14:42:00,377.0,375.0,421.0
2025-05-16 14:43:00,377.0,375.0,421.0
2025-05-16 14:44:00,377.0,375.0,421.0
2025-05-16 14:45:00,377.0,375.0,421.0
2025-05-16 14:46:00,377.0,375.0,421.0
2025-05-16 14:47:00,377.0,375.0,421.0
2025-05-16 14:48:00,377.0,375.0,421.0
2025-05-16 14:49:00,377.0,375.0,421.0
2025-05-16 14:50:00,377.0,375.0,421.0
2025-05-16 14:51:00,377.0,375.0,421.0
2025-05-16 14:52:00,377.0,375.0,422.0
2025-05-16 14:53:00,377.0,375.0,422.0
2025-05-16 14:54:00,377.0,375.0,422.0
2025-05-16 14:55:00,377.0,375.0,422.0
2025-05-16 14:56:00,377.0,375.0,422.0
2025-05-16 14:57:00,377.0,375.0,422.0
2025-05-16 14:58:00,377.0,375.0,422.0
2025-05-16 14:59:00,377.0,375.0,422.0
2025-05-16 15:00:00,377.0,375.0,422.0
2025-05-16 15:01:00,377.0,375.0,422.0
2025-05-16 15:02:00,377.0,375.0,422.0
2025-05-16 15:03:00,377.0,375.0,422.0
2025-05-16 15:04:00,377.0,375.0,422.0
2025-05-16 15:05:00,377.0,375.0,422.0
2025-05-16 15:06:00,377.0,375.0,422.0
2025-05-16 15:07:00,377.0,375.0,422.0
2025-05-16 15:08:00,377.0,375.0,422.0
2025-05-16 15:09:00,377.0,375.0,422.0
2025-05-16 15:10:00,377.0,375.0,422.0
2025-05-16 15:11:00,377.0,375.0,422.0
2025-05-16 15:12:00,377.0,375.0,422.0
2025-05-16 15:13:00,377.0,375.0,422.0
2025-05-16 15:14:00,377.0,375.0,422.0
2025-05-16 15:15:00,377.0,375.0,423.0
2025-05-16 15:16:00,377.0,375.0,423.0
2025-05-16 15:17:00,377.0,375.0,423.0
2025-05-16 15:18:00,377.0,375.0,423.0
2025-05-16 15:19:00,377.0,375.0,423.0
2025-05-16 15:20:00,377.0,375.0,423.0
2025-05-16 15:21:00,377.0,375.0,423.0
2025-05-16 15:22:00,377.0,375.0,423.0
2025-05-16 15:23:00,377.0,375.0,423.0
2025-05-16 15:24:00,377.0,375.0,423.0
2025-05-16 15:25:00,377.0,375.0,423.0
2025-05-16 15:26:00,377.0,375.0,423.0
2025-05-16 15:27:00,377.0,375.0,423.0
2025-05-16 15:28:00,377.0,375.0,423.0
2025-05-16 15:29:00,377.0,375.0,423.0
2025-05-16 15:30:00,374.0,375.0,424.0
2025-05-19 09:00:00,375.0,375.0,12.0
2025-05-19 09:01:00,375.0,375.0,12.0
2025-05-19 09:02:00,375.0,375.0,12.0
2025-05-19 09:03:00,375.0,375.0,12.0
2025-05-19 09:04:00,374.0,375.0,54.0
2025-05-19 09:05:00,374.0,375.0,54.0
2025-05-19 09:06:00,374.0,375.0,54.0
2025-05-19 09:07:00,374.0,375.0,54.0
2025-05-19 09:08:00,374.0,375.0,54.0
2025-05-19 09:09:00,374.0,375.0,54.0
2025-05-19 09:10:00,374.0,375.0,54.0
2025-05-19 09:11:00,374.0,375.0,54.0
2025-05-19 09:12:00,374.0,375.0,54.0
2025-05-19 09:13:00,374.0,375.0,54.0
2025-05-19 09:14:00,374.0,375.0,54.0
2025-05-19 09:15:00,372.0,375.0,55.0
2025-05-19 09:16:00,371.0,375.0,60.0
2025-05-19 09:17:00,371.0,375.0,60.0
2025-05-19 09:18:00,371.0,375.0,60.0
2025-05-19 09:19:00,371.0,375.0,60.0
2025-05-19 09:20:00,371.0,375.0,60.0
2025-05-19 09:21:00,371.0,375.0,60.0
2025-05-19 09:22:00,371.0,375.0,60.0
2025-05-19 09:23:00,371.0,375.0,60.0
2025-05-19 09:24:00,371.0,375.0,60.0
2025-05-19 09:25:00,371.0,375.0,60.0
2025-05-19 09:26:00,371.0,375.0,60.0
2025-05-19 09:27:00,371.0,375.0,60.0
2025-05-19 09:28:00,371.0,375.0,60.0
2025-05-19 09:29:00,371.0,375.0,60.0
2025-05-19 09:30:00,371.0,375.0,60.0
2025-05-19 09:31:00,371.0,375.0,60.0
2025-05-19 09:32:00,371.0,375.0,60.0
2025-05-19 09:33:00,371.0,375.0,60.0
2025-05-19 09:34:00,371.0,375.0,60.0
2025-05-19 09:35:00,371.0,375.0,60.0
2025-05-19 09:36:00,371.0,375.0,60.0
2025-05-19 09:37:00,371.0,375.0,60.0
2025-05-19 09:38:00,371.0,375.0,60.0
2025-05-19 09:39:00,371.0,375.0,60.0
2025-05-19 09:40:00,371.0,375.0,60.0
2025-05-19 09:41:00,371.0,375.0,60.0
2025-05-19 09:42:00,371.0,375.0,60.0
2025-05-19 09:43:00,371.0,375.0,60.0
2025-05-19 09:44:00,371.0,375.0,60.0
2025-05-19 09:45:00,371.0,375.0,60.0
2025-05-19 09:46:00,371.0,375.0,60.0
2025-05-19 09:47:00,371.0,375.0,60.0
2025-05-19 09:48:00,371.0,375.0,60.0
2025-05-19 09:49:00,371.0,375.0,60.0
2025-05-19 09:50:00,371.0,375.0,60.0
2025-05-19 09:51:00,371.0,375.0,60.0
2025-05-19 09:52:00,371.0,375.0,60.0
2025-05-19 09:53:00,371.0,375.0,60.0
2025-05-19 09:54:00,371.0,375.0,60.0
2025-05-19 09:55:00,371.0,375.0,60.0
2025-05-19 09:56:00,371.0,375.0,60.0
2025-05-19 09:57:00,371.0,375.0,60.0
2025-05-19 09:58:00,371.0,375.0,60.0
2025-05-19 09:59:00,371.0,375.0,60.0
2025-05-19 10:00:00,371.0,375.0,60.0
2025-05-19 10:01:00,371.0,375.0,60.0
2025-05-19 10:02:00,371.0,375.0,60.0
2025-05-19 10:03:00,371.0,375.0,60.0
2025-05-19 10:04:00,371.0,375.0,60.0
2025-05-19 10:05:00,371.0,375.0,60.0
2025-05-19 10:06:00,371.0,375.0,60.0
2025-05-19 10:07:00,371.0,375.0,60.0
2025-05-19 10:08:00,371.0,375.0,60.0
2025-05-19 10:09:00,371.0,375.0,60.0
2025-05-19 10:10:00,371.0,375.0,60.0
2025-05-19 10:11:00,371.0,375.0,60.0
2025-05-19 10:12:00,371.0,375.0,60.0
2025-05-19 10:13:00,371.0,375.0,60.0
2025-05-19 10:14:00,371.0,375.0,60.0
2025-05-19 10:15:00,371.0,375.0,60.0
2025-05-19 10:16:00,371.0,375.0,60.0
2025-05-19 10:17:00,371.0,375.0,60.0
2025-05-19 10:18:00,371.0,375.0,60.0
2025-05-19 10:19:00,371.0,375.0,60.0
2025-05-19 10:20:00,371.0,375.0,60.0
2025-05-19 10:21:00,371.0,375.0,60.0
2025-05-19 10:22:00,371.0,375.0,60.0
2025-05-19 10:23:00,371.0,375.0,60.0
2025-05-19 10:24:00,371.0,375.0,60.0
2025-05-19 10:25:00,371.0,375.0,60.0
2025-05-19 10:26:00,371.0,375.0,60.0
2025-05-19 10:27:00,371.0,375.0,60.0
2025-05-19 10:28:00,371.0,375.0,60.0
2025-05-19 10:29:00,371.0,375.0,60.0
2025-05-19 10:30:00,371.0,375.0,60.0
2025-05-19 10:31:00,371.0,375.0,60.0
2025-05-19 10:32:00,371.0,375.0,60.0
2025-05-19 10:33:00,371.0,375.0,60.0
2025-05-19 10:34:00,371.0,375.0,60.0
2025-05-19 10:35:00,371.0,375.0,60.0
2025-05-19 10:36:00,371.0,375.0,60.0
2025-05-19 10:37:00,371.0,375.0,60.0
2025-05-19 10:38:00,371.0,375.0,60.0
2025-05-19 10:39:00,371.0,375.0,60.0
2025-05-19 10:40:00,371.0,375.0,60.0
2025-05-19 10:41:00,371.0,375.0,60.0
2025-05-19 10:42:00,371.0,375.0,60.0
2025-05-19 10:43:00,371.0,375.0,60.0
2025-05-19 10:44:00,371.0,375.0,60.0
2025-05-19 10:45:00,371.0,375.0,60.0
2025-05-19 10:46:00,371.0,375.0,60.0
2025-05-19 10:47:00,371.0,375.0,60.0
2025-05-19 10:48:00,371.0,375.0,60.0
2025-05-19 10:49:00,371.0,375.0,60.0
2025-05-19 10:50:00,371.0,375.0,60.0
2025-05-19 10:51:00,371.0,375.0,60.0
2025-05-19 10:52:00,371.0,375.0,60.0
2025-05-19 10:53:00,371.0,375.0,60.0
2025-05-19 10:54:00,371.0,375.0,60.0
2025-05-19 10:55:00,371.0,375.0,60.0
2025-05-19 10:56:00,371.0,375.0,60.0
2025-05-19 10:57:00,371.0,375.0,60.0
2025-05-19 10:58:00,371.0,375.0,60.0
2025-05-19 10:59:00,371.0,375.0,60.0
2025-05-19 11:00:00,371.0,375.0,60.0
2025-05-19 11:01:00,371.0,375.0,60.0
2025-05-19 11:02:00,371.0,375.0,60.0
2025-05-19 11:03:00,371.0,375.0,60.0
2025-05-19 11:04:00,371.0,375.0,60.0
2025-05-19 11:05:00,371.0,375.0,60.0
2025-05-19 11:06:00,371.0,375.0,60.0
2025-05-19 11:07:00,371.0,375.0,60.0
2025-05-19 11:08:00,371.0,375.0,60.0
2025-05-19 11:09:00,371.0,375.0,60.0
2025-05-19 11:10:00,371.0,375.0,60.0
2025-05-19 11:11:00,371.0,375.0,60.0
2025-05-19 11:12:00,371.0,375.0,60.0
2025-05-19 11:13:00,371.0,375.0,60.0
2025-05-19 11:14:00,371.0,375.0,60.0
2025-05-19 11:15:00,371.0,375.0,60.0
2025-05-19 11:16:00,371.0,375.0,60.0
2025-05-19 11:17:00,376.0,375.0,61.0
2025-05-19 11:18:00,376.0,375.0,61.0
2025-05-19 11:19:00,376.0,375.0,61.0
2025-05-19 11:20:00,376.0,375.0,61.0
2025-05-19 11:21:00,376.0,375.0,61.0
2025-05-19 11:22:00,376.0,375.0,61.0
2025-05-19 11:23:00,376.0,375.0,61.0
2025-05-19 11:24:00,376.0,375.0,61.0
2025-05-19 11:25:00,376.0,375.0,61.0
2025-05-19 11:26:00,376.0,375.0,61.0
2025-05-19 11:27:00,376.0,375.0,61.0
2025-05-19 11:28:00,376.0,375.0,61.0
2025-05-19 11:29:00,376.0,375.0,61.0
2025-05-19 11:30:00,376.0,375.0,61.0
2025-05-19 12:30:00,376.0,375.0,61.0
2025-05-19 12:31:00,376.0,375.0,61.0
2025-05-19 12:32:00,376.0,375.0,62.0
2025-05-19 12:33:00,376.0,375.0,62.0
2025-05-19 12:34:00,376.0,375.0,62.0
2025-05-19 12:35:00,376.0,375.0,62.0
2025-05-19 12:36:00,376.0,375.0,62.0
2025-05-19 12:37:00,376.0,375.0,62.0
2025-05-19 12:38:00,376.0,375.0,62.0
2025-05-19 12:39:00,376.0,375.0,62.0
2025-05-19 12:40:00,376.0,375.0,62.0
2025-05-19 12:41:00,374.0,375.0,64.0
2025-05-19 12:42:00,374.0,375.0,64.0
2025-05-19 12:43:00,374.0,375.0,64.0
2025-05-19 12:44:00,374.0,375.0,64.0
2025-05-19 12:45:00,374.0,375.0,64.0
2025-05-19 12:46:00,374.0,375.0,64.0
2025-05-19 12:47:00,374.0,375.0,64.0
2025-05-19 12:48:00,374.0,375.0,64.0
2025-05-19 12:49:00,374.0,375.0,64.0
2025-05-19 12:50:00,373.0,375.0,74.0
2025-05-19 12:51:00,373.0,375.0,74.0
2025-05-19 12:52:00,373.0,375.0,74.0
2025-05-19 12:53:00,373.0,375.0,74.0
2025-05-19 12:54:00,373.0,375.0,74.0
2025-05-19 12:55:00,373.0,375.0,74.0
2025-05-19 12:56:00,373.0,375.0,74.0
2025-05-19 12:57:00,373.0,375.0,74.0
2025-05-19 12:58:00,373.0,375.0,74.0
2025-05-19 12:59:00,373.0,375.0,74.0
2025-05-19 13:00:00,373.0,375.0,74.0
2025-05-19 13:01:00,373.0,375.0,74.0
2025-05-19 13:02:00,373.0,375.0,74.0
2025-05-19 13:03:00,373.0,375.0,74.0
2025-05-19 13:04:00,373.0,375.0,74.0
2025-05-19 13:05:00,373.0,375.0,74.0
2025-05-19 13:06:00,373.0,375.0,75.0
2025-05-19 13:07:00,373.0,375.0,75.0
2025-05-19 13:08:00,373.0,375.0,75.0
2025-05-19 13:09:00,373.0,375.0,75.0
2025-05-19 13:10:00,373.0,375.0,75.0
2025-05-19 13:11:00,373.0,375.0,75.0
2025-05-19 13:12:00,373.0,375.0,75.0
2025-05-19 13:13:00,373.0,375.0,75.0
2025-05-19 13:14:00,373.0,375.0,75.0
2025-05-19 13:15:00,373.0,375.0,75.0
2025-05-19 13:16:00,373.0,375.0,75.0
2025-05-19 13:17:00,373.0,375.0,75.0
2025-05-19 13:18:00,373.0,375.0,75.0
2025-05-19 13:19:00,373.0,375.0,75.0
2025-05-19 13:20:00,373.0,375.0,75.0
2025-05-19 13:21:00,373.0,375.0,75.0
2025-05-19 13:22:00,373.0,375.0,75.0
2025-05-19 13:23:00,373.0,375.0,75.0
2025-05-19 13:24:00,373.0,375.0,75.0
2025-05-19 13:25:00,373.0,375.0,75.0
2025-05-19 13:26:00,373.0,375.0,75.0
2025-05-19 13:27:00,373.0,375.0,75.0
2025-05-19 13:28:00,373.0,375.0,75.0
2025-05-19 13:29:00,373.0,375.0,75.0
2025-05-19 13:30:00,373.0,375.0,75.0
2025-05-19 13:31:00,373.0,375.0,75.0
2025-05-19 13:32:00,373.0,375.0,75.0
2025-05-19 13:33:00,373.0,375.0,75.0
2025-05-19 13:34:00,373.0,375.0,75.0
2025-05-19 13:35:00,373.0,375.0,75.0
2025-05-19 13:36:00,373.0,375.0,75.0
2025-05-19 13:37:00,373.0,375.0,75.0
2025-05-19 13:38:00,373.0,375.0,75.0
2025-05-19 13:39:00,373.0,375.0,75.0
2025-05-19 13:40:00,372.0,375.0,76.0
2025-05-19 13:41:00,372.0,375.0,76.0
2025-05-19 13:42:00,372.0,375.0,76.0
2025-05-19 13:43:00,372.0,375.0,76.0
2025-05-19 13:44:00,372.0,375.0,76.0
2025-05-19 13:45:00,372.0,375.0,76.0
2025-05-19 13:46:00,372.0,375.0,76.0
2025-05-19 13:47:00,372.0,375.0,76.0
2025-05-19 13:48:00,372.0,375.0,76.0
2025-05-19 13:49:00,372.0,375.0,76.0
2025-05-19 13:50:00,372.0,375.0,76.0
2025-05-19 13:51:00,372.0,375.0,76.0
2025-05-19 13:52:00,372.0,375.0,76.0
2025-05-19 13:53:00,372.0,375.0,76.0
2025-05-19 13:54:00,372.0,375.0,76.0
2025-05-19 13:55:00,372.0,375.0,76.0
2025-05-19 13:56:00,372.0,375.0,76.0
2025-05-19 13:57:00,372.0,375.0,76.0
2025-05-19 13:58:00,372.0,375.0,76.0
2025-05-19 13:59:00,372.0,375.0,76.0
2025-05-19 14:00:00,372.0,375.0,76.0
2025-05-19 14:01:00,372.0,375.0,76.0
2025-05-19 14:02:00,372.0,375.0,76.0
2025-05-19 14:03:00,372.0,375.0,76.0
2025-05-19 14:04:00,372.0,375.0,76.0
2025-05-19 14:05:00,372.0,375.0,76.0
2025-05-19 14:06:00,372.0,375.0,76.0
2025-05-19 14:07:00,372.0,375.0,76.0
2025-05-19 14:08:00,372.0,375.0,76.0
2025-05-19 14:09:00,372.0,375.0,76.0
2025-05-19 14:10:00,372.0,375.0,76.0
2025-05-19 14:11:00,372.0,375.0,76.0
2025-05-19 14:12:00,372.0,375.0,76.0
2025-05-19 14:13:00,372.0,375.0,76.0
2025-05-19 14:14:00,372.0,375.0,76.0
2025-05-19 14:15:00,372.0,375.0,76.0
2025-05-19 14:16:00,372.0,375.0,76.0
2025-05-19 14:17:00,372.0,375.0,76.0
2025-05-19 14:18:00,372.0,375.0,76.0
2025-05-19 14:19:00,372.0,375.0,76.0
2025-05-19 14:20:00,372.0,375.0,76.0
2025-05-19 14:21:00,372.0,375.0,76.0
2025-05-19 14:22:00,372.0,375.0,76.0
2025-05-19 14:23:00,372.0,375.0,76.0
2025-05-19 14:24:00,372.0,375.0,76.0
2025-05-19 14:25:00,372.0,375.0,76.0
2025-05-19 14:26:00,372.0,375.0,76.0
2025-05-19 14:27:00,372.0,375.0,76.0
2025-05-19 14:28:00,372.0,375.0,76.0
2025-05-19 14:29:00,372.0,375.0,76.0
2025-05-19 14:30:00,372.0,375.0,76.0
2025-05-19 14:31:00,372.0,375.0,76.0
2025-05-19 14:32:00,372.0,375.0,76.0
2025-05-19 14:33:00,372.0,375.0,76.0
2025-05-19 14:34:00,372.0,375.0,76.0
2025-05-19 14:35:00,372.0,375.0,76.0
2025-05-19 14:36:00,372.0,375.0,76.0
2025-05-19 14:37:00,372.0,375.0,76.0
2025-05-19 14:38:00,372.0,375.0,76.0
2025-05-19 14:39:00,372.0,375.0,76.0
2025-05-19 14:40:00,372.0,375.0,76.0
2025-05-19 14:41:00,372.0,375.0,76.0
2025-05-19 14:42:00,372.0,375.0,77.0
2025-05-19 14:43:00,372.0,375.0,77.0
2025-05-19 14:44:00,372.0,375.0,77.0
2025-05-19 14:45:00,372.0,375.0,77.0
2025-05-19 14:46:00,372.0,375.0,77.0
2025-05-19 14:47:00,372.0,375.0,77.0
2025-05-19 14:48:00,372.0,375.0,77.0
2025-05-19 14:49:00,372.0,375.0,77.0
2025-05-19 14:50:00,372.0,375.0,77.0
2025-05-19 14:51:00,372.0,375.0,77.0
2025-05-19 14:52:00,372.0,375.0,77.0
2025-05-19 14:53:00,372.0,375.0,77.0
2025-05-19 14:54:00,372.0,375.0,77.0
2025-05-19 14:55:00,372.0,375.0,77.0
2025-05-19 14:56:00,372.0,375.0,77.0
2025-05-19 14:57:00,372.0,375.0,77.0
2025-05-19 14:58:00,372.0,375.0,77.0
2025-05-19 14:59:00,372.0,375.0,77.0
2025-05-19 15:00:00,372.0,375.0,77.0
2025-05-19 15:01:00,372.0,375.0,77.0
2025-05-19 15:02:00,372.0,375.0,77.0
2025-05-19 15:03:00,372.0,375.0,77.0
2025-05-19 15:04:00,372.0,375.0,77.0
2025-05-19 15:05:00,372.0,375.0,77.0
2025-05-19 15:06:00,372.0,375.0,77.0
2025-05-19 15:07:00,372.0,375.0,77.0
2025-05-19 15:08:00,372.0,375.0,77.0
2025-05-19 15:09:00,372.0,375.0,77.0
2025-05-19 15:10:00,372.0,375.0,77.0
2025-05-19 15:11:00,372.0,375.0,77.0
2025-05-19 15:12:00,372.0,375.0,77.0
2025-05-19 15:13:00,372.0,375.0,77.0
2025-05-19 15:14:00,372.0,375.0,77.0
2025-05-19 15:15:00,372.0,375.0,77.0
2025-05-19 15:16:00,372.0,375.0,77.0
2025-05-19 15:17:00,372.0,375.0,95.0
2025-05-19 15:18:00,372.0,375.0,95.0
2025-05-19 15:19:00,372.0,375.0,95.0
2025-05-19 15:20:00,372.0,375.0,95.0
2025-05-19 15:21:00,371.0,375.0,100.0
2025-05-19 15:22:00,371.0,375.0,100.0
2025-05-19 15:23:00,371.0,375.0,100.0
2025-05-19 15:24:00,371.0,375.0,100.0
2025-05-19 15:25:00,371.0,375.0,100.0
2025-05-19 15:26:00,371.0,375.0,100.0
2025-05-19 15:27:00,371.0,375.0,100.0
2025-05-19 15:28:00,371.0,375.0,100.0
2025-05-19 15:29:00,371.0,375.0,100.0
2025-05-19 15:30:00,372.0,375.0,103.0
2025-05-20 09:00:00,376.0,376.0,6.0
2025-05-20 09:01:00,376.0,376.0,6.0
2025-05-20 09:02:00,376.0,376.0,6.0
2025-05-20 09:03:00,376.0,376.0,6.0
2025-05-20 09:04:00,376.0,376.0,6.0
2025-05-20 09:05:00,374.0,376.0,7.0
2025-05-20 09:06:00,374.0,376.0,7.0
2025-05-20 09:07:00,374.0,376.0,7.0
2025-05-20 09:08:00,374.0,376.0,7.0
2025-05-20 09:09:00,374.0,376.0,7.0
2025-05-20 09:10:00,374.0,376.0,7.0
2025-05-20 09:11:00,374.0,376.0,7.0
2025-05-20 09:12:00,374.0,376.0,7.0
2025-05-20 09:13:00,374.0,376.0,7.0
2025-05-20 09:14:00,374.0,376.0,7.0
2025-05-20 09:15:00,374.0,376.0,7.0
2025-05-20 09:16:00,374.0,376.0,7.0
2025-05-20 09:17:00,374.0,376.0,7.0
2025-05-20 09:18:00,374.0,376.0,7.0
2025-05-20 09:19:00,374.0,376.0,7.0
2025-05-20 09:20:00,374.0,376.0,9.0
2025-05-20 09:21:00,374.0,376.0,9.0
2025-05-20 09:22:00,374.0,376.0,9.0
2025-05-20 09:23:00,374.0,376.0,9.0
2025-05-20 09:24:00,374.0,376.0,9.0
2025-05-20 09:25:00,374.0,376.0,9.0
2025-05-20 09:26:00,373.0,376.0,13.0
2025-05-20 09:27:00,373.0,376.0,13.0
2025-05-20 09:28:00,373.0,376.0,14.0
2025-05-20 09:29:00,373.0,376.0,14.0
2025-05-20 09:30:00,373.0,376.0,14.0
2025-05-20 09:31:00,373.0,376.0,14.0
2025-05-20 09:32:00,373.0,376.0,14.0
2025-05-20 09:33:00,373.0,376.0,14.0
2025-05-20 09:34:00,373.0,376.0,14.0
2025-05-20 09:35:00,373.0,376.0,14.0
2025-05-20 09:36:00,373.0,376.0,14.0
2025-05-20 09:37:00,373.0,376.0,14.0
2025-05-20 09:38:00,373.0,376.0,14.0
2025-05-20 09:39:00,373.0,376.0,14.0
2025-05-20 09:40:00,374.0,376.0,15.0
2025-05-20 09:41:00,374.0,376.0,15.0
2025-05-20 09:42:00,374.0,376.0,15.0
2025-05-20 09:43:00,374.0,376.0,15.0
2025-05-20 09:44:00,374.0,376.0,15.0
2025-05-20 09:45:00,374.0,376.0,15.0
2025-05-20 09:46:00,374.0,376.0,15.0
2025-05-20 09:47:00,374.0,376.0,15.0
2025-05-20 09:48:00,374.0,376.0,17.0
2025-05-20 09:49:00,374.0,376.0,17.0
2025-05-20 09:50:00,373.0,376.0,25.0
2025-05-20 09:51:00,373.0,376.0,27.0
2025-05-20 09:52:00,373.0,376.0,27.0
2025-05-20 09:53:00,373.0,376.0,27.0
2025-05-20 09:54:00,373.0,376.0,27.0
2025-05-20 09:55:00,373.0,376.0,27.0
2025-05-20 09:56:00,373.0,376.0,27.0
2025-05-20 09:57:00,373.0,376.0,27.0
2025-05-20 09:58:00,373.0,376.0,27.0
2025-05-20 09:59:00,373.0,376.0,27.0
2025-05-20 10:00:00,373.0,376.0,28.0
2025-05-20 10:01:00,373.0,376.0,28.0
2025-05-20 10:02:00,373.0,376.0,28.0
2025-05-20 10:03:00,373.0,376.0,28.0
2025-05-20 10:04:00,373.0,376.0,28.0
2025-05-20 10:05:00,373.0,376.0,28.0
2025-05-20 10:06:00,373.0,376.0,28.0
2025-05-20 10:07:00,373.0,376.0,28.0
2025-05-20 10:08:00,373.0,376.0,28.0
2025-05-20 10:09:00,373.0,376.0,28.0
2025-05-20 10:10:00,373.0,376.0,28.0
2025-05-20 10:11:00,373.0,376.0,28.0
2025-05-20 10:12:00,373.0,376.0,28.0
2025-05-20 10:13:00,373.0,376.0,28.0
2025-05-20 10:14:00,373.0,376.0,28.0
2025-05-20 10:15:00,373.0,376.0,28.0
2025-05-20 10:16:00,373.0,376.0,28.0
2025-05-20 10:17:00,373.0,376.0,28.0
2025-05-20 10:18:00,373.0,376.0,28.0
2025-05-20 10:19:00,373.0,376.0,28.0
2025-05-20 10:20:00,373.0,376.0,30.0
2025-05-20 10:21:00,373.0,376.0,30.0
2025-05-20 10:22:00,373.0,376.0,30.0
2025-05-20 10:23:00,373.0,376.0,30.0
2025-05-20 10:24:00,373.0,376.0,30.0
2025-05-20 10:25:00,373.0,376.0,30.0
2025-05-20 10:26:00,373.0,376.0,30.0
2025-05-20 10:27:00,373.0,376.0,30.0
2025-05-20 10:28:00,373.0,376.0,30.0
2025-05-20 10:29:00,373.0,376.0,30.0
2025-05-20 10:30:00,373.0,376.0,30.0
2025-05-20 10:31:00,373.0,376.0,30.0
2025-05-20 10:32:00,373.0,376.0,30.0
2025-05-20 10:33:00,373.0,376.0,30.0
2025-05-20 10:34:00,373.0,376.0,30.0
2025-05-20 10:35:00,373.0,376.0,30.0
2025-05-20 10:36:00,373.0,376.0,30.0
2025-05-20 10:37:00,373.0,376.0,30.0
2025-05-20 10:38:00,373.0,376.0,30.0
2025-05-20 10:39:00,373.0,376.0,30.0
2025-05-20 10:40:00,373.0,376.0,30.0
2025-05-20 10:41:00,373.0,376.0,30.0
2025-05-20 10:42:00,373.0,376.0,30.0
2025-05-20 10:43:00,373.0,376.0,30.0
2025-05-20 10:44:00,373.0,376.0,30.0
2025-05-20 10:45:00,373.0,376.0,30.0
2025-05-20 10:46:00,373.0,376.0,30.0
2025-05-20 10:47:00,373.0,376.0,30.0
2025-05-20 10:48:00,373.0,376.0,30.0
2025-05-20 10:49:00,373.0,376.0,30.0
2025-05-20 10:50:00,373.0,376.0,30.0
2025-05-20 10:51:00,373.0,376.0,30.0
2025-05-20 10:52:00,373.0,376.0,30.0
2025-05-20 10:53:00,373.0,376.0,30.0
2025-05-20 10:54:00,373.0,376.0,30.0
2025-05-20 10:55:00,373.0,376.0,30.0
2025-05-20 10:56:00,373.0,376.0,30.0
2025-05-20 10:57:00,373.0,376.0,30.0
2025-05-20 10:58:00,373.0,376.0,30.0
2025-05-20 10:59:00,373.0,376.0,30.0
2025-05-20 11:00:00,373.0,376.0,30.0
2025-05-20 11:01:00,373.0,376.0,30.0
2025-05-20 11:02:00,373.0,376.0,30.0
2025-05-20 11:03:00,373.0,376.0,31.0
2025-05-20 11:04:00,373.0,376.0,31.0
2025-05-20 11:05:00,373.0,376.0,31.0
2025-05-20 11:06:00,373.0,376.0,31.0
2025-05-20 11:07:00,373.0,376.0,32.0
2025-05-20 11:08:00,373.0,376.0,32.0
2025-05-20 11:09:00,373.0,376.0,32.0
2025-05-20 11:10:00,373.0,376.0,32.0
2025-05-20 11:11:00,373.0,376.0,32.0
2025-05-20 11:12:00,373.0,376.0,32.0
2025-05-20 11:13:00,373.0,376.0,32.0
2025-05-20 11:14:00,373.0,376.0,32.0
2025-05-20 11:15:00,373.0,376.0,32.0
2025-05-20 11:16:00,373.0,376.0,32.0
2025-05-20 11:17:00,373.0,376.0,32.0
2025-05-20 11:18:00,373.0,376.0,32.0
2025-05-20 11:19:00,373.0,376.0,32.0
2025-05-20 11:20:00,373.0,376.0,32.0
2025-05-20 11:21:00,373.0,376.0,32.0
2025-05-20 11:22:00,373.0,376.0,32.0
2025-05-20 11:23:00,373.0,376.0,32.0
2025-05-20 11:24:00,373.0,376.0,32.0
2025-05-20 11:25:00,373.0,376.0,32.0
2025-05-20 11:26:00,373.0,376.0,32.0
2025-05-20 11:27:00,373.0,376.0,32.0
2025-05-20 11:28:00,373.0,376.0,32.0
2025-05-20 11:29:00,373.0,376.0,32.0
2025-05-20 11:30:00,374.0,376.0,33.0
2025-05-20 12:30:00,381.0,376.0,60.0
2025-05-20 12:31:00,381.0,376.0,60.0
2025-05-20 12:32:00,379.0,376.0,66.0
2025-05-20 12:33:00,377.0,376.0,68.0
2025-05-20 12:34:00,377.0,376.0,68.0
2025-05-20 12:35:00,377.0,376.0,68.0
2025-05-20 12:36:00,377.0,376.0,68.0
2025-05-20 12:37:00,376.0,376.0,78.0
2025-05-20 12:38:00,376.0,376.0,78.0
2025-05-20 12:39:00,376.0,376.0,78.0
2025-05-20 12:40:00,376.0,376.0,78.0
2025-05-20 12:41:00,376.0,376.0,78.0
2025-05-20 12:42:00,376.0,376.0,78.0
2025-05-20 12:43:00,376.0,376.0,78.0
2025-05-20 12:44:00,376.0,376.0,78.0
2025-05-20 12:45:00,376.0,376.0,78.0
2025-05-20 12:46:00,376.0,376.0,78.0
2025-05-20 12:47:00,376.0,376.0,78.0
2025-05-20 12:48:00,376.0,376.0,78.0
2025-05-20 12:49:00,376.0,376.0,78.0
2025-05-20 12:50:00,376.0,376.0,78.0
2025-05-20 12:51:00,376.0,376.0,78.0
2025-05-20 12:52:00,375.0,376.0,82.0
2025-05-20 12:53:00,374.0,376.0,86.0
2025-05-20 12:54:00,375.0,376.0,87.0
2025-05-20 12:55:00,375.0,376.0,87.0
2025-05-20 12:56:00,375.0,376.0,87.0
2025-05-20 12:57:00,375.0,376.0,87.0
2025-05-20 12:58:00,375.0,376.0,87.0
2025-05-20 12:59:00,375.0,376.0,87.0
2025-05-20 13:00:00,375.0,376.0,87.0
2025-05-20 13:01:00,375.0,376.0,87.0
2025-05-20 13:02:00,375.0,376.0,87.0
2025-05-20 13:03:00,375.0,376.0,87.0
2025-05-20 13:04:00,375.0,376.0,87.0
2025-05-20 13:05:00,375.0,376.0,87.0
2025-05-20 13:06:00,375.0,376.0,87.0
2025-05-20 13:07:00,375.0,376.0,87.0
2025-05-20 13:08:00,375.0,376.0,89.0
2025-05-20 13:09:00,375.0,376.0,89.0
2025-05-20 13:10:00,375.0,376.0,89.0
2025-05-20 13:11:00,375.0,376.0,89.0
2025-05-20 13:12:00,375.0,376.0,89.0
2025-05-20 13:13:00,375.0,376.0,89.0
2025-05-20 13:14:00,375.0,376.0,89.0
2025-05-20 13:15:00,376.0,376.0,92.0
2025-05-20 13:16:00,377.0,376.0,93.0
2025-05-20 13:17:00,377.0,376.0,93.0
2025-05-20 13:18:00,377.0,376.0,93.0
2025-05-20 13:19:00,377.0,376.0,93.0
2025-05-20 13:20:00,377.0,376.0,93.0
2025-05-20 13:21:00,377.0,376.0,93.0
2025-05-20 13:22:00,377.0,376.0,93.0
2025-05-20 13:23:00,377.0,376.0,93.0
2025-05-20 13:24:00,377.0,376.0,93.0
2025-05-20 13:25:00,377.0,376.0,93.0
2025-05-20 13:26:00,377.0,376.0,93.0
2025-05-20 13:27:00,377.0,376.0,93.0
2025-05-20 13:28:00,377.0,376.0,93.0
2025-05-20 13:29:00,377.0,376.0,93.0
2025-05-20 13:30:00,377.0,376.0,93.0
2025-05-20 13:31:00,377.0,376.0,93.0
2025-05-20 13:32:00,377.0,376.0,93.0
2025-05-20 13:33:00,377.0,376.0,93.0
2025-05-20 13:34:00,377.0,376.0,93.0
2025-05-20 13:35:00,377.0,376.0,93.0
2025-05-20 13:36:00,377.0,376.0,93.0
2025-05-20 13:37:00,377.0,376.0,93.0
2025-05-20 13:38:00,377.0,376.0,93.0
2025-05-20 13:39:00,377.0,376.0,93.0
2025-05-20 13:40:00,377.0,376.0,93.0
2025-05-20 13:41:00,377.0,376.0,93.0
2025-05-20 13:42:00,377.0,376.0,93.0
2025-05-20 13:43:00,377.0,376.0,93.0
2025-05-20 13:44:00,377.0,376.0,93.0
2025-05-20 13:45:00,377.0,376.0,93.0
2025-05-20 13:46:00,378.0,376.0,97.0
2025-05-20 13:47:00,378.0,376.0,97.0
2025-05-20 13:48:00,378.0,376.0,97.0
2025-05-20 13:49:00,378.0,376.0,97.0
2025-05-20 13:50:00,378.0,376.0,97.0
2025-05-20 13:51:00,378.0,376.0,97.0
2025-05-20 13:52:00,379.0,376.0,101.0
2025-05-20 13:53:00,379.0,376.0,101.0
2025-05-20 13:54:00,379.0,376.0,101.0
2025-05-20 13:55:00,379.0,376.0,101.0
2025-05-20 13:56:00,379.0,376.0,101.0
2025-05-20 13:57:00,379.0,376.0,101.0
2025-05-20 13:58:00,379.0,376.0,101.0
2025-05-20 13:59:00,379.0,376.0,101.0
2025-05-20 14:00:00,379.0,376.0,101.0
2025-05-20 14:01:00,379.0,376.0,101.0
2025-05-20 14:02:00,379.0,376.0,101.0
2025-05-20 14:03:00,379.0,376.0,101.0
2025-05-20 14:04:00,379.0,376.0,101.0
2025-05-20 14:05:00,379.0,376.0,101.0
2025-05-20 14:06:00,379.0,376.0,101.0
2025-05-20 14:07:00,379.0,376.0,101.0
2025-05-20 14:08:00,379.0,376.0,101.0
2025-05-20 14:09:00,379.0,376.0,101.0
2025-05-20 14:10:00,379.0,376.0,101.0
2025-05-20 14:11:00,379.0,376.0,101.0
2025-05-20 14:12:00,379.0,376.0,101.0
2025-05-20 14:13:00,379.0,376.0,101.0
2025-05-20 14:14:00,379.0,376.0,101.0
2025-05-20 14:15:00,379.0,376.0,101.0
2025-05-20 14:16:00,379.0,376.0,101.0
2025-05-20 14:17:00,379.0,376.0,101.0
2025-05-20 14:18:00,379.0,376.0,101.0
2025-05-20 14:19:00,379.0,376.0,101.0
2025-05-20 14:20:00,379.0,376.0,101.0
2025-05-20 14:21:00,379.0,376.0,101.0
2025-05-20 14:22:00,379.0,376.0,101.0
2025-05-20 14:23:00,379.0,376.0,101.0
2025-05-20 14:24:00,379.0,376.0,101.0
2025-05-20 14:25:00,379.0,376.0,101.0
2025-05-20 14:26:00,379.0,376.0,101.0
2025-05-20 14:27:00,379.0,376.0,101.0
2025-05-20 14:28:00,379.0,376.0,102.0
2025-05-20 14:29:00,379.0,376.0,105.0
2025-05-20 14:30:00,379.0,376.0,105.0
2025-05-20 14:31:00,379.0,376.0,107.0
2025-05-20 14:32:00,379.0,376.0,107.0
2025-05-20 14:33:00,379.0,376.0,107.0
2025-05-20 14:34:00,379.0,376.0,107.0
2025-05-20 14:35:00,379.0,376.0,107.0
2025-05-20 14:36:00,379.0,376.0,107.0
2025-05-20 14:37:00,378.0,376.0,110.0
2025-05-20 14:38:00,378.0,376.0,117.0
2025-05-20 14:39:00,378.0,376.0,117.0
2025-05-20 14:40:00,378.0,376.0,117.0
2025-05-20 14:41:00,378.0,376.0,117.0
2025-05-20 14:42:00,378.0,376.0,117.0
2025-05-20 14:43:00,378.0,376.0,117.0
2025-05-20 14:44:00,378.0,376.0,117.0
2025-05-20 14:45:00,378.0,376.0,117.0
2025-05-20 14:46:00,378.0,376.0,117.0
2025-05-20 14:47:00,378.0,376.0,117.0
2025-05-20 14:48:00,378.0,376.0,117.0
2025-05-20 14:49:00,380.0,376.0,119.0
2025-05-20 14:50:00,380.0,376.0,119.0
2025-05-20 14:51:00,380.0,376.0,119.0
2025-05-20 14:52:00,380.0,376.0,121.0
2025-05-20 14:53:00,380.0,376.0,121.0
2025-05-20 14:54:00,380.0,376.0,121.0
2025-05-20 14:55:00,380.0,376.0,121.0
2025-05-20 14:56:00,380.0,376.0,126.0
2025-05-20 14:57:00,380.0,376.0,126.0
2025-05-20 14:58:00,380.0,376.0,126.0
2025-05-20 14:59:00,380.0,376.0,126.0
2025-05-20 15:00:00,380.0,376.0,126.0
2025-05-20 15:01:00,380.0,376.0,126.0
2025-05-20 15:02:00,380.0,376.0,126.0
2025-05-20 15:03:00,380.0,376.0,126.0
2025-05-20 15:04:00,380.0,376.0,126.0
2025-05-20 15:05:00,380.0,376.0,126.0
2025-05-20 15:06:00,380.0,376.0,126.0
2025-05-20 15:07:00,380.0,376.0,126.0
2025-05-20 15:08:00,380.0,376.0,126.0
2025-05-20 15:09:00,380.0,376.0,126.0
2025-05-20 15:10:00,380.0,376.0,126.0
2025-05-20 15:11:00,380.0,376.0,126.0
2025-05-20 15:12:00,380.0,376.0,126.0
2025-05-20 15:13:00,380.0,376.0,126.0
2025-05-20 15:14:00,380.0,376.0,126.0
2025-05-20 15:15:00,380.0,376.0,126.0
2025-05-20 15:16:00,380.0,376.0,126.0
2025-05-20 15:17:00,380.0,376.0,126.0
2025-05-20 15:18:00,380.0,376.0,126.0
2025-05-20 15:19:00,380.0,376.0,129.0
2025-05-20 15:20:00,380.0,376.0,129.0
2025-05-20 15:21:00,380.0,376.0,129.0
2025-05-20 15:22:00,380.0,376.0,129.0
2025-05-20 15:23:00,380.0,376.0,129.0
2025-05-20 15:24:00,380.0,376.0,129.0
2025-05-20 15:25:00,380.0,376.0,129.0
2025-05-20 15:26:00,380.0,376.0,129.0
2025-05-20 15:27:00,380.0,376.0,129.0
2025-05-20 15:28:00,380.0,376.0,129.0
2025-05-20 15:29:00,380.0,376.0,129.0
2025-05-20 15:30:00,384.0,376.0,163.0
2025-05-21 09:00:00,384.0,384.0,6.0
2025-05-21 09:01:00,384.0,384.0,6.0
2025-05-21 09:02:00,384.0,384.0,6.0
2025-05-21 09:03:00,384.0,384.0,6.0
2025-05-21 09:04:00,384.0,384.0,8.0
2025-05-21 09:05:00,384.0,384.0,8.0
2025-05-21 09:06:00,384.0,384.0,8.0
2025-05-21 09:07:00,384.0,384.0,8.0
2025-05-21 09:08:00,384.0,384.0,8.0
2025-05-21 09:09:00,384.0,384.0,8.0
2025-05-21 09:10:00,384.0,384.0,8.0
2025-05-21 09:11:00,384.0,384.0,8.0
2025-05-21 09:12:00,384.0,384.0,8.0
2025-05-21 09:13:00,384.0,384.0,8.0
2025-05-21 09:14:00,384.0,384.0,8.0
2025-05-21 09:15:00,384.0,384.0,8.0
2025-05-21 09:16:00,384.0,384.0,8.0
2025-05-21 09:17:00,384.0,384.0,8.0
2025-05-21 09:18:00,384.0,384.0,8.0
2025-05-21 09:19:00,384.0,384.0,8.0
2025-05-21 09:20:00,384.0,384.0,8.0
2025-05-21 09:21:00,384.0,384.0,8.0
2025-05-21 09:22:00,384.0,384.0,8.0
2025-05-21 09:23:00,384.0,384.0,8.0
2025-05-21 09:24:00,384.0,384.0,8.0
2025-05-21 09:25:00,380.0,384.0,20.0
2025-05-21 09:26:00,380.0,384.0,20.0
2025-05-21 09:27:00,380.0,384.0,20.0
2025-05-21 09:28:00,380.0,384.0,20.0
2025-05-21 09:29:00,380.0,384.0,20.0
2025-05-21 09:30:00,380.0,384.0,20.0
2025-05-21 09:31:00,380.0,384.0,20.0
2025-05-21 09:32:00,380.0,384.0,20.0
2025-05-21 09:33:00,380.0,384.0,20.0
2025-05-21 09:34:00,380.0,384.0,20.0
2025-05-21 09:35:00,380.0,384.0,20.0
2025-05-21 09:36:00,380.0,384.0,20.0
2025-05-21 09:37:00,380.0,384.0,20.0
2025-05-21 09:38:00,380.0,384.0,20.0
2025-05-21 09:39:00,380.0,384.0,20.0
2025-05-21 09:40:00,380.0,384.0,20.0
2025-05-21 09:41:00,380.0,384.0,20.0
2025-05-21 09:42:00,380.0,384.0,20.0
2025-05-21 09:43:00,380.0,384.0,20.0
2025-05-21 09:44:00,380.0,384.0,20.0
2025-05-21 09:45:00,380.0,384.0,20.0
2025-05-21 09:46:00,380.0,384.0,20.0
2025-05-21 09:47:00,380.0,384.0,20.0
2025-05-21 09:48:00,380.0,384.0,20.0
2025-05-21 09:49:00,380.0,384.0,20.0
2025-05-21 09:50:00,380.0,384.0,20.0
2025-05-21 09:51:00,380.0,384.0,20.0
2025-05-21 09:52:00,380.0,384.0,20.0
2025-05-21 09:53:00,380.0,384.0,20.0
2025-05-21 09:54:00,380.0,384.0,20.0
2025-05-21 09:55:00,380.0,384.0,20.0
2025-05-21 09:56:00,380.0,384.0,20.0
2025-05-21 09:57:00,380.0,384.0,20.0
2025-05-21 09:58:00,380.0,384.0,20.0
2025-05-21 09:59:00,380.0,384.0,30.0
2025-05-21 10:00:00,380.0,384.0,30.0
2025-05-21 10:01:00,380.0,384.0,30.0
2025-05-21 10:02:00,380.0,384.0,30.0
2025-05-21 10:03:00,380.0,384.0,30.0
2025-05-21 10:04:00,380.0,384.0,30.0
2025-05-21 10:05:00,380.0,384.0,30.0
2025-05-21 10:06:00,380.0,384.0,30.0
2025-05-21 10:07:00,380.0,384.0,30.0
2025-05-21 10:08:00,380.0,384.0,30.0
2025-05-21 10:09:00,380.0,384.0,30.0
2025-05-21 10:10:00,380.0,384.0,30.0
2025-05-21 10:11:00,380.0,384.0,30.0
2025-05-21 10:12:00,380.0,384.0,30.0
2025-05-21 10:13:00,380.0,384.0,30.0
2025-05-21 10:14:00,380.0,384.0,30.0
2025-05-21 10:15:00,380.0,384.0,30.0
2025-05-21 10:16:00,380.0,384.0,30.0
2025-05-21 10:17:00,380.0,384.0,30.0
2025-05-21 10:18:00,380.0,384.0,30.0
2025-05-21 10:19:00,380.0,384.0,30.0
2025-05-21 10:20:00,380.0,384.0,30.0
2025-05-21 10:21:00,380.0,384.0,30.0
2025-05-21 10:22:00,380.0,384.0,30.0
2025-05-21 10:23:00,380.0,384.0,30.0
2025-05-21 10:24:00,380.0,384.0,30.0
2025-05-21 10:25:00,380.0,384.0,30.0
2025-05-21 10:26:00,380.0,384.0,30.0
2025-05-21 10:27:00,380.0,384.0,30.0
2025-05-21 10:28:00,380.0,384.0,30.0
2025-05-21 10:29:00,380.0,384.0,30.0
2025-05-21 10:30:00,380.0,384.0,30.0
2025-05-21 10:31:00,380.0,384.0,30.0
2025-05-21 10:32:00,380.0,384.0,30.0
2025-05-21 10:33:00,380.0,384.0,30.0
2025-05-21 10:34:00,380.0,384.0,30.0
2025-05-21 10:35:00,380.0,384.0,30.0
2025-05-21 10:36:00,380.0,384.0,30.0
2025-05-21 10:37:00,380.0,384.0,30.0
2025-05-21 10:38:00,380.0,384.0,30.0
2025-05-21 10:39:00,380.0,384.0,30.0
2025-05-21 10:40:00,380.0,384.0,30.0
2025-05-21 10:41:00,381.0,384.0,33.0
2025-05-21 10:42:00,381.0,384.0,33.0
2025-05-21 10:43:00,381.0,384.0,33.0
2025-05-21 10:44:00,381.0,384.0,33.0
2025-05-21 10:45:00,381.0,384.0,33.0
2025-05-21 10:46:00,381.0,384.0,33.0
2025-05-21 10:47:00,381.0,384.0,33.0
2025-05-21 10:48:00,381.0,384.0,33.0
2025-05-21 10:49:00,381.0,384.0,33.0
2025-05-21 10:50:00,381.0,384.0,33.0
2025-05-21 10:51:00,381.0,384.0,33.0
2025-05-21 10:52:00,381.0,384.0,33.0
2025-05-21 10:53:00,381.0,384.0,33.0
2025-05-21 10:54:00,381.0,384.0,33.0
2025-05-21 10:55:00,381.0,384.0,33.0
2025-05-21 10:56:00,381.0,384.0,33.0
2025-05-21 10:57:00,381.0,384.0,33.0
2025-05-21 10:58:00,381.0,384.0,33.0
2025-05-21 10:59:00,381.0,384.0,33.0
2025-05-21 11:00:00,381.0,384.0,33.0
2025-05-21 11:01:00,381.0,384.0,33.0
2025-05-21 11:02:00,381.0,384.0,33.0
2025-05-21 11:03:00,381.0,384.0,33.0
2025-05-21 11:04:00,381.0,384.0,33.0
2025-05-21 11:05:00,381.0,384.0,33.0
2025-05-21 11:06:00,381.0,384.0,33.0
2025-05-21 11:07:00,381.0,384.0,33.0
2025-05-21 11:08:00,381.0,384.0,33.0
2025-05-21 11:09:00,381.0,384.0,33.0
2025-05-21 11:10:00,381.0,384.0,33.0
2025-05-21 11:11:00,381.0,384.0,33.0
2025-05-21 11:12:00,381.0,384.0,33.0
2025-05-21 11:13:00,381.0,384.0,33.0
2025-05-21 11:14:00,381.0,384.0,33.0
2025-05-21 11:15:00,381.0,384.0,33.0
2025-05-21 11:16:00,381.0,384.0,33.0
2025-05-21 11:17:00,381.0,384.0,33.0
2025-05-21 11:18:00,381.0,384.0,33.0
2025-05-21 11:19:00,381.0,384.0,33.0
2025-05-21 11:20:00,381.0,384.0,33.0
2025-05-21 11:21:00,381.0,384.0,33.0
2025-05-21 11:22:00,381.0,384.0,33.0
2025-05-21 11:23:00,381.0,384.0,33.0
2025-05-21 11:24:00,381.0,384.0,33.0
2025-05-21 11:25:00,381.0,384.0,33.0
2025-05-21 11:26:00,381.0,384.0,33.0
2025-05-21 11:27:00,381.0,384.0,33.0
2025-05-21 11:28:00,381.0,384.0,33.0
2025-05-21 11:29:00,381.0,384.0,33.0
2025-05-21 11:30:00,380.0,384.0,34.0
2025-05-21 12:30:00,380.0,384.0,36.0
2025-05-21 12:31:00,380.0,384.0,36.0
2025-05-21 12:32:00,380.0,384.0,36.0
2025-05-21 12:33:00,380.0,384.0,36.0
2025-05-21 12:34:00,380.0,384.0,36.0
2025-05-21 12:35:00,380.0,384.0,36.0
2025-05-21 12:36:00,380.0,384.0,36.0
2025-05-21 12:37:00,380.0,384.0,36.0
2025-05-21 12:38:00,380.0,384.0,36.0
2025-05-21 12:39:00,380.0,384.0,36.0
2025-05-21 12:40:00,380.0,384.0,37.0
2025-05-21 12:41:00,380.0,384.0,37.0
2025-05-21 12:42:00,380.0,384.0,37.0
2025-05-21 12:43:00,380.0,384.0,37.0
2025-05-21 12:44:00,380.0,384.0,37.0
2025-05-21 12:45:00,380.0,384.0,37.0
2025-05-21 12:46:00,380.0,384.0,37.0
2025-05-21 12:47:00,380.0,384.0,37.0
2025-05-21 12:48:00,380.0,384.0,37.0
2025-05-21 12:49:00,380.0,384.0,37.0
2025-05-21 12:50:00,380.0,384.0,37.0
2025-05-21 12:51:00,380.0,384.0,37.0
2025-05-21 12:52:00,380.0,384.0,37.0
2025-05-21 12:53:00,380.0,384.0,37.0
2025-05-21 12:54:00,380.0,384.0,37.0
2025-05-21 12:55:00,380.0,384.0,37.0
2025-05-21 12:56:00,380.0,384.0,37.0
2025-05-21 12:57:00,380.0,384.0,37.0
2025-05-21 12:58:00,380.0,384.0,37.0
2025-05-21 12:59:00,380.0,384.0,37.0
2025-05-21 13:00:00,380.0,384.0,37.0
2025-05-21 13:01:00,380.0,384.0,37.0
2025-05-21 13:02:00,380.0,384.0,37.0
2025-05-21 13:03:00,380.0,384.0,37.0
2025-05-21 13:04:00,380.0,384.0,37.0
2025-05-21 13:05:00,380.0,384.0,37.0
2025-05-21 13:06:00,380.0,384.0,37.0
2025-05-21 13:07:00,380.0,384.0,37.0
2025-05-21 13:08:00,380.0,384.0,37.0
2025-05-21 13:09:00,380.0,384.0,37.0
2025-05-21 13:10:00,380.0,384.0,37.0
2025-05-21 13:11:00,380.0,384.0,37.0
2025-05-21 13:12:00,380.0,384.0,37.0
2025-05-21 13:13:00,380.0,384.0,37.0
2025-05-21 13:14:00,380.0,384.0,37.0
2025-05-21 13:15:00,380.0,384.0,37.0
2025-05-21 13:16:00,380.0,384.0,37.0
2025-05-21 13:17:00,380.0,384.0,37.0
2025-05-21 13:18:00,380.0,384.0,37.0
2025-05-21 13:19:00,380.0,384.0,37.0
2025-05-21 13:20:00,381.0,384.0,38.0
2025-05-21 13:21:00,381.0,384.0,38.0
2025-05-21 13:22:00,381.0,384.0,38.0
2025-05-21 13:23:00,381.0,384.0,38.0
2025-05-21 13:24:00,381.0,384.0,38.0
2025-05-21 13:25:00,381.0,384.0,38.0
2025-05-21 13:26:00,381.0,384.0,38.0
2025-05-21 13:27:00,381.0,384.0,38.0
2025-05-21 13:28:00,381.0,384.0,38.0
2025-05-21 13:29:00,381.0,384.0,38.0
2025-05-21 13:30:00,381.0,384.0,38.0
2025-05-21 13:31:00,381.0,384.0,38.0
2025-05-21 13:32:00,381.0,384.0,38.0
2025-05-21 13:33:00,381.0,384.0,38.0
2025-05-21 13:34:00,384.0,384.0,122.0
2025-05-21 13:35:00,382.0,384.0,463.0
2025-05-21 13:36:00,380.0,384.0,472.0
2025-05-21 13:37:00,380.0,384.0,514.0
2025-05-21 13:38:00,380.0,384.0,514.0
2025-05-21 13:39:00,380.0,384.0,514.0
2025-05-21 13:40:00,380.0,384.0,515.0
2025-05-21 13:41:00,380.0,384.0,515.0
2025-05-21 13:42:00,380.0,384.0,515.0
2025-05-21 13:43:00,380.0,384.0,515.0
2025-05-21 13:44:00,380.0,384.0,515.0
2025-05-21 13:45:00,380.0,384.0,515.0
2025-05-21 13:46:00,380.0,384.0,515.0
2025-05-21 13:47:00,380.0,384.0,515.0
2025-05-21 13:48:00,380.0,384.0,515.0
2025-05-21 13:49:00,380.0,384.0,515.0
2025-05-21 13:50:00,380.0,384.0,515.0
2025-05-21 13:51:00,380.0,384.0,515.0
2025-05-21 13:52:00,380.0,384.0,515.0
2025-05-21 13:53:00,380.0,384.0,515.0
2025-05-21 13:54:00,380.0,384.0,515.0
2025-05-21 13:55:00,380.0,384.0,515.0
2025-05-21 13:56:00,380.0,384.0,515.0
2025-05-21 13:57:00,380.0,384.0,515.0
2025-05-21 13:58:00,380.0,384.0,515.0
2025-05-21 13:59:00,380.0,384.0,515.0
2025-05-21 14:00:00,380.0,384.0,515.0
2025-05-21 14:01:00,380.0,384.0,515.0
2025-05-21 14:02:00,380.0,384.0,515.0
2025-05-21 14:03:00,380.0,384.0,515.0
2025-05-21 14:04:00,380.0,384.0,515.0
2025-05-21 14:05:00,380.0,384.0,515.0
2025-05-21 14:06:00,380.0,384.0,515.0
2025-05-21 14:07:00,380.0,384.0,515.0
2025-05-21 14:08:00,380.0,384.0,515.0
2025-05-21 14:09:00,380.0,384.0,515.0
2025-05-21 14:10:00,380.0,384.0,515.0
2025-05-21 14:11:00,380.0,384.0,515.0
2025-05-21 14:12:00,380.0,384.0,515.0
2025-05-21 14:13:00,380.0,384.0,515.0
2025-05-21 14:14:00,380.0,384.0,515.0
2025-05-21 14:15:00,380.0,384.0,515.0
2025-05-21 14:16:00,380.0,384.0,515.0
2025-05-21 14:17:00,380.0,384.0,515.0
2025-05-21 14:18:00,380.0,384.0,515.0
2025-05-21 14:19:00,380.0,384.0,515.0
2025-05-21 14:20:00,380.0,384.0,515.0
2025-05-21 14:21:00,380.0,384.0,515.0
2025-05-21 14:22:00,380.0,384.0,515.0
2025-05-21 14:23:00,380.0,384.0,515.0
2025-05-21 14:24:00,380.0,384.0,515.0
2025-05-21 14:25:00,380.0,384.0,515.0
2025-05-21 14:26:00,380.0,384.0,515.0
2025-05-21 14:27:00,380.0,384.0,515.0
2025-05-21 14:28:00,380.0,384.0,515.0
2025-05-21 14:29:00,380.0,384.0,515.0
2025-05-21 14:30:00,380.0,384.0,515.0
2025-05-21 14:31:00,380.0,384.0,515.0
2025-05-21 14:32:00,380.0,384.0,515.0
2025-05-21 14:33:00,380.0,384.0,515.0
2025-05-21 14:34:00,380.0,384.0,515.0
2025-05-21 14:35:00,380.0,384.0,515.0
2025-05-21 14:36:00,380.0,384.0,515.0
2025-05-21 14:37:00,380.0,384.0,515.0
2025-05-21 14:38:00,380.0,384.0,515.0
2025-05-21 14:39:00,380.0,384.0,515.0
2025-05-21 14:40:00,380.0,384.0,515.0
2025-05-21 14:41:00,380.0,384.0,515.0
2025-05-21 14:42:00,380.0,384.0,515.0
2025-05-21 14:43:00,380.0,384.0,515.0
2025-05-21 14:44:00,380.0,384.0,515.0
2025-05-21 14:45:00,380.0,384.0,515.0
2025-05-21 14:46:00,380.0,384.0,515.0
2025-05-21 14:47:00,380.0,384.0,515.0
2025-05-21 14:48:00,380.0,384.0,515.0
2025-05-21 14:49:00,378.0,384.0,535.0
2025-05-21 14:50:00,378.0,384.0,535.0
2025-05-21 14:51:00,378.0,384.0,535.0
2025-05-21 14:52:00,378.0,384.0,535.0
2025-05-21 14:53:00,378.0,384.0,535.0
2025-05-21 14:54:00,378.0,384.0,535.0
2025-05-21 14:55:00,378.0,384.0,535.0
2025-05-21 14:56:00,378.0,384.0,535.0
2025-05-21 14:57:00,378.0,384.0,565.0
2025-05-21 14:58:00,378.0,384.0,565.0
2025-05-21 14:59:00,378.0,384.0,565.0
2025-05-21 15:00:00,378.0,384.0,565.0
2025-05-21 15:01:00,378.0,384.0,565.0
2025-05-21 15:02:00,378.0,384.0,565.0
2025-05-21 15:03:00,378.0,384.0,565.0
2025-05-21 15:04:00,378.0,384.0,565.0
2025-05-21 15:05:00,378.0,384.0,565.0
2025-05-21 15:06:00,378.0,384.0,565.0
2025-05-21 15:07:00,378.0,384.0,565.0
2025-05-21 15:08:00,378.0,384.0,565.0
2025-05-21 15:09:00,378.0,384.0,565.0
2025-05-21 15:10:00,378.0,384.0,565.0
2025-05-21 15:11:00,378.0,384.0,565.0
2025-05-21 15:12:00,378.0,384.0,572.0
2025-05-21 15:13:00,378.0,384.0,572.0
2025-05-21 15:14:00,378.0,384.0,572.0
2025-05-21 15:15:00,378.0,384.0,572.0
2025-05-21 15:16:00,378.0,384.0,572.0
2025-05-21 15:17:00,378.0,384.0,572.0
2025-05-21 15:18:00,378.0,384.0,572.0
2025-05-21 15:19:00,378.0,384.0,572.0
2025-05-21 15:20:00,378.0,384.0,572.0
2025-05-21 15:21:00,378.0,384.0,572.0
2025-05-21 15:22:00,378.0,384.0,572.0
2025-05-21 15:23:00,378.0,384.0,572.0
2025-05-21 15:24:00,378.0,384.0,572.0
2025-05-21 15:25:00,379.0,384.0,573.0
2025-05-21 15:26:00,379.0,384.0,573.0
2025-05-21 15:27:00,379.0,384.0,573.0
2025-05-21 15:28:00,379.0,384.0,573.0
2025-05-21 15:29:00,379.0,384.0,573.0
2025-05-21 15:30:00,382.0,384.0,594.0
2025-05-22 09:00:00,381.0,381.0,3.0
2025-05-22 09:01:00,381.0,381.0,3.0
2025-05-22 09:02:00,381.0,381.0,3.0
2025-05-22 09:03:00,381.0,381.0,3.0
2025-05-22 09:04:00,381.0,381.0,3.0
2025-05-22 09:05:00,381.0,381.0,3.0
2025-05-22 09:06:00,381.0,381.0,3.0
2025-05-22 09:07:00,381.0,381.0,3.0
2025-05-22 09:08:00,381.0,381.0,3.0
2025-05-22 09:09:00,381.0,381.0,3.0
2025-05-22 09:10:00,382.0,381.0,5.0
2025-05-22 09:11:00,382.0,381.0,5.0
2025-05-22 09:12:00,382.0,381.0,5.0
2025-05-22 09:13:00,382.0,381.0,5.0
2025-05-22 09:14:00,382.0,381.0,5.0
2025-05-22 09:15:00,382.0,381.0,5.0
2025-05-22 09:16:00,379.0,381.0,25.0
2025-05-22 09:17:00,379.0,381.0,25.0
2025-05-22 09:18:00,379.0,381.0,25.0
2025-05-22 09:19:00,379.0,381.0,25.0
2025-05-22 09:20:00,379.0,381.0,25.0
2025-05-22 09:21:00,379.0,381.0,25.0
2025-05-22 09:22:00,379.0,381.0,25.0
2025-05-22 09:23:00,379.0,381.0,25.0
2025-05-22 09:24:00,379.0,381.0,25.0
2025-05-22 09:25:00,379.0,381.0,25.0
2025-05-22 09:26:00,379.0,381.0,25.0
2025-05-22 09:27:00,379.0,381.0,25.0
2025-05-22 09:28:00,379.0,381.0,25.0
2025-05-22 09:29:00,379.0,381.0,25.0
2025-05-22 09:30:00,379.0,381.0,25.0
2025-05-22 09:31:00,379.0,381.0,25.0
2025-05-22 09:32:00,379.0,381.0,25.0
2025-05-22 09:33:00,379.0,381.0,25.0
2025-05-22 09:34:00,379.0,381.0,25.0
2025-05-22 09:35:00,379.0,381.0,25.0
2025-05-22 09:36:00,379.0,381.0,25.0
2025-05-22 09:37:00,379.0,381.0,25.0
2025-05-22 09:38:00,379.0,381.0,25.0
2025-05-22 09:39:00,379.0,381.0,25.0
2025-05-22 09:40:00,379.0,381.0,25.0
2025-05-22 09:41:00,379.0,381.0,25.0
2025-05-22 09:42:00,379.0,381.0,25.0
2025-05-22 09:43:00,379.0,381.0,25.0
2025-05-22 09:44:00,379.0,381.0,25.0
2025-05-22 09:45:00,379.0,381.0,25.0
2025-05-22 09:46:00,379.0,381.0,25.0
2025-05-22 09:47:00,379.0,381.0,25.0
2025-05-22 09:48:00,379.0,381.0,25.0
2025-05-22 09:49:00,379.0,381.0,25.0
2025-05-22 09:50:00,379.0,381.0,25.0
2025-05-22 09:51:00,379.0,381.0,25.0
2025-05-22 09:52:00,379.0,381.0,25.0
2025-05-22 09:53:00,379.0,381.0,25.0
2025-05-22 09:54:00,379.0,381.0,25.0
2025-05-22 09:55:00,379.0,381.0,25.0
2025-05-22 09:56:00,379.0,381.0,25.0
2025-05-22 09:57:00,379.0,381.0,25.0
2025-05-22 09:58:00,379.0,381.0,25.0
2025-05-22 09:59:00,379.0,381.0,25.0
2025-05-22 10:00:00,379.0,381.0,25.0
2025-05-22 10:01:00,379.0,381.0,25.0
2025-05-22 10:02:00,379.0,381.0,25.0
2025-05-22 10:03:00,379.0,381.0,25.0
2025-05-22 10:04:00,379.0,381.0,25.0
2025-05-22 10:05:00,379.0,381.0,25.0
2025-05-22 10:06:00,379.0,381.0,25.0
2025-05-22 10:07:00,379.0,381.0,25.0
2025-05-22 10:08:00,379.0,381.0,25.0
2025-05-22 10:09:00,379.0,381.0,25.0
2025-05-22 10:10:00,381.0,381.0,26.0
2025-05-22 10:11:00,381.0,381.0,26.0
2025-05-22 10:12:00,381.0,381.0,26.0
2025-05-22 10:13:00,381.0,381.0,26.0
2025-05-22 10:14:00,381.0,381.0,26.0
2025-05-22 10:15:00,381.0,381.0,26.0
2025-05-22 10:16:00,381.0,381.0,26.0
2025-05-22 10:17:00,381.0,381.0,26.0
2025-05-22 10:18:00,381.0,381.0,26.0
2025-05-22 10:19:00,381.0,381.0,26.0
2025-05-22 10:20:00,381.0,381.0,26.0
2025-05-22 10:21:00,381.0,381.0,26.0
2025-05-22 10:22:00,381.0,381.0,26.0
2025-05-22 10:23:00,381.0,381.0,26.0
2025-05-22 10:24:00,381.0,381.0,26.0
2025-05-22 10:25:00,381.0,381.0,26.0
2025-05-22 10:26:00,381.0,381.0,26.0
2025-05-22 10:27:00,381.0,381.0,26.0
2025-05-22 10:28:00,381.0,381.0,26.0
2025-05-22 10:29:00,381.0,381.0,26.0
2025-05-22 10:30:00,381.0,381.0,26.0
2025-05-22 10:31:00,381.0,381.0,26.0
2025-05-22 10:32:00,381.0,381.0,26.0
2025-05-22 10:33:00,381.0,381.0,26.0
2025-05-22 10:34:00,381.0,381.0,26.0
2025-05-22 10:35:00,381.0,381.0,26.0
2025-05-22 10:36:00,381.0,381.0,26.0
2025-05-22 10:37:00,381.0,381.0,26.0
2025-05-22 10:38:00,381.0,381.0,26.0
2025-05-22 10:39:00,381.0,381.0,26.0
2025-05-22 10:40:00,381.0,381.0,26.0
2025-05-22 10:41:00,381.0,381.0,26.0
2025-05-22 10:42:00,381.0,381.0,26.0
2025-05-22 10:43:00,381.0,381.0,26.0
2025-05-22 10:44:00,381.0,381.0,26.0
2025-05-22 10:45:00,381.0,381.0,26.0
2025-05-22 10:46:00,381.0,381.0,26.0
2025-05-22 10:47:00,381.0,381.0,26.0
2025-05-22 10:48:00,381.0,381.0,26.0
2025-05-22 10:49:00,381.0,381.0,26.0
2025-05-22 10:50:00,381.0,381.0,26.0
2025-05-22 10:51:00,381.0,381.0,26.0
2025-05-22 10:52:00,381.0,381.0,26.0
2025-05-22 10:53:00,381.0,381.0,26.0
2025-05-22 10:54:00,381.0,381.0,26.0
2025-05-22 10:55:00,381.0,381.0,26.0
2025-05-22 10:56:00,381.0,381.0,26.0
2025-05-22 10:57:00,381.0,381.0,26.0
2025-05-22 10:58:00,381.0,381.0,26.0
2025-05-22 10:59:00,381.0,381.0,26.0
2025-05-22 11:00:00,381.0,381.0,26.0
2025-05-22 11:01:00,381.0,381.0,26.0
2025-05-22 11:02:00,381.0,381.0,26.0
2025-05-22 11:03:00,381.0,381.0,26.0
2025-05-22 11:04:00,381.0,381.0,26.0
2025-05-22 11:05:00,381.0,381.0,26.0
2025-05-22 11:06:00,381.0,381.0,26.0
2025-05-22 11:07:00,381.0,381.0,26.0
2025-05-22 11:08:00,381.0,381.0,26.0
2025-05-22 11:09:00,381.0,381.0,26.0
2025-05-22 11:10:00,381.0,381.0,26.0
2025-05-22 11:11:00,381.0,381.0,26.0
2025-05-22 11:12:00,381.0,381.0,26.0
2025-05-22 11:13:00,381.0,381.0,26.0
2025-05-22 11:14:00,381.0,381.0,26.0
2025-05-22 11:15:00,381.0,381.0,26.0
2025-05-22 11:16:00,381.0,381.0,26.0
2025-05-22 11:17:00,381.0,381.0,26.0
2025-05-22 11:18:00,381.0,381.0,26.0
2025-05-22 11:19:00,381.0,381.0,26.0
2025-05-22 11:20:00,381.0,381.0,26.0
2025-05-22 11:21:00,381.0,381.0,26.0
2025-05-22 11:22:00,381.0,381.0,26.0
2025-05-22 11:23:00,381.0,381.0,26.0
2025-05-22 11:24:00,381.0,381.0,26.0
2025-05-22 11:25:00,381.0,381.0,26.0
2025-05-22 11:26:00,381.0,381.0,26.0
2025-05-22 11:27:00,381.0,381.0,26.0
2025-05-22 11:28:00,381.0,381.0,26.0
2025-05-22 11:29:00,381.0,381.0,26.0
2025-05-22 11:30:00,381.0,381.0,27.0
2025-05-22 12:30:00,380.0,381.0,28.0
2025-05-22 12:31:00,380.0,381.0,28.0
2025-05-22 12:32:00,380.0,381.0,28.0
2025-05-22 12:33:00,380.0,381.0,28.0
2025-05-22 12:34:00,380.0,381.0,28.0
2025-05-22 12:35:00,380.0,381.0,28.0
2025-05-22 12:36:00,380.0,381.0,28.0
2025-05-22 12:37:00,380.0,381.0,28.0
2025-05-22 12:38:00,379.0,381.0,29.0
2025-05-22 12:39:00,379.0,381.0,29.0
2025-05-22 12:40:00,379.0,381.0,29.0
2025-05-22 12:41:00,379.0,381.0,29.0
2025-05-22 12:42:00,379.0,381.0,29.0
2025-05-22 12:43:00,379.0,381.0,29.0
2025-05-22 12:44:00,379.0,381.0,29.0
2025-05-22 12:45:00,379.0,381.0,29.0
2025-05-22 12:46:00,379.0,381.0,29.0
2025-05-22 12:47:00,379.0,381.0,29.0
2025-05-22 12:48:00,379.0,381.0,29.0
2025-05-22 12:49:00,379.0,381.0,29.0
2025-05-22 12:50:00,379.0,381.0,29.0
2025-05-22 12:51:00,379.0,381.0,29.0
2025-05-22 12:52:00,379.0,381.0,29.0
2025-05-22 12:53:00,379.0,381.0,29.0
2025-05-22 12:54:00,379.0,381.0,29.0
2025-05-22 12:55:00,379.0,381.0,29.0
2025-05-22 12:56:00,379.0,381.0,29.0
2025-05-22 12:57:00,379.0,381.0,29.0
2025-05-22 12:58:00,379.0,381.0,29.0
2025-05-22 12:59:00,379.0,381.0,29.0
2025-05-22 13:00:00,379.0,381.0,29.0
2025-05-22 13:01:00,379.0,381.0,29.0
2025-05-22 13:02:00,379.0,381.0,29.0
2025-05-22 13:03:00,379.0,381.0,29.0
2025-05-22 13:04:00,379.0,381.0,29.0
2025-05-22 13:05:00,379.0,381.0,29.0
2025-05-22 13:06:00,379.0,381.0,29.0
2025-05-22 13:07:00,379.0,381.0,29.0
2025-05-22 13:08:00,379.0,381.0,29.0
2025-05-22 13:09:00,379.0,381.0,29.0
2025-05-22 13:10:00,379.0,381.0,29.0
2025-05-22 13:11:00,379.0,381.0,29.0
2025-05-22 13:12:00,379.0,381.0,29.0
2025-05-22 13:13:00,380.0,381.0,30.0
2025-05-22 13:14:00,380.0,381.0,30.0
2025-05-22 13:15:00,380.0,381.0,30.0
2025-05-22 13:16:00,380.0,381.0,30.0
2025-05-22 13:17:00,380.0,381.0,30.0
2025-05-22 13:18:00,380.0,381.0,30.0
2025-05-22 13:19:00,380.0,381.0,30.0
2025-05-22 13:20:00,380.0,381.0,30.0
2025-05-22 13:21:00,380.0,381.0,30.0
2025-05-22 13:22:00,380.0,381.0,30.0
2025-05-22 13:23:00,380.0,381.0,30.0
2025-05-22 13:24:00,380.0,381.0,30.0
2025-05-22 13:25:00,380.0,381.0,30.0
2025-05-22 13:26:00,380.0,381.0,30.0
2025-05-22 13:27:00,380.0,381.0,30.0
2025-05-22 13:28:00,381.0,381.0,31.0
2025-05-22 13:29:00,381.0,381.0,31.0
2025-05-22 13:30:00,381.0,381.0,31.0
2025-05-22 13:31:00,381.0,381.0,31.0
2025-05-22 13:32:00,381.0,381.0,31.0
2025-05-22 13:33:00,381.0,381.0,31.0
2025-05-22 13:34:00,381.0,381.0,31.0
2025-05-22 13:35:00,381.0,381.0,31.0
2025-05-22 13:36:00,381.0,381.0,31.0
2025-05-22 13:37:00,381.0,381.0,31.0
2025-05-22 13:38:00,381.0,381.0,31.0
2025-05-22 13:39:00,381.0,381.0,31.0
2025-05-22 13:40:00,381.0,381.0,31.0
2025-05-22 13:41:00,381.0,381.0,31.0
2025-05-22 13:42:00,381.0,381.0,31.0
2025-05-22 13:43:00,381.0,381.0,31.0
2025-05-22 13:44:00,381.0,381.0,31.0
2025-05-22 13:45:00,381.0,381.0,31.0
2025-05-22 13:46:00,381.0,381.0,31.0
2025-05-22 13:47:00,381.0,381.0,31.0
2025-05-22 13:48:00,381.0,381.0,31.0
2025-05-22 13:49:00,381.0,381.0,31.0
2025-05-22 13:50:00,381.0,381.0,31.0
2025-05-22 13:51:00,381.0,381.0,31.0
2025-05-22 13:52:00,381.0,381.0,31.0
2025-05-22 13:53:00,381.0,381.0,31.0
2025-05-22 13:54:00,381.0,381.0,31.0
2025-05-22 13:55:00,381.0,381.0,31.0
2025-05-22 13:56:00,381.0,381.0,31.0
2025-05-22 13:57:00,381.0,381.0,31.0
2025-05-22 13:58:00,381.0,381.0,31.0
2025-05-22 13:59:00,381.0,381.0,31.0
2025-05-22 14:00:00,381.0,381.0,31.0
2025-05-22 14:01:00,381.0,381.0,31.0
2025-05-22 14:02:00,381.0,381.0,31.0
2025-05-22 14:03:00,381.0,381.0,31.0
2025-05-22 14:04:00,382.0,381.0,32.0
2025-05-22 14:05:00,382.0,381.0,33.0
2025-05-22 14:06:00,382.0,381.0,35.0
2025-05-22 14:07:00,382.0,381.0,35.0
2025-05-22 14:08:00,382.0,381.0,35.0
2025-05-22 14:09:00,382.0,381.0,35.0
2025-05-22 14:10:00,382.0,381.0,35.0
2025-05-22 14:11:00,382.0,381.0,35.0
2025-05-22 14:12:00,382.0,381.0,35.0
2025-05-22 14:13:00,382.0,381.0,35.0
2025-05-22 14:14:00,382.0,381.0,35.0
2025-05-22 14:15:00,382.0,381.0,35.0
2025-05-22 14:16:00,382.0,381.0,35.0
2025-05-22 14:17:00,382.0,381.0,35.0
2025-05-22 14:18:00,382.0,381.0,35.0
2025-05-22 14:19:00,382.0,381.0,35.0
2025-05-22 14:20:00,382.0,381.0,35.0
2025-05-22 14:21:00,382.0,381.0,35.0
2025-05-22 14:22:00,382.0,381.0,35.0
2025-05-22 14:23:00,382.0,381.0,35.0
2025-05-22 14:24:00,382.0,381.0,35.0
2025-05-22 14:25:00,382.0,381.0,35.0
2025-05-22 14:26:00,382.0,381.0,35.0
2025-05-22 14:27:00,381.0,381.0,38.0
2025-05-22 14:28:00,381.0,381.0,38.0
2025-05-22 14:29:00,381.0,381.0,38.0
2025-05-22 14:30:00,381.0,381.0,38.0
2025-05-22 14:31:00,381.0,381.0,38.0
2025-05-22 14:32:00,381.0,381.0,38.0
2025-05-22 14:33:00,381.0,381.0,38.0
2025-05-22 14:34:00,381.0,381.0,38.0
2025-05-22 14:35:00,381.0,381.0,38.0
2025-05-22 14:36:00,381.0,381.0,38.0
2025-05-22 14:37:00,381.0,381.0,38.0
2025-05-22 14:38:00,381.0,381.0,38.0
2025-05-22 14:39:00,381.0,381.0,38.0
2025-05-22 14:40:00,381.0,381.0,38.0
2025-05-22 14:41:00,381.0,381.0,38.0
2025-05-22 14:42:00,381.0,381.0,38.0
2025-05-22 14:43:00,381.0,381.0,38.0
2025-05-22 14:44:00,381.0,381.0,38.0
2025-05-22 14:45:00,381.0,381.0,38.0
2025-05-22 14:46:00,381.0,381.0,38.0
2025-05-22 14:47:00,381.0,381.0,38.0
2025-05-22 14:48:00,381.0,381.0,38.0
2025-05-22 14:49:00,381.0,381.0,38.0
2025-05-22 14:50:00,381.0,381.0,38.0
2025-05-22 14:51:00,381.0,381.0,38.0
2025-05-22 14:52:00,381.0,381.0,38.0
2025-05-22 14:53:00,381.0,381.0,38.0
2025-05-22 14:54:00,381.0,381.0,38.0
2025-05-22 14:55:00,381.0,381.0,38.0
2025-05-22 14:56:00,381.0,381.0,38.0
2025-05-22 14:57:00,381.0,381.0,38.0
2025-05-22 14:58:00,381.0,381.0,38.0
2025-05-22 14:59:00,381.0,381.0,38.0
2025-05-22 15:00:00,381.0,381.0,38.0
2025-05-22 15:01:00,384.0,381.0,49.0
2025-05-22 15:02:00,384.0,381.0,49.0
2025-05-22 15:03:00,384.0,381.0,49.0
2025-05-22 15:04:00,385.0,381.0,56.0
2025-05-22 15:05:00,385.0,381.0,56.0
2025-05-22 15:06:00,385.0,381.0,56.0
2025-05-22 15:07:00,385.0,381.0,56.0
2025-05-22 15:08:00,385.0,381.0,56.0
2025-05-22 15:09:00,382.0,381.0,59.0
2025-05-22 15:10:00,382.0,381.0,59.0
2025-05-22 15:11:00,382.0,381.0,59.0
2025-05-22 15:12:00,382.0,381.0,59.0
2025-05-22 15:13:00,382.0,381.0,59.0
2025-05-22 15:14:00,382.0,381.0,59.0
2025-05-22 15:15:00,382.0,381.0,59.0
2025-05-22 15:16:00,382.0,381.0,59.0
2025-05-22 15:17:00,382.0,381.0,59.0
2025-05-22 15:18:00,382.0,381.0,59.0
2025-05-22 15:19:00,382.0,381.0,59.0
2025-05-22 15:20:00,382.0,381.0,59.0
2025-05-22 15:21:00,382.0,381.0,59.0
2025-05-22 15:22:00,381.0,381.0,60.0
2025-05-22 15:23:00,381.0,381.0,60.0
2025-05-22 15:24:00,381.0,381.0,60.0
2025-05-22 15:25:00,381.0,381.0,63.0
2025-05-22 15:26:00,381.0,381.0,63.0
2025-05-22 15:27:00,381.0,381.0,63.0
2025-05-22 15:28:00,381.0,381.0,63.0
2025-05-22 15:29:00,381.0,381.0,63.0
2025-05-22 15:30:00,382.0,381.0,66.0
2025-05-23 09:00:00,382.0,382.0,2.0
2025-05-23 09:01:00,382.0,382.0,2.0
2025-05-23 09:02:00,382.0,382.0,2.0
2025-05-23 09:03:00,382.0,382.0,2.0
2025-05-23 09:04:00,382.0,382.0,2.0
2025-05-23 09:05:00,382.0,382.0,2.0
2025-05-23 09:06:00,381.0,382.0,3.0
2025-05-23 09:07:00,381.0,382.0,3.0
2025-05-23 09:08:00,381.0,382.0,3.0
2025-05-23 09:09:00,381.0,382.0,3.0
2025-05-23 09:10:00,381.0,382.0,3.0
2025-05-23 09:11:00,381.0,382.0,3.0
2025-05-23 09:12:00,381.0,382.0,3.0
2025-05-23 09:13:00,380.0,382.0,6.0
2025-05-23 09:14:00,380.0,382.0,6.0
2025-05-23 09:15:00,380.0,382.0,6.0
2025-05-23 09:16:00,380.0,382.0,6.0
2025-05-23 09:17:00,380.0,382.0,6.0
2025-05-23 09:18:00,380.0,382.0,6.0
2025-05-23 09:19:00,380.0,382.0,6.0
2025-05-23 09:20:00,380.0,382.0,6.0
2025-05-23 09:21:00,380.0,382.0,6.0
2025-05-23 09:22:00,380.0,382.0,6.0
2025-05-23 09:23:00,380.0,382.0,6.0
2025-05-23 09:24:00,380.0,382.0,6.0
2025-05-23 09:25:00,380.0,382.0,6.0
2025-05-23 09:26:00,380.0,382.0,6.0
2025-05-23 09:27:00,380.0,382.0,6.0
2025-05-23 09:28:00,380.0,382.0,6.0
2025-05-23 09:29:00,380.0,382.0,6.0
2025-05-23 09:30:00,380.0,382.0,6.0
2025-05-23 09:31:00,380.0,382.0,6.0
2025-05-23 09:32:00,380.0,382.0,6.0
2025-05-23 09:33:00,380.0,382.0,6.0
2025-05-23 09:34:00,380.0,382.0,6.0
2025-05-23 09:35:00,380.0,382.0,6.0
2025-05-23 09:36:00,380.0,382.0,6.0
2025-05-23 09:37:00,380.0,382.0,6.0
2025-05-23 09:38:00,380.0,382.0,6.0
2025-05-23 09:39:00,380.0,382.0,6.0
2025-05-23 09:40:00,380.0,382.0,6.0
2025-05-23 09:41:00,380.0,382.0,6.0
2025-05-23 09:42:00,380.0,382.0,6.0
2025-05-23 09:43:00,380.0,382.0,6.0
2025-05-23 09:44:00,380.0,382.0,6.0
2025-05-23 09:45:00,380.0,382.0,6.0
2025-05-23 09:46:00,380.0,382.0,6.0
2025-05-23 09:47:00,380.0,382.0,6.0
2025-05-23 09:48:00,380.0,382.0,6.0
2025-05-23 09:49:00,380.0,382.0,6.0
2025-05-23 09:50:00,380.0,382.0,6.0
2025-05-23 09:51:00,380.0,382.0,6.0
2025-05-23 09:52:00,380.0,382.0,6.0
2025-05-23 09:53:00,380.0,382.0,6.0
2025-05-23 09:54:00,380.0,382.0,6.0
2025-05-23 09:55:00,380.0,382.0,6.0
2025-05-23 09:56:00,380.0,382.0,6.0
2025-05-23 09:57:00,380.0,382.0,6.0
2025-05-23 09:58:00,380.0,382.0,6.0
2025-05-23 09:59:00,380.0,382.0,6.0
2025-05-23 10:00:00,380.0,382.0,6.0
2025-05-23 10:01:00,380.0,382.0,6.0
2025-05-23 10:02:00,380.0,382.0,6.0
2025-05-23 10:03:00,380.0,382.0,6.0
2025-05-23 10:04:00,380.0,382.0,6.0
2025-05-23 10:05:00,380.0,382.0,6.0
2025-05-23 10:06:00,380.0,382.0,6.0
2025-05-23 10:07:00,380.0,382.0,6.0
2025-05-23 10:08:00,380.0,382.0,6.0
2025-05-23 10:09:00,380.0,382.0,6.0
2025-05-23 10:10:00,380.0,382.0,6.0
2025-05-23 10:11:00,380.0,382.0,6.0
2025-05-23 10:12:00,380.0,382.0,6.0
2025-05-23 10:13:00,380.0,382.0,6.0
2025-05-23 10:14:00,380.0,382.0,6.0
2025-05-23 10:15:00,380.0,382.0,6.0
2025-05-23 10:16:00,380.0,382.0,6.0
2025-05-23 10:17:00,380.0,382.0,6.0
2025-05-23 10:18:00,380.0,382.0,6.0
2025-05-23 10:19:00,380.0,382.0,6.0
2025-05-23 10:20:00,380.0,382.0,6.0
2025-05-23 10:21:00,380.0,382.0,6.0
2025-05-23 10:22:00,380.0,382.0,6.0
2025-05-23 10:23:00,380.0,382.0,6.0
2025-05-23 10:24:00,380.0,382.0,6.0
2025-05-23 10:25:00,380.0,382.0,6.0
2025-05-23 10:26:00,380.0,382.0,6.0
2025-05-23 10:27:00,380.0,382.0,6.0
2025-05-23 10:28:00,380.0,382.0,6.0
2025-05-23 10:29:00,380.0,382.0,6.0
2025-05-23 10:30:00,380.0,382.0,6.0
2025-05-23 10:31:00,380.0,382.0,6.0
2025-05-23 10:32:00,381.0,382.0,7.0
2025-05-23 10:33:00,381.0,382.0,9.0
2025-05-23 10:34:00,381.0,382.0,9.0
2025-05-23 10:35:00,381.0,382.0,9.0
2025-05-23 10:36:00,381.0,382.0,9.0
2025-05-23 10:37:00,380.0,382.0,11.0
2025-05-23 10:38:00,380.0,382.0,11.0
2025-05-23 10:39:00,380.0,382.0,11.0
2025-05-23 10:40:00,380.0,382.0,11.0
2025-05-23 10:41:00,380.0,382.0,11.0
2025-05-23 10:42:00,380.0,382.0,11.0
2025-05-23 10:43:00,380.0,382.0,11.0
2025-05-23 10:44:00,380.0,382.0,11.0
2025-05-23 10:45:00,380.0,382.0,11.0
2025-05-23 10:46:00,380.0,382.0,11.0
2025-05-23 10:47:00,380.0,382.0,11.0
2025-05-23 10:48:00,380.0,382.0,11.0
2025-05-23 10:49:00,380.0,382.0,11.0
2025-05-23 10:50:00,380.0,382.0,11.0
2025-05-23 10:51:00,380.0,382.0,11.0
2025-05-23 10:52:00,380.0,382.0,11.0
2025-05-23 10:53:00,380.0,382.0,11.0
2025-05-23 10:54:00,380.0,382.0,11.0
2025-05-23 10:55:00,380.0,382.0,11.0
2025-05-23 10:56:00,380.0,382.0,11.0
2025-05-23 10:57:00,380.0,382.0,11.0
2025-05-23 10:58:00,380.0,382.0,11.0
2025-05-23 10:59:00,380.0,382.0,11.0
2025-05-23 11:00:00,380.0,382.0,11.0
2025-05-23 11:01:00,380.0,382.0,11.0
2025-05-23 11:02:00,380.0,382.0,11.0
2025-05-23 11:03:00,380.0,382.0,11.0
2025-05-23 11:04:00,380.0,382.0,11.0
2025-05-23 11:05:00,380.0,382.0,11.0
2025-05-23 11:06:00,380.0,382.0,11.0
2025-05-23 11:07:00,380.0,382.0,11.0
2025-05-23 11:08:00,380.0,382.0,11.0
2025-05-23 11:09:00,380.0,382.0,11.0
2025-05-23 11:10:00,380.0,382.0,11.0
2025-05-23 11:11:00,380.0,382.0,11.0
2025-05-23 11:12:00,380.0,382.0,11.0
2025-05-23 11:13:00,380.0,382.0,11.0
2025-05-23 11:14:00,380.0,382.0,11.0
2025-05-23 11:15:00,380.0,382.0,11.0
2025-05-23 11:16:00,380.0,382.0,11.0
2025-05-23 11:17:00,380.0,382.0,11.0
2025-05-23 11:18:00,380.0,382.0,11.0
2025-05-23 11:19:00,380.0,382.0,11.0
2025-05-23 11:20:00,380.0,382.0,11.0
2025-05-23 11:21:00,380.0,382.0,11.0
2025-05-23 11:22:00,380.0,382.0,11.0
2025-05-23 11:23:00,380.0,382.0,11.0
2025-05-23 11:24:00,380.0,382.0,11.0
2025-05-23 11:25:00,380.0,382.0,11.0
2025-05-23 11:26:00,380.0,382.0,11.0
2025-05-23 11:27:00,380.0,382.0,11.0
2025-05-23 11:28:00,380.0,382.0,11.0
2025-05-23 11:29:00,380.0,382.0,11.0
2025-05-23 11:30:00,380.0,382.0,12.0
2025-05-23 12:30:00,381.0,382.0,13.0
2025-05-23 12:31:00,383.0,382.0,42.0
2025-05-23 12:32:00,383.0,382.0,42.0
2025-05-23 12:33:00,383.0,382.0,42.0
2025-05-23 12:34:00,384.0,382.0,50.0
2025-05-23 12:35:00,385.0,382.0,56.0
2025-05-23 12:36:00,385.0,382.0,57.0
2025-05-23 12:37:00,386.0,382.0,64.0
2025-05-23 12:38:00,386.0,382.0,64.0
2025-05-23 12:39:00,384.0,382.0,73.0
2025-05-23 12:40:00,384.0,382.0,74.0
2025-05-23 12:41:00,384.0,382.0,79.0
2025-05-23 12:42:00,384.0,382.0,79.0
2025-05-23 12:43:00,384.0,382.0,79.0
2025-05-23 12:44:00,384.0,382.0,79.0
2025-05-23 12:45:00,388.0,382.0,280.0
2025-05-23 12:46:00,388.0,382.0,280.0
2025-05-23 12:47:00,388.0,382.0,280.0
2025-05-23 12:48:00,391.0,382.0,281.0
2025-05-23 12:49:00,391.0,382.0,281.0
2025-05-23 12:50:00,391.0,382.0,281.0
2025-05-23 12:51:00,391.0,382.0,281.0
2025-05-23 12:52:00,391.0,382.0,281.0
2025-05-23 12:53:00,390.0,382.0,295.0
2025-05-23 12:54:00,387.0,382.0,310.0
2025-05-23 12:55:00,387.0,382.0,310.0
2025-05-23 12:56:00,387.0,382.0,310.0
2025-05-23 12:57:00,387.0,382.0,310.0
2025-05-23 12:58:00,387.0,382.0,310.0
2025-05-23 12:59:00,387.0,382.0,310.0
2025-05-23 13:00:00,385.0,382.0,317.0
2025-05-23 13:01:00,385.0,382.0,317.0
2025-05-23 13:02:00,387.0,382.0,318.0
2025-05-23 13:03:00,387.0,382.0,318.0
2025-05-23 13:04:00,387.0,382.0,318.0
2025-05-23 13:05:00,387.0,382.0,318.0
2025-05-23 13:06:00,387.0,382.0,318.0
2025-05-23 13:07:00,387.0,382.0,318.0
2025-05-23 13:08:00,387.0,382.0,318.0
2025-05-23 13:09:00,387.0,382.0,318.0
2025-05-23 13:10:00,387.0,382.0,318.0
2025-05-23 13:11:00,388.0,382.0,335.0
2025-05-23 13:12:00,386.0,382.0,339.0
2025-05-23 13:13:00,386.0,382.0,339.0
2025-05-23 13:14:00,386.0,382.0,339.0
2025-05-23 13:15:00,386.0,382.0,339.0
2025-05-23 13:16:00,386.0,382.0,339.0
2025-05-23 13:17:00,386.0,382.0,339.0
2025-05-23 13:18:00,386.0,382.0,339.0
2025-05-23 13:19:00,386.0,382.0,339.0
2025-05-23 13:20:00,386.0,382.0,339.0
2025-05-23 13:21:00,386.0,382.0,339.0
2025-05-23 13:22:00,385.0,382.0,348.0
2025-05-23 13:23:00,385.0,382.0,348.0
2025-05-23 13:24:00,385.0,382.0,348.0
2025-05-23 13:25:00,385.0,382.0,348.0
2025-05-23 13:26:00,385.0,382.0,348.0
2025-05-23 13:27:00,385.0,382.0,348.0
2025-05-23 13:28:00,385.0,382.0,348.0
2025-05-23 13:29:00,385.0,382.0,348.0
2025-05-23 13:30:00,385.0,382.0,348.0
2025-05-23 13:31:00,385.0,382.0,348.0
2025-05-23 13:32:00,385.0,382.0,348.0
2025-05-23 13:33:00,385.0,382.0,348.0
2025-05-23 13:34:00,385.0,382.0,348.0
2025-05-23 13:35:00,385.0,382.0,348.0
2025-05-23 13:36:00,385.0,382.0,348.0
2025-05-23 13:37:00,385.0,382.0,348.0
2025-05-23 13:38:00,385.0,382.0,348.0
2025-05-23 13:39:00,385.0,382.0,348.0
2025-05-23 13:40:00,385.0,382.0,348.0
2025-05-23 13:41:00,385.0,382.0,348.0
2025-05-23 13:42:00,385.0,382.0,348.0
2025-05-23 13:43:00,385.0,382.0,348.0
2025-05-23 13:44:00,385.0,382.0,348.0
2025-05-23 13:45:00,385.0,382.0,348.0
2025-05-23 13:46:00,385.0,382.0,348.0
2025-05-23 13:47:00,385.0,382.0,348.0
2025-05-23 13:48:00,385.0,382.0,348.0
2025-05-23 13:49:00,385.0,382.0,348.0
2025-05-23 13:50:00,385.0,382.0,348.0
2025-05-23 13:51:00,385.0,382.0,348.0
2025-05-23 13:52:00,385.0,382.0,348.0
2025-05-23 13:53:00,385.0,382.0,348.0
2025-05-23 13:54:00,385.0,382.0,348.0
2025-05-23 13:55:00,383.0,382.0,373.0
2025-05-23 13:56:00,383.0,382.0,373.0
2025-05-23 13:57:00,383.0,382.0,373.0
2025-05-23 13:58:00,386.0,382.0,382.0
2025-05-23 13:59:00,386.0,382.0,382.0
2025-05-23 14:00:00,386.0,382.0,382.0
2025-05-23 14:01:00,386.0,382.0,382.0
2025-05-23 14:02:00,386.0,382.0,382.0
2025-05-23 14:03:00,386.0,382.0,382.0
2025-05-23 14:04:00,386.0,382.0,382.0
2025-05-23 14:05:00,386.0,382.0,382.0
2025-05-23 14:06:00,386.0,382.0,382.0
2025-05-23 14:07:00,386.0,382.0,382.0
2025-05-23 14:08:00,386.0,382.0,382.0
2025-05-23 14:09:00,386.0,382.0,382.0
2025-05-23 14:10:00,386.0,382.0,382.0
2025-05-23 14:11:00,386.0,382.0,382.0
2025-05-23 14:12:00,386.0,382.0,382.0
2025-05-23 14:13:00,386.0,382.0,382.0
2025-05-23 14:14:00,386.0,382.0,382.0
2025-05-23 14:15:00,386.0,382.0,382.0
2025-05-23 14:16:00,386.0,382.0,382.0
2025-05-23 14:17:00,386.0,382.0,382.0
2025-05-23 14:18:00,386.0,382.0,382.0
2025-05-23 14:19:00,386.0,382.0,382.0
2025-05-23 14:20:00,386.0,382.0,382.0
2025-05-23 14:21:00,386.0,382.0,382.0
2025-05-23 14:22:00,386.0,382.0,382.0
2025-05-23 14:23:00,386.0,382.0,382.0
2025-05-23 14:24:00,386.0,382.0,382.0
2025-05-23 14:25:00,386.0,382.0,382.0
2025-05-23 14:26:00,386.0,382.0,382.0
2025-05-23 14:27:00,386.0,382.0,382.0
2025-05-23 14:28:00,386.0,382.0,382.0
2025-05-23 14:29:00,386.0,382.0,382.0
2025-05-23 14:30:00,386.0,382.0,382.0
2025-05-23 14:31:00,386.0,382.0,382.0
2025-05-23 14:32:00,386.0,382.0,382.0
2025-05-23 14:33:00,386.0,382.0,382.0
2025-05-23 14:34:00,386.0,382.0,382.0
2025-05-23 14:35:00,386.0,382.0,382.0
2025-05-23 14:36:00,386.0,382.0,382.0
2025-05-23 14:37:00,386.0,382.0,382.0
2025-05-23 14:38:00,386.0,382.0,382.0
2025-05-23 14:39:00,386.0,382.0,382.0
2025-05-23 14:40:00,386.0,382.0,382.0
2025-05-23 14:41:00,386.0,382.0,382.0
2025-05-23 14:42:00,386.0,382.0,382.0
2025-05-23 14:43:00,386.0,382.0,382.0
2025-05-23 14:44:00,386.0,382.0,382.0
2025-05-23 14:45:00,386.0,382.0,382.0
2025-05-23 14:46:00,386.0,382.0,382.0
2025-05-23 14:47:00,386.0,382.0,382.0
2025-05-23 14:48:00,386.0,382.0,382.0
2025-05-23 14:49:00,386.0,382.0,382.0
2025-05-23 14:50:00,386.0,382.0,382.0
2025-05-23 14:51:00,386.0,382.0,382.0
2025-05-23 14:52:00,386.0,382.0,382.0
2025-05-23 14:53:00,386.0,382.0,382.0
2025-05-23 14:54:00,386.0,382.0,382.0
2025-05-23 14:55:00,386.0,382.0,382.0
2025-05-23 14:56:00,386.0,382.0,382.0
2025-05-23 14:57:00,386.0,382.0,382.0
2025-05-23 14:58:00,386.0,382.0,382.0
2025-05-23 14:59:00,386.0,382.0,382.0
2025-05-23 15:00:00,386.0,382.0,382.0
2025-05-23 15:01:00,386.0,382.0,382.0
2025-05-23 15:02:00,386.0,382.0,382.0
2025-05-23 15:03:00,386.0,382.0,382.0
2025-05-23 15:04:00,386.0,382.0,382.0
2025-05-23 15:05:00,386.0,382.0,382.0
2025-05-23 15:06:00,386.0,382.0,382.0
2025-05-23 15:07:00,386.0,382.0,382.0
2025-05-23 15:08:00,386.0,382.0,382.0
2025-05-23 15:09:00,386.0,382.0,382.0
2025-05-23 15:10:00,386.0,382.0,382.0
2025-05-23 15:11:00,386.0,382.0,382.0
2025-05-23 15:12:00,386.0,382.0,382.0
2025-05-23 15:13:00,386.0,382.0,382.0
2025-05-23 15:14:00,386.0,382.0,382.0
2025-05-23 15:15:00,386.0,382.0,382.0
2025-05-23 15:16:00,386.0,382.0,382.0
2025-05-23 15:17:00,386.0,382.0,382.0
2025-05-23 15:18:00,386.0,382.0,382.0
2025-05-23 15:19:00,386.0,382.0,382.0
2025-05-23 15:20:00,386.0,382.0,382.0
2025-05-23 15:21:00,386.0,382.0,382.0
2025-05-23 15:22:00,386.0,382.0,382.0
2025-05-23 15:23:00,386.0,382.0,382.0
2025-05-23 15:24:00,386.0,382.0,382.0
2025-05-23 15:25:00,386.0,382.0,382.0
2025-05-23 15:26:00,386.0,382.0,382.0
2025-05-23 15:27:00,386.0,382.0,382.0
2025-05-23 15:28:00,386.0,382.0,382.0
2025-05-23 15:29:00,386.0,382.0,382.0
2025-05-23 15:30:00,380.0,382.0,412.0
2025-05-26 09:00:00,381.0,381.0,8.0
2025-05-26 09:01:00,381.0,381.0,8.0
2025-05-26 09:02:00,381.0,381.0,8.0
2025-05-26 09:03:00,381.0,381.0,8.0
2025-05-26 09:04:00,383.0,381.0,14.0
2025-05-26 09:05:00,383.0,381.0,14.0
2025-05-26 09:06:00,383.0,381.0,14.0
2025-05-26 09:07:00,383.0,381.0,14.0
2025-05-26 09:08:00,383.0,381.0,14.0
2025-05-26 09:09:00,383.0,381.0,14.0
2025-05-26 09:10:00,383.0,381.0,14.0
2025-05-26 09:11:00,383.0,381.0,14.0
2025-05-26 09:12:00,383.0,381.0,14.0
2025-05-26 09:13:00,383.0,381.0,14.0
2025-05-26 09:14:00,383.0,381.0,14.0
2025-05-26 09:15:00,383.0,381.0,14.0
2025-05-26 09:16:00,383.0,381.0,14.0
2025-05-26 09:17:00,383.0,381.0,14.0
2025-05-26 09:18:00,383.0,381.0,14.0
2025-05-26 09:19:00,383.0,381.0,14.0
2025-05-26 09:20:00,383.0,381.0,14.0
2025-05-26 09:21:00,383.0,381.0,14.0
2025-05-26 09:22:00,383.0,381.0,14.0
2025-05-26 09:23:00,383.0,381.0,14.0
2025-05-26 09:24:00,383.0,381.0,14.0
2025-05-26 09:25:00,383.0,381.0,14.0
2025-05-26 09:26:00,383.0,381.0,14.0
2025-05-26 09:27:00,383.0,381.0,14.0
2025-05-26 09:28:00,383.0,381.0,14.0
2025-05-26 09:29:00,383.0,381.0,14.0
2025-05-26 09:30:00,383.0,381.0,14.0
2025-05-26 09:31:00,383.0,381.0,14.0
2025-05-26 09:32:00,383.0,381.0,14.0
2025-05-26 09:33:00,383.0,381.0,14.0
2025-05-26 09:34:00,383.0,381.0,14.0
2025-05-26 09:35:00,383.0,381.0,14.0
2025-05-26 09:36:00,383.0,381.0,14.0
2025-05-26 09:37:00,383.0,381.0,14.0
2025-05-26 09:38:00,383.0,381.0,14.0
2025-05-26 09:39:00,383.0,381.0,15.0
2025-05-26 09:40:00,383.0,381.0,17.0
2025-05-26 09:41:00,383.0,381.0,17.0
2025-05-26 09:42:00,383.0,381.0,17.0
2025-05-26 09:43:00,383.0,381.0,17.0
2025-05-26 09:44:00,383.0,381.0,17.0
2025-05-26 09:45:00,383.0,381.0,17.0
2025-05-26 09:46:00,383.0,381.0,17.0
2025-05-26 09:47:00,383.0,381.0,17.0
2025-05-26 09:48:00,383.0,381.0,17.0
2025-05-26 09:49:00,383.0,381.0,17.0
2025-05-26 09:50:00,383.0,381.0,17.0
2025-05-26 09:51:00,383.0,381.0,17.0
2025-05-26 09:52:00,383.0,381.0,17.0
2025-05-26 09:53:00,383.0,381.0,17.0
2025-05-26 09:54:00,383.0,381.0,17.0
2025-05-26 09:55:00,383.0,381.0,17.0
2025-05-26 09:56:00,383.0,381.0,17.0
2025-05-26 09:57:00,383.0,381.0,17.0
2025-05-26 09:58:00,383.0,381.0,17.0
2025-05-26 09:59:00,383.0,381.0,17.0
2025-05-26 10:00:00,383.0,381.0,17.0
2025-05-26 10:01:00,383.0,381.0,17.0
2025-05-26 10:02:00,383.0,381.0,17.0
2025-05-26 10:03:00,383.0,381.0,17.0
2025-05-26 10:04:00,383.0,381.0,17.0
2025-05-26 10:05:00,383.0,381.0,17.0
2025-05-26 10:06:00,383.0,381.0,17.0
2025-05-26 10:07:00,383.0,381.0,17.0
2025-05-26 10:08:00,383.0,381.0,17.0
2025-05-26 10:09:00,383.0,381.0,17.0
2025-05-26 10:10:00,383.0,381.0,17.0
2025-05-26 10:11:00,383.0,381.0,17.0
2025-05-26 10:12:00,383.0,381.0,17.0
2025-05-26 10:13:00,383.0,381.0,17.0
2025-05-26 10:14:00,383.0,381.0,17.0
2025-05-26 10:15:00,383.0,381.0,17.0
2025-05-26 10:16:00,383.0,381.0,17.0
2025-05-26 10:17:00,383.0,381.0,17.0
2025-05-26 10:18:00,383.0,381.0,17.0
2025-05-26 10:19:00,383.0,381.0,17.0
2025-05-26 10:20:00,383.0,381.0,17.0
2025-05-26 10:21:00,383.0,381.0,17.0
2025-05-26 10:22:00,383.0,381.0,17.0
2025-05-26 10:23:00,383.0,381.0,17.0
2025-05-26 10:24:00,383.0,381.0,17.0
2025-05-26 10:25:00,383.0,381.0,17.0
2025-05-26 10:26:00,383.0,381.0,17.0
2025-05-26 10:27:00,383.0,381.0,17.0
2025-05-26 10:28:00,383.0,381.0,17.0
2025-05-26 10:29:00,383.0,381.0,17.0
2025-05-26 10:30:00,383.0,381.0,17.0
2025-05-26 10:31:00,383.0,381.0,17.0
2025-05-26 10:32:00,383.0,381.0,17.0
2025-05-26 10:33:00,383.0,381.0,17.0
2025-05-26 10:34:00,383.0,381.0,17.0
2025-05-26 10:35:00,383.0,381.0,17.0
2025-05-26 10:36:00,383.0,381.0,17.0
2025-05-26 10:37:00,383.0,381.0,17.0
2025-05-26 10:38:00,383.0,381.0,17.0
2025-05-26 10:39:00,383.0,381.0,17.0
2025-05-26 10:40:00,383.0,381.0,17.0
2025-05-26 10:41:00,383.0,381.0,17.0
2025-05-26 10:42:00,383.0,381.0,17.0
2025-05-26 10:43:00,383.0,381.0,17.0
2025-05-26 10:44:00,383.0,381.0,17.0
2025-05-26 10:45:00,383.0,381.0,17.0
2025-05-26 10:46:00,383.0,381.0,17.0
2025-05-26 10:47:00,383.0,381.0,17.0
2025-05-26 10:48:00,383.0,381.0,17.0
2025-05-26 10:49:00,383.0,381.0,17.0
2025-05-26 10:50:00,383.0,381.0,17.0
2025-05-26 10:51:00,383.0,381.0,17.0
2025-05-26 10:52:00,383.0,381.0,17.0
2025-05-26 10:53:00,383.0,381.0,17.0
2025-05-26 10:54:00,383.0,381.0,17.0
2025-05-26 10:55:00,383.0,381.0,17.0
2025-05-26 10:56:00,383.0,381.0,17.0
2025-05-26 10:57:00,382.0,381.0,18.0
2025-05-26 10:58:00,382.0,381.0,18.0
2025-05-26 10:59:00,382.0,381.0,18.0
2025-05-26 11:00:00,382.0,381.0,18.0
2025-05-26 11:01:00,382.0,381.0,18.0
2025-05-26 11:02:00,383.0,381.0,19.0
2025-05-26 11:03:00,383.0,381.0,19.0
2025-05-26 11:04:00,383.0,381.0,19.0
2025-05-26 11:05:00,383.0,381.0,19.0
2025-05-26 11:06:00,383.0,381.0,19.0
2025-05-26 11:07:00,383.0,381.0,19.0
2025-05-26 11:08:00,383.0,381.0,19.0
2025-05-26 11:09:00,383.0,381.0,19.0
2025-05-26 11:10:00,383.0,381.0,19.0
2025-05-26 11:11:00,383.0,381.0,19.0
2025-05-26 11:12:00,383.0,381.0,19.0
2025-05-26 11:13:00,383.0,381.0,19.0
2025-05-26 11:14:00,383.0,381.0,19.0
2025-05-26 11:15:00,383.0,381.0,19.0
2025-05-26 11:16:00,383.0,381.0,19.0
2025-05-26 11:17:00,383.0,381.0,19.0
2025-05-26 11:18:00,383.0,381.0,19.0
2025-05-26 11:19:00,383.0,381.0,19.0
2025-05-26 11:20:00,383.0,381.0,19.0
2025-05-26 11:21:00,383.0,381.0,19.0
2025-05-26 11:22:00,383.0,381.0,19.0
2025-05-26 11:23:00,383.0,381.0,19.0
2025-05-26 11:24:00,383.0,381.0,19.0
2025-05-26 11:25:00,383.0,381.0,19.0
2025-05-26 11:26:00,383.0,381.0,19.0
2025-05-26 11:27:00,383.0,381.0,19.0
2025-05-26 11:28:00,383.0,381.0,19.0
2025-05-26 11:29:00,383.0,381.0,19.0
2025-05-26 11:30:00,383.0,381.0,19.0
2025-05-26 12:30:00,383.0,381.0,19.0
2025-05-26 12:31:00,383.0,381.0,19.0
2025-05-26 12:32:00,383.0,381.0,20.0
2025-05-26 12:33:00,383.0,381.0,20.0
2025-05-26 12:34:00,383.0,381.0,20.0
2025-05-26 12:35:00,383.0,381.0,20.0
2025-05-26 12:36:00,383.0,381.0,20.0
2025-05-26 12:37:00,383.0,381.0,20.0
2025-05-26 12:38:00,383.0,381.0,20.0
2025-05-26 12:39:00,383.0,381.0,20.0
2025-05-26 12:40:00,383.0,381.0,20.0
2025-05-26 12:41:00,383.0,381.0,20.0
2025-05-26 12:42:00,383.0,381.0,20.0
2025-05-26 12:43:00,383.0,381.0,20.0
2025-05-26 12:44:00,383.0,381.0,20.0
2025-05-26 12:45:00,383.0,381.0,20.0
2025-05-26 12:46:00,383.0,381.0,20.0
2025-05-26 12:47:00,383.0,381.0,20.0
2025-05-26 12:48:00,383.0,381.0,20.0
2025-05-26 12:49:00,383.0,381.0,20.0
2025-05-26 12:50:00,383.0,381.0,20.0
2025-05-26 12:51:00,383.0,381.0,20.0
2025-05-26 12:52:00,383.0,381.0,20.0
2025-05-26 12:53:00,383.0,381.0,20.0
2025-05-26 12:54:00,383.0,381.0,20.0
2025-05-26 12:55:00,383.0,381.0,20.0
2025-05-26 12:56:00,383.0,381.0,20.0
2025-05-26 12:57:00,383.0,381.0,20.0
2025-05-26 12:58:00,383.0,381.0,20.0
2025-05-26 12:59:00,383.0,381.0,20.0
2025-05-26 13:00:00,383.0,381.0,20.0
2025-05-26 13:01:00,383.0,381.0,20.0
2025-05-26 13:02:00,383.0,381.0,20.0
2025-05-26 13:03:00,383.0,381.0,20.0
2025-05-26 13:04:00,383.0,381.0,20.0
2025-05-26 13:05:00,383.0,381.0,20.0
2025-05-26 13:06:00,383.0,381.0,20.0
2025-05-26 13:07:00,383.0,381.0,20.0
2025-05-26 13:08:00,383.0,381.0,20.0
2025-05-26 13:09:00,383.0,381.0,20.0
2025-05-26 13:10:00,383.0,381.0,20.0
2025-05-26 13:11:00,383.0,381.0,20.0
2025-05-26 13:12:00,383.0,381.0,20.0
2025-05-26 13:13:00,383.0,381.0,20.0
2025-05-26 13:14:00,383.0,381.0,20.0
2025-05-26 13:15:00,383.0,381.0,20.0
2025-05-26 13:16:00,383.0,381.0,20.0
2025-05-26 13:17:00,383.0,381.0,20.0
2025-05-26 13:18:00,383.0,381.0,20.0
2025-05-26 13:19:00,383.0,381.0,20.0
2025-05-26 13:20:00,383.0,381.0,20.0
2025-05-26 13:21:00,383.0,381.0,20.0
2025-05-26 13:22:00,383.0,381.0,20.0
2025-05-26 13:23:00,383.0,381.0,20.0
2025-05-26 13:24:00,383.0,381.0,20.0
2025-05-26 13:25:00,383.0,381.0,20.0
2025-05-26 13:26:00,383.0,381.0,20.0
2025-05-26 13:27:00,383.0,381.0,20.0
2025-05-26 13:28:00,383.0,381.0,20.0
2025-05-26 13:29:00,383.0,381.0,20.0
2025-05-26 13:30:00,383.0,381.0,20.0
2025-05-26 13:31:00,383.0,381.0,20.0
2025-05-26 13:32:00,383.0,381.0,20.0
2025-05-26 13:33:00,383.0,381.0,20.0
2025-05-26 13:34:00,383.0,381.0,20.0
2025-05-26 13:35:00,383.0,381.0,20.0
2025-05-26 13:36:00,383.0,381.0,20.0
2025-05-26 13:37:00,383.0,381.0,20.0
2025-05-26 13:38:00,383.0,381.0,20.0
2025-05-26 13:39:00,383.0,381.0,20.0
2025-05-26 13:40:00,383.0,381.0,20.0
2025-05-26 13:41:00,383.0,381.0,20.0
2025-05-26 13:42:00,383.0,381.0,20.0
2025-05-26 13:43:00,383.0,381.0,20.0
2025-05-26 13:44:00,383.0,381.0,20.0
2025-05-26 13:45:00,383.0,381.0,20.0
2025-05-26 13:46:00,383.0,381.0,20.0
2025-05-26 13:47:00,383.0,381.0,20.0
2025-05-26 13:48:00,383.0,381.0,20.0
2025-05-26 13:49:00,383.0,381.0,20.0
2025-05-26 13:50:00,383.0,381.0,20.0
2025-05-26 13:51:00,383.0,381.0,20.0
2025-05-26 13:52:00,383.0,381.0,20.0
2025-05-26 13:53:00,383.0,381.0,20.0
2025-05-26 13:54:00,383.0,381.0,20.0
2025-05-26 13:55:00,383.0,381.0,20.0
2025-05-26 13:56:00,383.0,381.0,20.0
2025-05-26 13:57:00,383.0,381.0,20.0
2025-05-26 13:58:00,383.0,381.0,20.0
2025-05-26 13:59:00,383.0,381.0,20.0
2025-05-26 14:00:00,383.0,381.0,20.0
2025-05-26 14:01:00,383.0,381.0,20.0
2025-05-26 14:02:00,383.0,381.0,20.0
2025-05-26 14:03:00,383.0,381.0,20.0
2025-05-26 14:04:00,383.0,381.0,20.0
2025-05-26 14:05:00,383.0,381.0,20.0
2025-05-26 14:06:00,383.0,381.0,20.0
2025-05-26 14:07:00,383.0,381.0,20.0
2025-05-26 14:08:00,383.0,381.0,20.0
2025-05-26 14:09:00,383.0,381.0,20.0
2025-05-26 14:10:00,383.0,381.0,20.0
2025-05-26 14:11:00,383.0,381.0,20.0
2025-05-26 14:12:00,383.0,381.0,20.0
2025-05-26 14:13:00,384.0,381.0,21.0
2025-05-26 14:14:00,384.0,381.0,21.0
2025-05-26 14:15:00,384.0,381.0,21.0
2025-05-26 14:16:00,384.0,381.0,21.0
2025-05-26 14:17:00,384.0,381.0,22.0
2025-05-26 14:18:00,384.0,381.0,22.0
2025-05-26 14:19:00,384.0,381.0,22.0
2025-05-26 14:20:00,384.0,381.0,22.0
2025-05-26 14:21:00,384.0,381.0,22.0
2025-05-26 14:22:00,384.0,381.0,22.0
2025-05-26 14:23:00,384.0,381.0,22.0
2025-05-26 14:24:00,384.0,381.0,22.0
2025-05-26 14:25:00,384.0,381.0,22.0
2025-05-26 14:26:00,384.0,381.0,22.0
2025-05-26 14:27:00,384.0,381.0,22.0
2025-05-26 14:28:00,384.0,381.0,22.0
2025-05-26 14:29:00,384.0,381.0,22.0
2025-05-26 14:30:00,384.0,381.0,22.0
2025-05-26 14:31:00,384.0,381.0,22.0
2025-05-26 14:32:00,384.0,381.0,22.0
2025-05-26 14:33:00,384.0,381.0,22.0
2025-05-26 14:34:00,384.0,381.0,22.0
2025-05-26 14:35:00,384.0,381.0,22.0
2025-05-26 14:36:00,384.0,381.0,22.0
2025-05-26 14:37:00,384.0,381.0,22.0
2025-05-26 14:38:00,384.0,381.0,22.0
2025-05-26 14:39:00,384.0,381.0,22.0
2025-05-26 14:40:00,384.0,381.0,22.0
2025-05-26 14:41:00,384.0,381.0,22.0
2025-05-26 14:42:00,384.0,381.0,22.0
2025-05-26 14:43:00,384.0,381.0,22.0
2025-05-26 14:44:00,384.0,381.0,22.0
2025-05-26 14:45:00,384.0,381.0,22.0
2025-05-26 14:46:00,384.0,381.0,22.0
2025-05-26 14:47:00,384.0,381.0,22.0
2025-05-26 14:48:00,384.0,381.0,22.0
2025-05-26 14:49:00,384.0,381.0,22.0
2025-05-26 14:50:00,384.0,381.0,22.0
2025-05-26 14:51:00,384.0,381.0,22.0
2025-05-26 14:52:00,384.0,381.0,22.0
2025-05-26 14:53:00,384.0,381.0,22.0
2025-05-26 14:54:00,384.0,381.0,22.0
2025-05-26 14:55:00,384.0,381.0,22.0
2025-05-26 14:56:00,384.0,381.0,22.0
2025-05-26 14:57:00,384.0,381.0,22.0
2025-05-26 14:58:00,384.0,381.0,22.0
2025-05-26 14:59:00,384.0,381.0,22.0
2025-05-26 15:00:00,384.0,381.0,22.0
2025-05-26 15:01:00,384.0,381.0,22.0
2025-05-26 15:02:00,384.0,381.0,22.0
2025-05-26 15:03:00,384.0,381.0,22.0
2025-05-26 15:04:00,384.0,381.0,22.0
2025-05-26 15:05:00,384.0,381.0,22.0
2025-05-26 15:06:00,384.0,381.0,22.0
2025-05-26 15:07:00,384.0,381.0,22.0
2025-05-26 15:08:00,384.0,381.0,22.0
2025-05-26 15:09:00,384.0,381.0,22.0
2025-05-26 15:10:00,384.0,381.0,22.0
2025-05-26 15:11:00,384.0,381.0,22.0
2025-05-26 15:12:00,384.0,381.0,22.0
2025-05-26 15:13:00,384.0,381.0,22.0
2025-05-26 15:14:00,384.0,381.0,22.0
2025-05-26 15:15:00,384.0,381.0,22.0
2025-05-26 15:16:00,384.0,381.0,22.0
2025-05-26 15:17:00,384.0,381.0,22.0
2025-05-26 15:18:00,384.0,381.0,22.0
2025-05-26 15:19:00,384.0,381.0,22.0
2025-05-26 15:20:00,384.0,381.0,22.0
2025-05-26 15:21:00,384.0,381.0,22.0
2025-05-26 15:22:00,384.0,381.0,22.0
2025-05-26 15:23:00,384.0,381.0,22.0
2025-05-26 15:24:00,384.0,381.0,22.0
2025-05-26 15:25:00,384.0,381.0,22.0
2025-05-26 15:26:00,384.0,381.0,22.0
2025-05-26 15:27:00,384.0,381.0,22.0
2025-05-26 15:28:00,384.0,381.0,22.0
2025-05-26 15:29:00,384.0,381.0,22.0
2025-05-26 15:30:00,384.0,381.0,30.0
2025-05-27 09:00:00,384.0,384.0,9.0
2025-05-27 09:01:00,384.0,384.0,9.0
2025-05-27 09:02:00,384.0,384.0,9.0
2025-05-27 09:03:00,384.0,384.0,9.0
2025-05-27 09:04:00,384.0,384.0,9.0
2025-05-27 09:05:00,384.0,384.0,9.0
2025-05-27 09:06:00,384.0,384.0,30.0
2025-05-27 09:07:00,384.0,384.0,30.0
2025-05-27 09:08:00,384.0,384.0,30.0
2025-05-27 09:09:00,384.0,384.0,30.0
2025-05-27 09:10:00,384.0,384.0,30.0
2025-05-27 09:11:00,384.0,384.0,34.0
2025-05-27 09:12:00,384.0,384.0,34.0
2025-05-27 09:13:00,384.0,384.0,34.0
2025-05-27 09:14:00,384.0,384.0,34.0
2025-05-27 09:15:00,384.0,384.0,34.0
2025-05-27 09:16:00,384.0,384.0,34.0
2025-05-27 09:17:00,384.0,384.0,34.0
2025-05-27 09:18:00,384.0,384.0,34.0
2025-05-27 09:19:00,384.0,384.0,34.0
2025-05-27 09:20:00,384.0,384.0,34.0
2025-05-27 09:21:00,384.0,384.0,34.0
2025-05-27 09:22:00,384.0,384.0,34.0
2025-05-27 09:23:00,384.0,384.0,34.0
2025-05-27 09:24:00,384.0,384.0,34.0
2025-05-27 09:25:00,384.0,384.0,34.0
2025-05-27 09:26:00,384.0,384.0,34.0
2025-05-27 09:27:00,384.0,384.0,34.0
2025-05-27 09:28:00,384.0,384.0,34.0
2025-05-27 09:29:00,384.0,384.0,34.0
2025-05-27 09:30:00,384.0,384.0,34.0
2025-05-27 09:31:00,384.0,384.0,34.0
2025-05-27 09:32:00,384.0,384.0,34.0
2025-05-27 09:33:00,384.0,384.0,34.0
2025-05-27 09:34:00,384.0,384.0,34.0
2025-05-27 09:35:00,384.0,384.0,34.0
2025-05-27 09:36:00,384.0,384.0,34.0
2025-05-27 09:37:00,384.0,384.0,34.0
2025-05-27 09:38:00,384.0,384.0,34.0
2025-05-27 09:39:00,384.0,384.0,34.0
2025-05-27 09:40:00,384.0,384.0,34.0
2025-05-27 09:41:00,384.0,384.0,34.0
2025-05-27 09:42:00,384.0,384.0,34.0
2025-05-27 09:43:00,384.0,384.0,34.0
2025-05-27 09:44:00,384.0,384.0,34.0
2025-05-27 09:45:00,384.0,384.0,34.0
2025-05-27 09:46:00,384.0,384.0,34.0
2025-05-27 09:47:00,384.0,384.0,34.0
2025-05-27 09:48:00,384.0,384.0,34.0
2025-05-27 09:49:00,384.0,384.0,34.0
2025-05-27 09:50:00,384.0,384.0,34.0
2025-05-27 09:51:00,384.0,384.0,34.0
2025-05-27 09:52:00,384.0,384.0,34.0
2025-05-27 09:53:00,384.0,384.0,34.0
2025-05-27 09:54:00,384.0,384.0,34.0
2025-05-27 09:55:00,384.0,384.0,34.0
2025-05-27 09:56:00,384.0,384.0,34.0
2025-05-27 09:57:00,383.0,384.0,37.0
2025-05-27 09:58:00,383.0,384.0,37.0
2025-05-27 09:59:00,383.0,384.0,37.0
2025-05-27 10:00:00,383.0,384.0,37.0
2025-05-27 10:01:00,383.0,384.0,37.0
2025-05-27 10:02:00,383.0,384.0,37.0
2025-05-27 10:03:00,383.0,384.0,37.0
2025-05-27 10:04:00,383.0,384.0,37.0
2025-05-27 10:05:00,383.0,384.0,37.0
2025-05-27 10:06:00,383.0,384.0,37.0
2025-05-27 10:07:00,383.0,384.0,37.0
2025-05-27 10:08:00,383.0,384.0,37.0
2025-05-27 10:09:00,383.0,384.0,37.0
2025-05-27 10:10:00,383.0,384.0,37.0
2025-05-27 10:11:00,383.0,384.0,37.0
2025-05-27 10:12:00,383.0,384.0,37.0
2025-05-27 10:13:00,383.0,384.0,37.0
2025-05-27 10:14:00,383.0,384.0,37.0
2025-05-27 10:15:00,383.0,384.0,37.0
2025-05-27 10:16:00,383.0,384.0,37.0
2025-05-27 10:17:00,383.0,384.0,37.0
2025-05-27 10:18:00,383.0,384.0,37.0
2025-05-27 10:19:00,383.0,384.0,37.0
2025-05-27 10:20:00,383.0,384.0,37.0
2025-05-27 10:21:00,383.0,384.0,37.0
2025-05-27 10:22:00,383.0,384.0,37.0
2025-05-27 10:23:00,383.0,384.0,37.0
2025-05-27 10:24:00,383.0,384.0,37.0
2025-05-27 10:25:00,383.0,384.0,37.0
2025-05-27 10:26:00,383.0,384.0,37.0
2025-05-27 10:27:00,383.0,384.0,37.0
2025-05-27 10:28:00,383.0,384.0,37.0
2025-05-27 10:29:00,383.0,384.0,37.0
2025-05-27 10:30:00,383.0,384.0,37.0
2025-05-27 10:31:00,383.0,384.0,37.0
2025-05-27 10:32:00,383.0,384.0,37.0
2025-05-27 10:33:00,383.0,384.0,37.0
2025-05-27 10:34:00,383.0,384.0,37.0
2025-05-27 10:35:00,384.0,384.0,38.0
2025-05-27 10:36:00,384.0,384.0,38.0
2025-05-27 10:37:00,384.0,384.0,38.0
2025-05-27 10:38:00,384.0,384.0,38.0
2025-05-27 10:39:00,384.0,384.0,38.0
2025-05-27 10:40:00,384.0,384.0,38.0
2025-05-27 10:41:00,384.0,384.0,38.0
2025-05-27 10:42:00,384.0,384.0,38.0
2025-05-27 10:43:00,384.0,384.0,38.0
2025-05-27 10:44:00,384.0,384.0,38.0
2025-05-27 10:45:00,384.0,384.0,38.0
2025-05-27 10:46:00,384.0,384.0,38.0
2025-05-27 10:47:00,384.0,384.0,38.0
2025-05-27 10:48:00,384.0,384.0,38.0
2025-05-27 10:49:00,384.0,384.0,38.0
2025-05-27 10:50:00,384.0,384.0,38.0
2025-05-27 10:51:00,384.0,384.0,38.0
2025-05-27 10:52:00,384.0,384.0,38.0
2025-05-27 10:53:00,384.0,384.0,38.0
2025-05-27 10:54:00,384.0,384.0,38.0
2025-05-27 10:55:00,384.0,384.0,38.0
2025-05-27 10:56:00,384.0,384.0,38.0
2025-05-27 10:57:00,384.0,384.0,38.0
2025-05-27 10:58:00,384.0,384.0,38.0
2025-05-27 10:59:00,384.0,384.0,38.0
2025-05-27 11:00:00,384.0,384.0,38.0
2025-05-27 11:01:00,384.0,384.0,38.0
2025-05-27 11:02:00,384.0,384.0,38.0
2025-05-27 11:03:00,384.0,384.0,38.0
2025-05-27 11:04:00,384.0,384.0,38.0
2025-05-27 11:05:00,384.0,384.0,38.0
2025-05-27 11:06:00,384.0,384.0,38.0
2025-05-27 11:07:00,384.0,384.0,38.0
2025-05-27 11:08:00,384.0,384.0,38.0
2025-05-27 11:09:00,384.0,384.0,38.0
2025-05-27 11:10:00,384.0,384.0,38.0
2025-05-27 11:11:00,384.0,384.0,38.0
2025-05-27 11:12:00,384.0,384.0,38.0
2025-05-27 11:13:00,384.0,384.0,38.0
2025-05-27 11:14:00,384.0,384.0,38.0
2025-05-27 11:15:00,384.0,384.0,38.0
2025-05-27 11:16:00,384.0,384.0,38.0
2025-05-27 11:17:00,385.0,384.0,49.0
2025-05-27 11:18:00,385.0,384.0,49.0
2025-05-27 11:19:00,385.0,384.0,49.0
2025-05-27 11:20:00,385.0,384.0,49.0
2025-05-27 11:21:00,385.0,384.0,49.0
2025-05-27 11:22:00,385.0,384.0,49.0
2025-05-27 11:23:00,385.0,384.0,49.0
2025-05-27 11:24:00,385.0,384.0,49.0
2025-05-27 11:25:00,385.0,384.0,49.0
2025-05-27 11:26:00,385.0,384.0,49.0
2025-05-27 11:27:00,385.0,384.0,49.0
2025-05-27 11:28:00,385.0,384.0,49.0
2025-05-27 11:29:00,385.0,384.0,49.0
2025-05-27 11:30:00,385.0,384.0,49.0
2025-05-27 12:30:00,384.0,384.0,50.0
2025-05-27 12:31:00,384.0,384.0,50.0
2025-05-27 12:32:00,384.0,384.0,51.0
2025-05-27 12:33:00,384.0,384.0,51.0
2025-05-27 12:34:00,384.0,384.0,51.0
2025-05-27 12:35:00,383.0,384.0,52.0
2025-05-27 12:36:00,383.0,384.0,53.0
2025-05-27 12:37:00,383.0,384.0,53.0
2025-05-27 12:38:00,383.0,384.0,53.0
2025-05-27 12:39:00,383.0,384.0,53.0
2025-05-27 12:40:00,383.0,384.0,53.0
2025-05-27 12:41:00,383.0,384.0,53.0
2025-05-27 12:42:00,383.0,384.0,53.0
2025-05-27 12:43:00,383.0,384.0,53.0
2025-05-27 12:44:00,383.0,384.0,53.0
2025-05-27 12:45:00,383.0,384.0,53.0
2025-05-27 12:46:00,383.0,384.0,53.0
2025-05-27 12:47:00,383.0,384.0,53.0
2025-05-27 12:48:00,383.0,384.0,53.0
2025-05-27 12:49:00,383.0,384.0,53.0
2025-05-27 12:50:00,382.0,384.0,54.0
2025-05-27 12:51:00,382.0,384.0,61.0
2025-05-27 12:52:00,382.0,384.0,61.0
2025-05-27 12:53:00,382.0,384.0,61.0
2025-05-27 12:54:00,382.0,384.0,61.0
2025-05-27 12:55:00,382.0,384.0,61.0
2025-05-27 12:56:00,382.0,384.0,61.0
2025-05-27 12:57:00,382.0,384.0,61.0
2025-05-27 12:58:00,382.0,384.0,61.0
2025-05-27 12:59:00,382.0,384.0,61.0
2025-05-27 13:00:00,382.0,384.0,61.0
2025-05-27 13:01:00,382.0,384.0,61.0
2025-05-27 13:02:00,382.0,384.0,61.0
2025-05-27 13:03:00,382.0,384.0,61.0
2025-05-27 13:04:00,382.0,384.0,61.0
2025-05-27 13:05:00,382.0,384.0,61.0
2025-05-27 13:06:00,382.0,384.0,61.0
2025-05-27 13:07:00,383.0,384.0,62.0
2025-05-27 13:08:00,383.0,384.0,62.0
2025-05-27 13:09:00,383.0,384.0,62.0
2025-05-27 13:10:00,383.0,384.0,62.0
2025-05-27 13:11:00,383.0,384.0,62.0
2025-05-27 13:12:00,383.0,384.0,62.0
2025-05-27 13:13:00,383.0,384.0,62.0
2025-05-27 13:14:00,383.0,384.0,62.0
2025-05-27 13:15:00,383.0,384.0,62.0
2025-05-27 13:16:00,383.0,384.0,62.0
2025-05-27 13:17:00,383.0,384.0,62.0
2025-05-27 13:18:00,383.0,384.0,62.0
2025-05-27 13:19:00,383.0,384.0,62.0
2025-05-27 13:20:00,383.0,384.0,62.0
2025-05-27 13:21:00,383.0,384.0,62.0
2025-05-27 13:22:00,383.0,384.0,62.0
2025-05-27 13:23:00,383.0,384.0,62.0
2025-05-27 13:24:00,383.0,384.0,62.0
2025-05-27 13:25:00,383.0,384.0,62.0
2025-05-27 13:26:00,383.0,384.0,62.0
2025-05-27 13:27:00,383.0,384.0,62.0
2025-05-27 13:28:00,383.0,384.0,62.0
2025-05-27 13:29:00,383.0,384.0,62.0
2025-05-27 13:30:00,383.0,384.0,62.0
2025-05-27 13:31:00,383.0,384.0,62.0
2025-05-27 13:32:00,383.0,384.0,62.0
2025-05-27 13:33:00,383.0,384.0,62.0
2025-05-27 13:34:00,383.0,384.0,62.0
2025-05-27 13:35:00,383.0,384.0,62.0
2025-05-27 13:36:00,383.0,384.0,62.0
2025-05-27 13:37:00,382.0,384.0,63.0
2025-05-27 13:38:00,382.0,384.0,63.0
2025-05-27 13:39:00,382.0,384.0,63.0
2025-05-27 13:40:00,382.0,384.0,63.0
2025-05-27 13:41:00,382.0,384.0,63.0
2025-05-27 13:42:00,382.0,384.0,63.0
2025-05-27 13:43:00,382.0,384.0,63.0
2025-05-27 13:44:00,382.0,384.0,63.0
2025-05-27 13:45:00,382.0,384.0,63.0
2025-05-27 13:46:00,382.0,384.0,63.0
2025-05-27 13:47:00,382.0,384.0,63.0
2025-05-27 13:48:00,382.0,384.0,63.0
2025-05-27 13:49:00,382.0,384.0,63.0
2025-05-27 13:50:00,382.0,384.0,63.0
2025-05-27 13:51:00,382.0,384.0,63.0
2025-05-27 13:52:00,382.0,384.0,63.0
2025-05-27 13:53:00,382.0,384.0,63.0
2025-05-27 13:54:00,382.0,384.0,63.0
2025-05-27 13:55:00,382.0,384.0,63.0
2025-05-27 13:56:00,382.0,384.0,63.0
2025-05-27 13:57:00,382.0,384.0,63.0
2025-05-27 13:58:00,382.0,384.0,63.0
2025-05-27 13:59:00,382.0,384.0,63.0
2025-05-27 14:00:00,382.0,384.0,63.0
2025-05-27 14:01:00,382.0,384.0,63.0
2025-05-27 14:02:00,382.0,384.0,63.0
2025-05-27 14:03:00,382.0,384.0,63.0
2025-05-27 14:04:00,382.0,384.0,63.0
2025-05-27 14:05:00,382.0,384.0,63.0
2025-05-27 14:06:00,382.0,384.0,63.0
2025-05-27 14:07:00,382.0,384.0,63.0
2025-05-27 14:08:00,382.0,384.0,63.0
2025-05-27 14:09:00,382.0,384.0,63.0
2025-05-27 14:10:00,382.0,384.0,63.0
2025-05-27 14:11:00,382.0,384.0,63.0
2025-05-27 14:12:00,382.0,384.0,63.0
2025-05-27 14:13:00,382.0,384.0,63.0
2025-05-27 14:14:00,382.0,384.0,63.0
2025-05-27 14:15:00,382.0,384.0,63.0
2025-05-27 14:16:00,382.0,384.0,63.0
2025-05-27 14:17:00,382.0,384.0,63.0
2025-05-27 14:18:00,382.0,384.0,63.0
2025-05-27 14:19:00,382.0,384.0,63.0
2025-05-27 14:20:00,382.0,384.0,63.0
2025-05-27 14:21:00,382.0,384.0,63.0
2025-05-27 14:22:00,382.0,384.0,63.0
2025-05-27 14:23:00,382.0,384.0,63.0
2025-05-27 14:24:00,382.0,384.0,63.0
2025-05-27 14:25:00,382.0,384.0,63.0
2025-05-27 14:26:00,382.0,384.0,63.0
2025-05-27 14:27:00,382.0,384.0,63.0
2025-05-27 14:28:00,382.0,384.0,63.0
2025-05-27 14:29:00,382.0,384.0,63.0
2025-05-27 14:30:00,382.0,384.0,63.0
2025-05-27 14:31:00,382.0,384.0,63.0
2025-05-27 14:32:00,382.0,384.0,63.0
2025-05-27 14:33:00,382.0,384.0,63.0
2025-05-27 14:34:00,382.0,384.0,63.0
2025-05-27 14:35:00,382.0,384.0,63.0
2025-05-27 14:36:00,382.0,384.0,63.0
2025-05-27 14:37:00,382.0,384.0,63.0
2025-05-27 14:38:00,383.0,384.0,64.0
2025-05-27 14:39:00,383.0,384.0,64.0
2025-05-27 14:40:00,383.0,384.0,64.0
2025-05-27 14:41:00,383.0,384.0,64.0
2025-05-27 14:42:00,383.0,384.0,64.0
2025-05-27 14:43:00,383.0,384.0,64.0
2025-05-27 14:44:00,383.0,384.0,64.0
2025-05-27 14:45:00,383.0,384.0,64.0
2025-05-27 14:46:00,383.0,384.0,64.0
2025-05-27 14:47:00,383.0,384.0,64.0
2025-05-27 14:48:00,383.0,384.0,64.0
2025-05-27 14:49:00,379.0,384.0,104.0
2025-05-27 14:50:00,379.0,384.0,104.0
2025-05-27 14:51:00,379.0,384.0,104.0
2025-05-27 14:52:00,379.0,384.0,105.0
2025-05-27 14:53:00,379.0,384.0,105.0
2025-05-27 14:54:00,379.0,384.0,105.0
2025-05-27 14:55:00,379.0,384.0,105.0
2025-05-27 14:56:00,379.0,384.0,105.0
2025-05-27 14:57:00,379.0,384.0,105.0
2025-05-27 14:58:00,379.0,384.0,105.0
2025-05-27 14:59:00,379.0,384.0,105.0
2025-05-27 15:00:00,379.0,384.0,105.0
2025-05-27 15:01:00,379.0,384.0,105.0
2025-05-27 15:02:00,379.0,384.0,105.0
2025-05-27 15:03:00,379.0,384.0,105.0
2025-05-27 15:04:00,379.0,384.0,105.0
2025-05-27 15:05:00,379.0,384.0,105.0
2025-05-27 15:06:00,379.0,384.0,105.0
2025-05-27 15:07:00,379.0,384.0,105.0
2025-05-27 15:08:00,379.0,384.0,105.0
2025-05-27 15:09:00,379.0,384.0,105.0
2025-05-27 15:10:00,379.0,384.0,105.0
2025-05-27 15:11:00,379.0,384.0,105.0
2025-05-27 15:12:00,379.0,384.0,105.0
2025-05-27 15:13:00,379.0,384.0,105.0
2025-05-27 15:14:00,379.0,384.0,105.0
2025-05-27 15:15:00,379.0,384.0,105.0
2025-05-27 15:16:00,379.0,384.0,105.0
2025-05-27 15:17:00,380.0,384.0,106.0
2025-05-27 15:18:00,380.0,384.0,106.0
2025-05-27 15:19:00,380.0,384.0,106.0
2025-05-27 15:20:00,380.0,384.0,106.0
2025-05-27 15:21:00,380.0,384.0,108.0
2025-05-27 15:22:00,380.0,384.0,108.0
2025-05-27 15:23:00,380.0,384.0,108.0
2025-05-27 15:24:00,380.0,384.0,108.0
2025-05-27 15:25:00,380.0,384.0,108.0
2025-05-27 15:26:00,380.0,384.0,108.0
2025-05-27 15:27:00,380.0,384.0,108.0
2025-05-27 15:28:00,380.0,384.0,108.0
2025-05-27 15:29:00,380.0,384.0,108.0
2025-05-27 15:30:00,376.0,384.0,126.0
2025-05-28 09:00:00,378.0,378.0,6.0
2025-05-28 09:01:00,378.0,378.0,6.0
2025-05-28 09:02:00,378.0,378.0,6.0
2025-05-28 09:03:00,378.0,378.0,6.0
2025-05-28 09:04:00,378.0,378.0,6.0
2025-05-28 09:05:00,378.0,378.0,6.0
2025-05-28 09:06:00,378.0,378.0,6.0
2025-05-28 09:07:00,378.0,378.0,6.0
2025-05-28 09:08:00,378.0,378.0,6.0
2025-05-28 09:09:00,378.0,378.0,6.0
2025-05-28 09:10:00,378.0,378.0,6.0
2025-05-28 09:11:00,378.0,378.0,6.0
2025-05-28 09:12:00,378.0,378.0,6.0
2025-05-28 09:13:00,378.0,378.0,6.0
2025-05-28 09:14:00,378.0,378.0,6.0
2025-05-28 09:15:00,378.0,378.0,6.0
2025-05-28 09:16:00,378.0,378.0,6.0
2025-05-28 09:17:00,378.0,378.0,6.0
2025-05-28 09:18:00,378.0,378.0,6.0
2025-05-28 09:19:00,378.0,378.0,6.0
2025-05-28 09:20:00,378.0,378.0,6.0
2025-05-28 09:21:00,378.0,378.0,6.0
2025-05-28 09:22:00,378.0,378.0,6.0
2025-05-28 09:23:00,378.0,378.0,6.0
2025-05-28 09:24:00,378.0,378.0,6.0
2025-05-28 09:25:00,378.0,378.0,6.0
2025-05-28 09:26:00,378.0,378.0,6.0
2025-05-28 09:27:00,379.0,378.0,16.0
2025-05-28 09:28:00,379.0,378.0,16.0
2025-05-28 09:29:00,381.0,378.0,17.0
2025-05-28 09:30:00,381.0,378.0,17.0
2025-05-28 09:31:00,381.0,378.0,17.0
2025-05-28 09:32:00,381.0,378.0,17.0
2025-05-28 09:33:00,381.0,378.0,17.0
2025-05-28 09:34:00,381.0,378.0,17.0
2025-05-28 09:35:00,381.0,378.0,17.0
2025-05-28 09:36:00,381.0,378.0,17.0
2025-05-28 09:37:00,381.0,378.0,17.0
2025-05-28 09:38:00,381.0,378.0,17.0
2025-05-28 09:39:00,381.0,378.0,17.0
2025-05-28 09:40:00,385.0,378.0,58.0
2025-05-28 09:41:00,385.0,378.0,83.0
2025-05-28 09:42:00,385.0,378.0,83.0
2025-05-28 09:43:00,385.0,378.0,83.0
2025-05-28 09:44:00,385.0,378.0,83.0
2025-05-28 09:45:00,385.0,378.0,83.0
2025-05-28 09:46:00,385.0,378.0,83.0
2025-05-28 09:47:00,385.0,378.0,83.0
2025-05-28 09:48:00,385.0,378.0,83.0
2025-05-28 09:49:00,385.0,378.0,83.0
2025-05-28 09:50:00,385.0,378.0,83.0
2025-05-28 09:51:00,385.0,378.0,83.0
2025-05-28 09:52:00,385.0,378.0,83.0
2025-05-28 09:53:00,385.0,378.0,83.0
2025-05-28 09:54:00,391.0,378.0,122.0
2025-05-28 09:55:00,392.0,378.0,130.0
2025-05-28 09:56:00,392.0,378.0,136.0
2025-05-28 09:57:00,396.0,378.0,180.0
2025-05-28 09:58:00,396.0,378.0,188.0
2025-05-28 09:59:00,396.0,378.0,188.0
2025-05-28 10:00:00,396.0,378.0,188.0
2025-05-28 10:01:00,394.0,378.0,194.0
2025-05-28 10:02:00,392.0,378.0,202.0
2025-05-28 10:03:00,392.0,378.0,202.0
2025-05-28 10:04:00,392.0,378.0,202.0
2025-05-28 10:05:00,392.0,378.0,202.0
2025-05-28 10:06:00,391.0,378.0,221.0
2025-05-28 10:07:00,391.0,378.0,221.0
2025-05-28 10:08:00,391.0,378.0,221.0
2025-05-28 10:09:00,391.0,378.0,221.0
2025-05-28 10:10:00,393.0,378.0,225.0
2025-05-28 10:11:00,393.0,378.0,225.0
2025-05-28 10:12:00,393.0,378.0,225.0
2025-05-28 10:13:00,393.0,378.0,225.0
2025-05-28 10:14:00,393.0,378.0,225.0
2025-05-28 10:15:00,393.0,378.0,225.0
2025-05-28 10:16:00,393.0,378.0,225.0
2025-05-28 10:17:00,396.0,378.0,228.0
2025-05-28 10:18:00,396.0,378.0,228.0
2025-05-28 10:19:00,396.0,378.0,228.0
2025-05-28 10:20:00,396.0,378.0,228.0
2025-05-28 10:21:00,396.0,378.0,228.0
2025-05-28 10:22:00,396.0,378.0,228.0
2025-05-28 10:23:00,396.0,378.0,228.0
2025-05-28 10:24:00,396.0,378.0,228.0
2025-05-28 10:25:00,396.0,378.0,228.0
2025-05-28 10:26:00,396.0,378.0,228.0
2025-05-28 10:27:00,396.0,378.0,228.0
2025-05-28 10:28:00,396.0,378.0,228.0
2025-05-28 10:29:00,396.0,378.0,228.0
2025-05-28 10:30:00,396.0,378.0,228.0
2025-05-28 10:31:00,396.0,378.0,228.0
2025-05-28 10:32:00,396.0,378.0,228.0
2025-05-28 10:33:00,396.0,378.0,228.0
2025-05-28 10:34:00,396.0,378.0,228.0
2025-05-28 10:35:00,396.0,378.0,228.0
2025-05-28 10:36:00,396.0,378.0,228.0
2025-05-28 10:37:00,396.0,378.0,228.0
2025-05-28 10:38:00,396.0,378.0,228.0
2025-05-28 10:39:00,396.0,378.0,228.0
2025-05-28 10:40:00,396.0,378.0,228.0
2025-05-28 10:41:00,392.0,378.0,229.0
2025-05-28 10:42:00,392.0,378.0,229.0
2025-05-28 10:43:00,392.0,378.0,229.0
2025-05-28 10:44:00,392.0,378.0,229.0
2025-05-28 10:45:00,392.0,378.0,229.0
2025-05-28 10:46:00,392.0,378.0,229.0
2025-05-28 10:47:00,392.0,378.0,229.0
2025-05-28 10:48:00,392.0,378.0,229.0
2025-05-28 10:49:00,392.0,378.0,229.0
2025-05-28 10:50:00,392.0,378.0,229.0
2025-05-28 10:51:00,392.0,378.0,229.0
2025-05-28 10:52:00,392.0,378.0,229.0
2025-05-28 10:53:00,392.0,378.0,229.0
2025-05-28 10:54:00,392.0,378.0,229.0
2025-05-28 10:55:00,392.0,378.0,229.0
2025-05-28 10:56:00,392.0,378.0,229.0
2025-05-28 10:57:00,392.0,378.0,229.0
2025-05-28 10:58:00,392.0,378.0,229.0
2025-05-28 10:59:00,394.0,378.0,230.0
2025-05-28 11:00:00,394.0,378.0,230.0
2025-05-28 11:01:00,394.0,378.0,230.0
2025-05-28 11:02:00,394.0,378.0,230.0
2025-05-28 11:03:00,394.0,378.0,230.0
2025-05-28 11:04:00,394.0,378.0,231.0
2025-05-28 11:05:00,394.0,378.0,231.0
2025-05-28 11:06:00,394.0,378.0,231.0
2025-05-28 11:07:00,394.0,378.0,231.0
2025-05-28 11:08:00,394.0,378.0,231.0
2025-05-28 11:09:00,394.0,378.0,231.0
2025-05-28 11:10:00,394.0,378.0,234.0
2025-05-28 11:11:00,392.0,378.0,236.0
2025-05-28 11:12:00,392.0,378.0,236.0
2025-05-28 11:13:00,392.0,378.0,236.0
2025-05-28 11:14:00,392.0,378.0,236.0
2025-05-28 11:15:00,392.0,378.0,236.0
2025-05-28 11:16:00,392.0,378.0,236.0
2025-05-28 11:17:00,392.0,378.0,236.0
2025-05-28 11:18:00,392.0,378.0,236.0
2025-05-28 11:19:00,392.0,378.0,236.0
2025-05-28 11:20:00,392.0,378.0,236.0
2025-05-28 11:21:00,392.0,378.0,236.0
2025-05-28 11:22:00,392.0,378.0,236.0
2025-05-28 11:23:00,393.0,378.0,237.0
2025-05-28 11:24:00,393.0,378.0,237.0
2025-05-28 11:25:00,393.0,378.0,237.0
2025-05-28 11:26:00,393.0,378.0,237.0
2025-05-28 11:27:00,393.0,378.0,237.0
2025-05-28 11:28:00,393.0,378.0,237.0
2025-05-28 11:29:00,393.0,378.0,237.0
2025-05-28 11:30:00,393.0,378.0,237.0
2025-05-28 12:30:00,393.0,378.0,238.0
2025-05-28 12:31:00,393.0,378.0,238.0
2025-05-28 12:32:00,393.0,378.0,238.0
2025-05-28 12:33:00,393.0,378.0,238.0
2025-05-28 12:34:00,393.0,378.0,238.0
2025-05-28 12:35:00,393.0,378.0,238.0
2025-05-28 12:36:00,393.0,378.0,238.0
2025-05-28 12:37:00,392.0,378.0,240.0
2025-05-28 12:38:00,392.0,378.0,240.0
2025-05-28 12:39:00,392.0,378.0,240.0
2025-05-28 12:40:00,392.0,378.0,240.0
2025-05-28 12:41:00,392.0,378.0,240.0
2025-05-28 12:42:00,392.0,378.0,240.0
2025-05-28 12:43:00,392.0,378.0,240.0
2025-05-28 12:44:00,392.0,378.0,240.0
2025-05-28 12:45:00,392.0,378.0,240.0
2025-05-28 12:46:00,392.0,378.0,240.0
2025-05-28 12:47:00,392.0,378.0,240.0
2025-05-28 12:48:00,392.0,378.0,244.0
2025-05-28 12:49:00,391.0,378.0,265.0
2025-05-28 12:50:00,391.0,378.0,265.0
2025-05-28 12:51:00,393.0,378.0,266.0
2025-05-28 12:52:00,393.0,378.0,266.0
2025-05-28 12:53:00,393.0,378.0,266.0
2025-05-28 12:54:00,393.0,378.0,266.0
2025-05-28 12:55:00,393.0,378.0,266.0
2025-05-28 12:56:00,393.0,378.0,266.0
2025-05-28 12:57:00,393.0,378.0,266.0
2025-05-28 12:58:00,393.0,378.0,266.0
2025-05-28 12:59:00,393.0,378.0,266.0
2025-05-28 13:00:00,393.0,378.0,266.0
2025-05-28 13:01:00,393.0,378.0,266.0
2025-05-28 13:02:00,393.0,378.0,266.0
2025-05-28 13:03:00,393.0,378.0,266.0
2025-05-28 13:04:00,393.0,378.0,266.0
2025-05-28 13:05:00,393.0,378.0,266.0
2025-05-28 13:06:00,393.0,378.0,266.0
2025-05-28 13:07:00,393.0,378.0,266.0
2025-05-28 13:08:00,393.0,378.0,266.0
2025-05-28 13:09:00,393.0,378.0,266.0
2025-05-28 13:10:00,393.0,378.0,266.0
2025-05-28 13:11:00,393.0,378.0,266.0
2025-05-28 13:12:00,393.0,378.0,266.0
2025-05-28 13:13:00,393.0,378.0,266.0
2025-05-28 13:14:00,393.0,378.0,266.0
2025-05-28 13:15:00,393.0,378.0,266.0
2025-05-28 13:16:00,393.0,378.0,266.0
2025-05-28 13:17:00,393.0,378.0,266.0
2025-05-28 13:18:00,393.0,378.0,266.0
2025-05-28 13:19:00,393.0,378.0,266.0
2025-05-28 13:20:00,393.0,378.0,266.0
2025-05-28 13:21:00,393.0,378.0,266.0
2025-05-28 13:22:00,393.0,378.0,266.0
2025-05-28 13:23:00,393.0,378.0,266.0
2025-05-28 13:24:00,393.0,378.0,266.0
2025-05-28 13:25:00,393.0,378.0,266.0
2025-05-28 13:26:00,393.0,378.0,266.0
2025-05-28 13:27:00,393.0,378.0,266.0
2025-05-28 13:28:00,393.0,378.0,266.0
2025-05-28 13:29:00,393.0,378.0,266.0
2025-05-28 13:30:00,393.0,378.0,266.0
2025-05-28 13:31:00,393.0,378.0,266.0
2025-05-28 13:32:00,393.0,378.0,266.0
2025-05-28 13:33:00,393.0,378.0,266.0
2025-05-28 13:34:00,393.0,378.0,266.0
2025-05-28 13:35:00,393.0,378.0,266.0
2025-05-28 13:36:00,393.0,378.0,266.0
2025-05-28 13:37:00,393.0,378.0,266.0
2025-05-28 13:38:00,393.0,378.0,266.0
2025-05-28 13:39:00,393.0,378.0,266.0
2025-05-28 13:40:00,393.0,378.0,266.0
2025-05-28 13:41:00,393.0,378.0,266.0
2025-05-28 13:42:00,393.0,378.0,266.0
2025-05-28 13:43:00,393.0,378.0,266.0
2025-05-28 13:44:00,393.0,378.0,266.0
2025-05-28 13:45:00,393.0,378.0,266.0
2025-05-28 13:46:00,393.0,378.0,266.0
2025-05-28 13:47:00,393.0,378.0,266.0
2025-05-28 13:48:00,393.0,378.0,266.0
2025-05-28 13:49:00,392.0,378.0,267.0
2025-05-28 13:50:00,391.0,378.0,268.0
2025-05-28 13:51:00,391.0,378.0,274.0
2025-05-28 13:52:00,391.0,378.0,274.0
2025-05-28 13:53:00,391.0,378.0,274.0
2025-05-28 13:54:00,391.0,378.0,274.0
2025-05-28 13:55:00,391.0,378.0,274.0
2025-05-28 13:56:00,391.0,378.0,274.0
2025-05-28 13:57:00,391.0,378.0,274.0
2025-05-28 13:58:00,391.0,378.0,274.0
2025-05-28 13:59:00,391.0,378.0,274.0
2025-05-28 14:00:00,391.0,378.0,274.0
2025-05-28 14:01:00,391.0,378.0,274.0
2025-05-28 14:02:00,391.0,378.0,274.0
2025-05-28 14:03:00,391.0,378.0,274.0
2025-05-28 14:04:00,391.0,378.0,274.0
2025-05-28 14:05:00,391.0,378.0,277.0
2025-05-28 14:06:00,391.0,378.0,277.0
2025-05-28 14:07:00,391.0,378.0,277.0
2025-05-28 14:08:00,391.0,378.0,277.0
2025-05-28 14:09:00,391.0,378.0,277.0
2025-05-28 14:10:00,391.0,378.0,277.0
2025-05-28 14:11:00,391.0,378.0,277.0
2025-05-28 14:12:00,391.0,378.0,277.0
2025-05-28 14:13:00,391.0,378.0,277.0
2025-05-28 14:14:00,391.0,378.0,277.0
2025-05-28 14:15:00,391.0,378.0,277.0
2025-05-28 14:16:00,391.0,378.0,277.0
2025-05-28 14:17:00,391.0,378.0,277.0
2025-05-28 14:18:00,391.0,378.0,277.0
2025-05-28 14:19:00,391.0,378.0,277.0
2025-05-28 14:20:00,391.0,378.0,277.0
2025-05-28 14:21:00,391.0,378.0,277.0
2025-05-28 14:22:00,391.0,378.0,277.0
2025-05-28 14:23:00,391.0,378.0,277.0
2025-05-28 14:24:00,391.0,378.0,277.0
2025-05-28 14:25:00,391.0,378.0,277.0
2025-05-28 14:26:00,391.0,378.0,277.0
2025-05-28 14:27:00,391.0,378.0,277.0
2025-05-28 14:28:00,391.0,378.0,277.0
2025-05-28 14:29:00,391.0,378.0,277.0
2025-05-28 14:30:00,391.0,378.0,297.0
2025-05-28 14:31:00,391.0,378.0,297.0
2025-05-28 14:32:00,391.0,378.0,297.0
2025-05-28 14:33:00,391.0,378.0,297.0
2025-05-28 14:34:00,391.0,378.0,297.0
2025-05-28 14:35:00,391.0,378.0,297.0
2025-05-28 14:36:00,391.0,378.0,297.0
2025-05-28 14:37:00,391.0,378.0,297.0
2025-05-28 14:38:00,391.0,378.0,297.0
2025-05-28 14:39:00,391.0,378.0,297.0
2025-05-28 14:40:00,391.0,378.0,297.0
2025-05-28 14:41:00,391.0,378.0,297.0
2025-05-28 14:42:00,391.0,378.0,297.0
2025-05-28 14:43:00,391.0,378.0,297.0
2025-05-28 14:44:00,391.0,378.0,297.0
2025-05-28 14:45:00,391.0,378.0,297.0
2025-05-28 14:46:00,391.0,378.0,297.0
2025-05-28 14:47:00,391.0,378.0,297.0
2025-05-28 14:48:00,391.0,378.0,297.0
2025-05-28 14:49:00,391.0,378.0,297.0
2025-05-28 14:50:00,391.0,378.0,297.0
2025-05-28 14:51:00,391.0,378.0,297.0
2025-05-28 14:52:00,391.0,378.0,297.0
2025-05-28 14:53:00,391.0,378.0,297.0
2025-05-28 14:54:00,391.0,378.0,297.0
2025-05-28 14:55:00,391.0,378.0,297.0
2025-05-28 14:56:00,391.0,378.0,297.0
2025-05-28 14:57:00,391.0,378.0,297.0
2025-05-28 14:58:00,391.0,378.0,297.0
2025-05-28 14:59:00,391.0,378.0,297.0
2025-05-28 15:00:00,391.0,378.0,297.0
2025-05-28 15:01:00,391.0,378.0,297.0
2025-05-28 15:02:00,391.0,378.0,297.0
2025-05-28 15:03:00,391.0,378.0,297.0
2025-05-28 15:04:00,391.0,378.0,297.0
2025-05-28 15:05:00,391.0,378.0,297.0
2025-05-28 15:06:00,391.0,378.0,297.0
2025-05-28 15:07:00,391.0,378.0,297.0
2025-05-28 15:08:00,391.0,378.0,297.0
2025-05-28 15:09:00,391.0,378.0,297.0
2025-05-28 15:10:00,391.0,378.0,297.0
2025-05-28 15:11:00,391.0,378.0,297.0
2025-05-28 15:12:00,391.0,378.0,297.0
2025-05-28 15:13:00,391.0,378.0,297.0
2025-05-28 15:14:00,392.0,378.0,298.0
2025-05-28 15:15:00,392.0,378.0,298.0
2025-05-28 15:16:00,392.0,378.0,298.0
2025-05-28 15:17:00,392.0,378.0,298.0
2025-05-28 15:18:00,392.0,378.0,298.0
2025-05-28 15:19:00,392.0,378.0,298.0
2025-05-28 15:20:00,392.0,378.0,298.0
2025-05-28 15:21:00,392.0,378.0,298.0
2025-05-28 15:22:00,392.0,378.0,298.0
2025-05-28 15:23:00,392.0,378.0,298.0
2025-05-28 15:24:00,392.0,378.0,298.0
2025-05-28 15:25:00,392.0,378.0,298.0
2025-05-28 15:26:00,392.0,378.0,298.0
2025-05-28 15:27:00,392.0,378.0,298.0
2025-05-28 15:28:00,392.0,378.0,298.0
2025-05-28 15:29:00,392.0,378.0,298.0
2025-05-28 15:30:00,391.0,378.0,309.0
2025-05-29 09:00:00,394.0,394.0,11.0
2025-05-29 09:01:00,394.0,394.0,11.0
2025-05-29 09:02:00,394.0,394.0,11.0
2025-05-29 09:03:00,394.0,394.0,11.0
2025-05-29 09:04:00,394.0,394.0,11.0
2025-05-29 09:05:00,390.0,394.0,41.0
2025-05-29 09:06:00,390.0,394.0,41.0
2025-05-29 09:07:00,390.0,394.0,41.0
2025-05-29 09:08:00,390.0,394.0,41.0
2025-05-29 09:09:00,390.0,394.0,41.0
2025-05-29 09:10:00,390.0,394.0,42.0
2025-05-29 09:11:00,390.0,394.0,42.0
2025-05-29 09:12:00,390.0,394.0,42.0
2025-05-29 09:13:00,390.0,394.0,42.0
2025-05-29 09:14:00,390.0,394.0,42.0
2025-05-29 09:15:00,390.0,394.0,42.0
2025-05-29 09:16:00,390.0,394.0,42.0
2025-05-29 09:17:00,390.0,394.0,42.0
2025-05-29 09:18:00,390.0,394.0,42.0
2025-05-29 09:19:00,390.0,394.0,42.0
2025-05-29 09:20:00,390.0,394.0,42.0
2025-05-29 09:21:00,390.0,394.0,42.0
2025-05-29 09:22:00,390.0,394.0,42.0
2025-05-29 09:23:00,390.0,394.0,44.0
2025-05-29 09:24:00,390.0,394.0,44.0
2025-05-29 09:25:00,390.0,394.0,44.0
2025-05-29 09:26:00,390.0,394.0,44.0
2025-05-29 09:27:00,390.0,394.0,44.0
2025-05-29 09:28:00,390.0,394.0,44.0
2025-05-29 09:29:00,390.0,394.0,44.0
2025-05-29 09:30:00,390.0,394.0,44.0
2025-05-29 09:31:00,390.0,394.0,44.0
2025-05-29 09:32:00,390.0,394.0,44.0
2025-05-29 09:33:00,390.0,394.0,44.0
2025-05-29 09:34:00,390.0,394.0,44.0
2025-05-29 09:35:00,390.0,394.0,44.0
2025-05-29 09:36:00,390.0,394.0,44.0
2025-05-29 09:37:00,390.0,394.0,44.0
2025-05-29 09:38:00,390.0,394.0,44.0
2025-05-29 09:39:00,390.0,394.0,44.0
2025-05-29 09:40:00,390.0,394.0,44.0
2025-05-29 09:41:00,390.0,394.0,44.0
2025-05-29 09:42:00,390.0,394.0,44.0
2025-05-29 09:43:00,390.0,394.0,44.0
2025-05-29 09:44:00,390.0,394.0,44.0
2025-05-29 09:45:00,390.0,394.0,44.0
2025-05-29 09:46:00,390.0,394.0,44.0
2025-05-29 09:47:00,390.0,394.0,44.0
2025-05-29 09:48:00,390.0,394.0,44.0
2025-05-29 09:49:00,390.0,394.0,44.0
2025-05-29 09:50:00,390.0,394.0,44.0
2025-05-29 09:51:00,390.0,394.0,44.0
2025-05-29 09:52:00,390.0,394.0,44.0
2025-05-29 09:53:00,390.0,394.0,44.0
2025-05-29 09:54:00,390.0,394.0,44.0
2025-05-29 09:55:00,390.0,394.0,44.0
2025-05-29 09:56:00,390.0,394.0,44.0
2025-05-29 09:57:00,390.0,394.0,44.0
2025-05-29 09:58:00,390.0,394.0,44.0
2025-05-29 09:59:00,390.0,394.0,44.0
2025-05-29 10:00:00,390.0,394.0,44.0
2025-05-29 10:01:00,390.0,394.0,44.0
2025-05-29 10:02:00,390.0,394.0,44.0
2025-05-29 10:03:00,390.0,394.0,44.0
2025-05-29 10:04:00,390.0,394.0,44.0
2025-05-29 10:05:00,390.0,394.0,44.0
2025-05-29 10:06:00,390.0,394.0,44.0
2025-05-29 10:07:00,390.0,394.0,44.0
2025-05-29 10:08:00,390.0,394.0,44.0
2025-05-29 10:09:00,390.0,394.0,44.0
2025-05-29 10:10:00,390.0,394.0,44.0
2025-05-29 10:11:00,390.0,394.0,44.0
2025-05-29 10:12:00,390.0,394.0,44.0
2025-05-29 10:13:00,390.0,394.0,44.0
2025-05-29 10:14:00,390.0,394.0,44.0
2025-05-29 10:15:00,391.0,394.0,46.0
2025-05-29 10:16:00,391.0,394.0,46.0
2025-05-29 10:17:00,391.0,394.0,46.0
2025-05-29 10:18:00,391.0,394.0,46.0
2025-05-29 10:19:00,391.0,394.0,46.0
2025-05-29 10:20:00,391.0,394.0,46.0
2025-05-29 10:21:00,391.0,394.0,46.0
2025-05-29 10:22:00,391.0,394.0,46.0
2025-05-29 10:23:00,391.0,394.0,46.0
2025-05-29 10:24:00,391.0,394.0,46.0
2025-05-29 10:25:00,391.0,394.0,46.0
2025-05-29 10:26:00,391.0,394.0,46.0
2025-05-29 10:27:00,391.0,394.0,46.0
2025-05-29 10:28:00,391.0,394.0,46.0
2025-05-29 10:29:00,391.0,394.0,46.0
2025-05-29 10:30:00,391.0,394.0,46.0
2025-05-29 10:31:00,391.0,394.0,46.0
2025-05-29 10:32:00,391.0,394.0,46.0
2025-05-29 10:33:00,391.0,394.0,46.0
2025-05-29 10:34:00,391.0,394.0,46.0
2025-05-29 10:35:00,391.0,394.0,46.0
2025-05-29 10:36:00,391.0,394.0,46.0
2025-05-29 10:37:00,391.0,394.0,46.0
2025-05-29 10:38:00,391.0,394.0,46.0
2025-05-29 10:39:00,391.0,394.0,46.0
2025-05-29 10:40:00,391.0,394.0,46.0
2025-05-29 10:41:00,391.0,394.0,46.0
2025-05-29 10:42:00,391.0,394.0,46.0
2025-05-29 10:43:00,391.0,394.0,46.0
2025-05-29 10:44:00,391.0,394.0,46.0
2025-05-29 10:45:00,391.0,394.0,46.0
2025-05-29 10:46:00,391.0,394.0,46.0
2025-05-29 10:47:00,391.0,394.0,46.0
2025-05-29 10:48:00,391.0,394.0,46.0
2025-05-29 10:49:00,391.0,394.0,46.0
2025-05-29 10:50:00,391.0,394.0,46.0
2025-05-29 10:51:00,391.0,394.0,46.0
2025-05-29 10:52:00,391.0,394.0,46.0
2025-05-29 10:53:00,391.0,394.0,46.0
2025-05-29 10:54:00,391.0,394.0,49.0
2025-05-29 10:55:00,391.0,394.0,49.0
2025-05-29 10:56:00,391.0,394.0,49.0
2025-05-29 10:57:00,391.0,394.0,49.0
2025-05-29 10:58:00,391.0,394.0,49.0
2025-05-29 10:59:00,391.0,394.0,49.0
2025-05-29 11:00:00,391.0,394.0,49.0
2025-05-29 11:01:00,391.0,394.0,49.0
2025-05-29 11:02:00,391.0,394.0,49.0
2025-05-29 11:03:00,391.0,394.0,49.0
2025-05-29 11:04:00,391.0,394.0,49.0
2025-05-29 11:05:00,391.0,394.0,49.0
2025-05-29 11:06:00,391.0,394.0,49.0
2025-05-29 11:07:00,391.0,394.0,49.0
2025-05-29 11:08:00,391.0,394.0,49.0
2025-05-29 11:09:00,391.0,394.0,49.0
2025-05-29 11:10:00,391.0,394.0,49.0
2025-05-29 11:11:00,391.0,394.0,49.0
2025-05-29 11:12:00,391.0,394.0,49.0
2025-05-29 11:13:00,391.0,394.0,49.0
2025-05-29 11:14:00,391.0,394.0,49.0
2025-05-29 11:15:00,391.0,394.0,49.0
2025-05-29 11:16:00,391.0,394.0,49.0
2025-05-29 11:17:00,391.0,394.0,49.0
2025-05-29 11:18:00,391.0,394.0,49.0
2025-05-29 11:19:00,391.0,394.0,49.0
2025-05-29 11:20:00,391.0,394.0,49.0
2025-05-29 11:21:00,391.0,394.0,49.0
2025-05-29 11:22:00,391.0,394.0,49.0
2025-05-29 11:23:00,391.0,394.0,49.0
2025-05-29 11:24:00,391.0,394.0,49.0
2025-05-29 11:25:00,391.0,394.0,49.0
2025-05-29 11:26:00,391.0,394.0,49.0
2025-05-29 11:27:00,391.0,394.0,49.0
2025-05-29 11:28:00,391.0,394.0,49.0
2025-05-29 11:29:00,391.0,394.0,49.0
2025-05-29 11:30:00,390.0,394.0,53.0
2025-05-29 12:30:00,390.0,394.0,54.0
2025-05-29 12:31:00,387.0,394.0,57.0
2025-05-29 12:32:00,387.0,394.0,57.0
2025-05-29 12:33:00,387.0,394.0,57.0
2025-05-29 12:34:00,386.0,394.0,59.0
2025-05-29 12:35:00,387.0,394.0,60.0
2025-05-29 12:36:00,387.0,394.0,60.0
2025-05-29 12:37:00,387.0,394.0,60.0
2025-05-29 12:38:00,387.0,394.0,60.0
2025-05-29 12:39:00,387.0,394.0,60.0
2025-05-29 12:40:00,387.0,394.0,60.0
2025-05-29 12:41:00,387.0,394.0,60.0
2025-05-29 12:42:00,387.0,394.0,60.0
2025-05-29 12:43:00,387.0,394.0,60.0
2025-05-29 12:44:00,387.0,394.0,60.0
2025-05-29 12:45:00,387.0,394.0,60.0
2025-05-29 12:46:00,387.0,394.0,60.0
2025-05-29 12:47:00,387.0,394.0,60.0
2025-05-29 12:48:00,387.0,394.0,60.0
2025-05-29 12:49:00,387.0,394.0,60.0
2025-05-29 12:50:00,387.0,394.0,60.0
2025-05-29 12:51:00,388.0,394.0,61.0
2025-05-29 12:52:00,388.0,394.0,61.0
2025-05-29 12:53:00,388.0,394.0,61.0
2025-05-29 12:54:00,388.0,394.0,61.0
2025-05-29 12:55:00,388.0,394.0,61.0
2025-05-29 12:56:00,388.0,394.0,61.0
2025-05-29 12:57:00,388.0,394.0,61.0
2025-05-29 12:58:00,388.0,394.0,61.0
2025-05-29 12:59:00,388.0,394.0,61.0
2025-05-29 13:00:00,388.0,394.0,61.0
2025-05-29 13:01:00,388.0,394.0,61.0
2025-05-29 13:02:00,388.0,394.0,61.0
2025-05-29 13:03:00,388.0,394.0,61.0
2025-05-29 13:04:00,388.0,394.0,61.0
2025-05-29 13:05:00,388.0,394.0,61.0
2025-05-29 13:06:00,388.0,394.0,61.0
2025-05-29 13:07:00,388.0,394.0,61.0
2025-05-29 13:08:00,388.0,394.0,61.0
2025-05-29 13:09:00,388.0,394.0,61.0
2025-05-29 13:10:00,388.0,394.0,61.0
2025-05-29 13:11:00,388.0,394.0,61.0
2025-05-29 13:12:00,388.0,394.0,61.0
2025-05-29 13:13:00,388.0,394.0,61.0
2025-05-29 13:14:00,388.0,394.0,61.0
2025-05-29 13:15:00,388.0,394.0,61.0
2025-05-29 13:16:00,388.0,394.0,61.0
2025-05-29 13:17:00,388.0,394.0,61.0
2025-05-29 13:18:00,388.0,394.0,61.0
2025-05-29 13:19:00,388.0,394.0,61.0
2025-05-29 13:20:00,388.0,394.0,61.0
2025-05-29 13:21:00,388.0,394.0,61.0
2025-05-29 13:22:00,388.0,394.0,61.0
2025-05-29 13:23:00,388.0,394.0,61.0
2025-05-29 13:24:00,388.0,394.0,61.0
2025-05-29 13:25:00,388.0,394.0,61.0
2025-05-29 13:26:00,388.0,394.0,61.0
2025-05-29 13:27:00,388.0,394.0,61.0
2025-05-29 13:28:00,388.0,394.0,61.0
2025-05-29 13:29:00,388.0,394.0,61.0
2025-05-29 13:30:00,388.0,394.0,61.0
2025-05-29 13:31:00,388.0,394.0,61.0
2025-05-29 13:32:00,388.0,394.0,61.0
2025-05-29 13:33:00,388.0,394.0,61.0
2025-05-29 13:34:00,388.0,394.0,61.0
2025-05-29 13:35:00,388.0,394.0,61.0
2025-05-29 13:36:00,388.0,394.0,61.0
2025-05-29 13:37:00,388.0,394.0,61.0
2025-05-29 13:38:00,388.0,394.0,61.0
2025-05-29 13:39:00,388.0,394.0,61.0
2025-05-29 13:40:00,388.0,394.0,61.0
2025-05-29 13:41:00,388.0,394.0,61.0
2025-05-29 13:42:00,388.0,394.0,61.0
2025-05-29 13:43:00,388.0,394.0,61.0
2025-05-29 13:44:00,388.0,394.0,61.0
2025-05-29 13:45:00,388.0,394.0,61.0
2025-05-29 13:46:00,388.0,394.0,61.0
2025-05-29 13:47:00,388.0,394.0,61.0
2025-05-29 13:48:00,388.0,394.0,61.0
2025-05-29 13:49:00,388.0,394.0,61.0
2025-05-29 13:50:00,388.0,394.0,61.0
2025-05-29 13:51:00,388.0,394.0,61.0
2025-05-29 13:52:00,388.0,394.0,61.0
2025-05-29 13:53:00,388.0,394.0,61.0
2025-05-29 13:54:00,388.0,394.0,61.0
2025-05-29 13:55:00,388.0,394.0,61.0
2025-05-29 13:56:00,388.0,394.0,61.0
2025-05-29 13:57:00,388.0,394.0,61.0
2025-05-29 13:58:00,388.0,394.0,61.0
2025-05-29 13:59:00,388.0,394.0,61.0
2025-05-29 14:00:00,388.0,394.0,61.0
2025-05-29 14:01:00,388.0,394.0,61.0
2025-05-29 14:02:00,388.0,394.0,61.0
2025-05-29 14:03:00,388.0,394.0,61.0
2025-05-29 14:04:00,388.0,394.0,61.0
2025-05-29 14:05:00,388.0,394.0,61.0
2025-05-29 14:06:00,388.0,394.0,61.0
2025-05-29 14:07:00,388.0,394.0,61.0
2025-05-29 14:08:00,388.0,394.0,61.0
2025-05-29 14:09:00,388.0,394.0,62.0
2025-05-29 14:10:00,388.0,394.0,62.0
2025-05-29 14:11:00,388.0,394.0,62.0
2025-05-29 14:12:00,388.0,394.0,62.0
2025-05-29 14:13:00,388.0,394.0,62.0
2025-05-29 14:14:00,388.0,394.0,62.0
2025-05-29 14:15:00,388.0,394.0,62.0
2025-05-29 14:16:00,388.0,394.0,62.0
2025-05-29 14:17:00,388.0,394.0,62.0
2025-05-29 14:18:00,388.0,394.0,62.0
2025-05-29 14:19:00,388.0,394.0,62.0
2025-05-29 14:20:00,388.0,394.0,62.0
2025-05-29 14:21:00,388.0,394.0,62.0
2025-05-29 14:22:00,388.0,394.0,62.0
2025-05-29 14:23:00,388.0,394.0,62.0
2025-05-29 14:24:00,388.0,394.0,62.0
2025-05-29 14:25:00,388.0,394.0,62.0
2025-05-29 14:26:00,388.0,394.0,62.0
2025-05-29 14:27:00,388.0,394.0,62.0
2025-05-29 14:28:00,388.0,394.0,62.0
2025-05-29 14:29:00,388.0,394.0,62.0
2025-05-29 14:30:00,388.0,394.0,62.0
2025-05-29 14:31:00,388.0,394.0,62.0
2025-05-29 14:32:00,388.0,394.0,62.0
2025-05-29 14:33:00,388.0,394.0,62.0
2025-05-29 14:34:00,388.0,394.0,62.0
2025-05-29 14:35:00,388.0,394.0,62.0
2025-05-29 14:36:00,388.0,394.0,62.0
2025-05-29 14:37:00,388.0,394.0,62.0
2025-05-29 14:38:00,388.0,394.0,62.0
2025-05-29 14:39:00,388.0,394.0,62.0
2025-05-29 14:40:00,388.0,394.0,62.0
2025-05-29 14:41:00,388.0,394.0,62.0
2025-05-29 14:42:00,388.0,394.0,62.0
2025-05-29 14:43:00,388.0,394.0,62.0
2025-05-29 14:44:00,388.0,394.0,62.0
2025-05-29 14:45:00,388.0,394.0,62.0
2025-05-29 14:46:00,388.0,394.0,62.0
2025-05-29 14:47:00,388.0,394.0,62.0
2025-05-29 14:48:00,388.0,394.0,62.0
2025-05-29 14:49:00,388.0,394.0,62.0
2025-05-29 14:50:00,388.0,394.0,62.0
2025-05-29 14:51:00,388.0,394.0,62.0
2025-05-29 14:52:00,388.0,394.0,62.0
2025-05-29 14:53:00,388.0,394.0,62.0
2025-05-29 14:54:00,388.0,394.0,62.0
2025-05-29 14:55:00,388.0,394.0,62.0
2025-05-29 14:56:00,388.0,394.0,62.0
2025-05-29 14:57:00,388.0,394.0,62.0
2025-05-29 14:58:00,388.0,394.0,62.0
2025-05-29 14:59:00,388.0,394.0,62.0
2025-05-29 15:00:00,388.0,394.0,62.0
2025-05-29 15:01:00,388.0,394.0,62.0
2025-05-29 15:02:00,388.0,394.0,62.0
2025-05-29 15:03:00,388.0,394.0,62.0
2025-05-29 15:04:00,388.0,394.0,62.0
2025-05-29 15:05:00,388.0,394.0,67.0
2025-05-29 15:06:00,388.0,394.0,67.0
2025-05-29 15:07:00,388.0,394.0,67.0
2025-05-29 15:08:00,388.0,394.0,67.0
2025-05-29 15:09:00,388.0,394.0,67.0
2025-05-29 15:10:00,388.0,394.0,67.0
2025-05-29 15:11:00,388.0,394.0,67.0
2025-05-29 15:12:00,388.0,394.0,67.0
2025-05-29 15:13:00,388.0,394.0,67.0
2025-05-29 15:14:00,388.0,394.0,67.0
2025-05-29 15:15:00,388.0,394.0,67.0
2025-05-29 15:16:00,388.0,394.0,67.0
2025-05-29 15:17:00,388.0,394.0,67.0
2025-05-29 15:18:00,388.0,394.0,67.0
2025-05-29 15:19:00,388.0,394.0,67.0
2025-05-29 15:20:00,388.0,394.0,67.0
2025-05-29 15:21:00,388.0,394.0,67.0
2025-05-29 15:22:00,388.0,394.0,67.0
2025-05-29 15:23:00,388.0,394.0,67.0
2025-05-29 15:24:00,388.0,394.0,67.0
2025-05-29 15:25:00,388.0,394.0,67.0
2025-05-29 15:26:00,388.0,394.0,67.0
2025-05-29 15:27:00,388.0,394.0,67.0
2025-05-29 15:28:00,388.0,394.0,67.0
2025-05-29 15:29:00,388.0,394.0,67.0
2025-05-29 15:30:00,388.0,394.0,67.0
2025-05-30 09:00:00,,,
2025-05-30 09:01:00,,,
2025-05-30 09:02:00,,,
2025-05-30 09:03:00,,,
2025-05-30 09:04:00,,,
2025-05-30 09:05:00,,,
2025-05-30 09:06:00,,,
2025-05-30 09:07:00,,,
2025-05-30 09:08:00,,,
2025-05-30 09:09:00,,,
2025-05-30 09:10:00,,,
2025-05-30 09:11:00,,,
2025-05-30 09:12:00,,,
2025-05-30 09:13:00,,,
2025-05-30 09:14:00,,,
2025-05-30 09:15:00,,,
2025-05-30 09:16:00,,,
2025-05-30 09:17:00,,,
2025-05-30 09:18:00,,,
2025-05-30 09:19:00,,,
2025-05-30 09:20:00,,,
2025-05-30 09:21:00,,,
2025-05-30 09:22:00,,,
2025-05-30 09:23:00,,,
2025-05-30 09:24:00,,,
2025-05-30 09:25:00,,,
2025-05-30 09:26:00,,,
2025-05-30 09:27:00,,,
2025-05-30 09:28:00,,,
2025-05-30 09:29:00,,,
2025-05-30 09:30:00,,,
2025-05-30 09:31:00,,,
2025-05-30 09:32:00,,,
2025-05-30 09:33:00,,,
2025-05-30 09:34:00,,,
2025-05-30 09:35:00,,,
2025-05-30 09:36:00,,,
2025-05-30 09:37:00,,,
2025-05-30 09:38:00,,,
2025-05-30 09:39:00,,,
2025-05-30 09:40:00,,,
2025-05-30 09:41:00,,,
2025-05-30 09:42:00,,,
2025-05-30 09:43:00,,,
2025-05-30 09:44:00,,,
2025-05-30 09:45:00,388.0,388.0,1.0
2025-05-30 09:46:00,388.0,388.0,1.0
2025-05-30 09:47:00,388.0,388.0,1.0
2025-05-30 09:48:00,388.0,388.0,1.0
2025-05-30 09:49:00,388.0,388.0,1.0
2025-05-30 09:50:00,388.0,388.0,1.0
2025-05-30 09:51:00,388.0,388.0,1.0
2025-05-30 09:52:00,388.0,388.0,1.0
2025-05-30 09:53:00,388.0,388.0,1.0
2025-05-30 09:54:00,388.0,388.0,1.0
2025-05-30 09:55:00,388.0,388.0,1.0
2025-05-30 09:56:00,388.0,388.0,1.0
2025-05-30 09:57:00,388.0,388.0,1.0
2025-05-30 09:58:00,388.0,388.0,1.0
2025-05-30 09:59:00,388.0,388.0,1.0
2025-05-30 10:00:00,388.0,388.0,1.0
2025-05-30 10:01:00,388.0,388.0,1.0
2025-05-30 10:02:00,388.0,388.0,1.0
2025-05-30 10:03:00,388.0,388.0,1.0
2025-05-30 10:04:00,388.0,388.0,1.0
2025-05-30 10:05:00,388.0,388.0,1.0
2025-05-30 10:06:00,388.0,388.0,1.0
2025-05-30 10:07:00,388.0,388.0,1.0
2025-05-30 10:08:00,388.0,388.0,1.0
2025-05-30 10:09:00,388.0,388.0,1.0
2025-05-30 10:10:00,388.0,388.0,1.0
2025-05-30 10:11:00,388.0,388.0,1.0
2025-05-30 10:12:00,388.0,388.0,1.0
2025-05-30 10:13:00,388.0,388.0,1.0
2025-05-30 10:14:00,388.0,388.0,1.0
2025-05-30 10:15:00,388.0,388.0,1.0
2025-05-30 10:16:00,388.0,388.0,1.0
2025-05-30 10:17:00,388.0,388.0,1.0
2025-05-30 10:18:00,388.0,388.0,1.0
2025-05-30 10:19:00,388.0,388.0,1.0
2025-05-30 10:20:00,388.0,388.0,1.0
2025-05-30 10:21:00,388.0,388.0,1.0
2025-05-30 10:22:00,388.0,388.0,1.0
2025-05-30 10:23:00,388.0,388.0,1.0
2025-05-30 10:24:00,388.0,388.0,1.0
2025-05-30 10:25:00,388.0,388.0,1.0
2025-05-30 10:26:00,388.0,388.0,1.0
2025-05-30 10:27:00,388.0,388.0,1.0
2025-05-30 10:28:00,388.0,388.0,1.0
2025-05-30 10:29:00,388.0,388.0,1.0
2025-05-30 10:30:00,388.0,388.0,1.0
2025-05-30 10:31:00,388.0,388.0,1.0
2025-05-30 10:32:00,388.0,388.0,1.0
2025-05-30 10:33:00,388.0,388.0,1.0
2025-05-30 10:34:00,388.0,388.0,1.0
2025-05-30 10:35:00,388.0,388.0,1.0
2025-05-30 10:36:00,388.0,388.0,1.0
2025-05-30 10:37:00,388.0,388.0,1.0
2025-05-30 10:38:00,388.0,388.0,1.0
2025-05-30 10:39:00,388.0,388.0,1.0
2025-05-30 10:40:00,388.0,388.0,1.0
2025-05-30 10:41:00,388.0,388.0,1.0
2025-05-30 10:42:00,388.0,388.0,1.0
2025-05-30 10:43:00,388.0,388.0,1.0
2025-05-30 10:44:00,388.0,388.0,1.0
2025-05-30 10:45:00,388.0,388.0,1.0
2025-05-30 10:46:00,388.0,388.0,1.0
2025-05-30 10:47:00,388.0,388.0,1.0
2025-05-30 10:48:00,388.0,388.0,1.0
2025-05-30 10:49:00,388.0,388.0,1.0
2025-05-30 10:50:00,388.0,388.0,1.0
2025-05-30 10:51:00,388.0,388.0,1.0
2025-05-30 10:52:00,388.0,388.0,1.0
2025-05-30 10:53:00,388.0,388.0,1.0
2025-05-30 10:54:00,388.0,388.0,1.0
2025-05-30 10:55:00,388.0,388.0,1.0
2025-05-30 10:56:00,388.0,388.0,1.0
2025-05-30 10:57:00,388.0,388.0,1.0
2025-05-30 10:58:00,388.0,388.0,1.0
2025-05-30 10:59:00,388.0,388.0,1.0
2025-05-30 11:00:00,388.0,388.0,1.0
2025-05-30 11:01:00,388.0,388.0,1.0
2025-05-30 11:02:00,388.0,388.0,7.0
2025-05-30 11:03:00,388.0,388.0,7.0
2025-05-30 11:04:00,388.0,388.0,7.0
2025-05-30 11:05:00,387.0,388.0,8.0
2025-05-30 11:06:00,387.0,388.0,8.0
2025-05-30 11:07:00,387.0,388.0,8.0
2025-05-30 11:08:00,387.0,388.0,8.0
2025-05-30 11:09:00,387.0,388.0,8.0
2025-05-30 11:10:00,387.0,388.0,8.0
2025-05-30 11:11:00,387.0,388.0,8.0
2025-05-30 11:12:00,387.0,388.0,8.0
2025-05-30 11:13:00,387.0,388.0,8.0
2025-05-30 11:14:00,387.0,388.0,8.0
2025-05-30 11:15:00,387.0,388.0,8.0
2025-05-30 11:16:00,387.0,388.0,8.0
2025-05-30 11:17:00,387.0,388.0,8.0
2025-05-30 11:18:00,387.0,388.0,8.0
2025-05-30 11:19:00,387.0,388.0,8.0
2025-05-30 11:20:00,387.0,388.0,8.0
2025-05-30 11:21:00,387.0,388.0,8.0
2025-05-30 11:22:00,387.0,388.0,8.0
2025-05-30 11:23:00,387.0,388.0,8.0
2025-05-30 11:24:00,387.0,388.0,8.0
2025-05-30 11:25:00,387.0,388.0,8.0
2025-05-30 11:26:00,387.0,388.0,8.0
2025-05-30 11:27:00,387.0,388.0,8.0
2025-05-30 11:28:00,387.0,388.0,8.0
2025-05-30 11:29:00,387.0,388.0,8.0
2025-05-30 11:30:00,387.0,388.0,8.0
2025-05-30 12:30:00,387.0,388.0,8.0
2025-05-30 12:31:00,387.0,388.0,8.0
2025-05-30 12:32:00,387.0,388.0,8.0
2025-05-30 12:33:00,387.0,388.0,8.0
2025-05-30 12:34:00,387.0,388.0,8.0
2025-05-30 12:35:00,387.0,388.0,8.0
2025-05-30 12:36:00,387.0,388.0,8.0
2025-05-30 12:37:00,387.0,388.0,8.0
2025-05-30 12:38:00,387.0,388.0,8.0
2025-05-30 12:39:00,386.0,388.0,9.0
2025-05-30 12:40:00,386.0,388.0,9.0
2025-05-30 12:41:00,387.0,388.0,11.0
2025-05-30 12:42:00,387.0,388.0,11.0
2025-05-30 12:43:00,387.0,388.0,11.0
2025-05-30 12:44:00,387.0,388.0,11.0
2025-05-30 12:45:00,387.0,388.0,11.0
2025-05-30 12:46:00,387.0,388.0,11.0
2025-05-30 12:47:00,387.0,388.0,11.0
2025-05-30 12:48:00,387.0,388.0,11.0
2025-05-30 12:49:00,387.0,388.0,11.0
2025-05-30 12:50:00,387.0,388.0,11.0
2025-05-30 12:51:00,387.0,388.0,11.0
2025-05-30 12:52:00,387.0,388.0,11.0
2025-05-30 12:53:00,387.0,388.0,11.0
2025-05-30 12:54:00,387.0,388.0,11.0
2025-05-30 12:55:00,387.0,388.0,11.0
2025-05-30 12:56:00,387.0,388.0,11.0
2025-05-30 12:57:00,387.0,388.0,11.0
2025-05-30 12:58:00,387.0,388.0,11.0
2025-05-30 12:59:00,387.0,388.0,11.0
2025-05-30 13:00:00,387.0,388.0,11.0
2025-05-30 13:01:00,387.0,388.0,11.0
2025-05-30 13:02:00,387.0,388.0,11.0
2025-05-30 13:03:00,387.0,388.0,11.0
2025-05-30 13:04:00,387.0,388.0,11.0
2025-05-30 13:05:00,387.0,388.0,11.0
2025-05-30 13:06:00,387.0,388.0,11.0
2025-05-30 13:07:00,387.0,388.0,11.0
2025-05-30 13:08:00,387.0,388.0,11.0
2025-05-30 13:09:00,387.0,388.0,11.0
2025-05-30 13:10:00,387.0,388.0,11.0
2025-05-30 13:11:00,387.0,388.0,11.0
2025-05-30 13:12:00,387.0,388.0,11.0
2025-05-30 13:13:00,387.0,388.0,11.0
2025-05-30 13:14:00,387.0,388.0,11.0
2025-05-30 13:15:00,387.0,388.0,11.0
2025-05-30 13:16:00,387.0,388.0,11.0
2025-05-30 13:17:00,387.0,388.0,11.0
2025-05-30 13:18:00,387.0,388.0,11.0
2025-05-30 13:19:00,387.0,388.0,11.0
2025-05-30 13:20:00,387.0,388.0,11.0
2025-05-30 13:21:00,387.0,388.0,11.0
2025-05-30 13:22:00,387.0,388.0,11.0
2025-05-30 13:23:00,387.0,388.0,11.0
2025-05-30 13:24:00,387.0,388.0,11.0
2025-05-30 13:25:00,387.0,388.0,11.0
2025-05-30 13:26:00,387.0,388.0,11.0
2025-05-30 13:27:00,387.0,388.0,11.0
2025-05-30 13:28:00,387.0,388.0,11.0
2025-05-30 13:29:00,387.0,388.0,11.0
2025-05-30 13:30:00,387.0,388.0,11.0
2025-05-30 13:31:00,387.0,388.0,11.0
2025-05-30 13:32:00,387.0,388.0,11.0
2025-05-30 13:33:00,387.0,388.0,11.0
2025-05-30 13:34:00,387.0,388.0,12.0
2025-05-30 13:35:00,387.0,388.0,12.0
2025-05-30 13:36:00,387.0,388.0,12.0
2025-05-30 13:37:00,387.0,388.0,12.0
2025-05-30 13:38:00,387.0,388.0,12.0
2025-05-30 13:39:00,387.0,388.0,12.0
2025-05-30 13:40:00,387.0,388.0,12.0
2025-05-30 13:41:00,390.0,388.0,22.0
2025-05-30 13:42:00,390.0,388.0,25.0
2025-05-30 13:43:00,390.0,388.0,25.0
2025-05-30 13:44:00,390.0,388.0,25.0
2025-05-30 13:45:00,390.0,388.0,25.0
2025-05-30 13:46:00,390.0,388.0,25.0
2025-05-30 13:47:00,390.0,388.0,25.0
2025-05-30 13:48:00,390.0,388.0,25.0
2025-05-30 13:49:00,390.0,388.0,25.0
2025-05-30 13:50:00,390.0,388.0,25.0
2025-05-30 13:51:00,390.0,388.0,25.0
2025-05-30 13:52:00,390.0,388.0,25.0
2025-05-30 13:53:00,390.0,388.0,25.0
2025-05-30 13:54:00,390.0,388.0,25.0
2025-05-30 13:55:00,390.0,388.0,25.0
2025-05-30 13:56:00,390.0,388.0,25.0
2025-05-30 13:57:00,390.0,388.0,25.0
2025-05-30 13:58:00,390.0,388.0,25.0
2025-05-30 13:59:00,390.0,388.0,25.0
2025-05-30 14:00:00,390.0,388.0,25.0
2025-05-30 14:01:00,390.0,388.0,25.0
2025-05-30 14:02:00,390.0,388.0,25.0
2025-05-30 14:03:00,390.0,388.0,25.0
2025-05-30 14:04:00,390.0,388.0,25.0
2025-05-30 14:05:00,390.0,388.0,25.0
2025-05-30 14:06:00,390.0,388.0,25.0
2025-05-30 14:07:00,390.0,388.0,25.0
2025-05-30 14:08:00,390.0,388.0,25.0
2025-05-30 14:09:00,390.0,388.0,25.0
2025-05-30 14:10:00,390.0,388.0,25.0
2025-05-30 14:11:00,390.0,388.0,25.0
2025-05-30 14:12:00,390.0,388.0,25.0
2025-05-30 14:13:00,390.0,388.0,25.0
2025-05-30 14:14:00,390.0,388.0,25.0
2025-05-30 14:15:00,390.0,388.0,25.0
2025-05-30 14:16:00,390.0,388.0,25.0
2025-05-30 14:17:00,390.0,388.0,25.0
2025-05-30 14:18:00,390.0,388.0,25.0
2025-05-30 14:19:00,390.0,388.0,25.0
2025-05-30 14:20:00,390.0,388.0,25.0
2025-05-30 14:21:00,390.0,388.0,25.0
2025-05-30 14:22:00,390.0,388.0,25.0
2025-05-30 14:23:00,390.0,388.0,25.0
2025-05-30 14:24:00,390.0,388.0,25.0
2025-05-30 14:25:00,390.0,388.0,25.0
2025-05-30 14:26:00,390.0,388.0,25.0
2025-05-30 14:27:00,390.0,388.0,25.0
2025-05-30 14:28:00,390.0,388.0,25.0
2025-05-30 14:29:00,390.0,388.0,25.0
2025-05-30 14:30:00,390.0,388.0,25.0
2025-05-30 14:31:00,390.0,388.0,25.0
2025-05-30 14:32:00,390.0,388.0,25.0
2025-05-30 14:33:00,390.0,388.0,25.0
2025-05-30 14:34:00,390.0,388.0,25.0
2025-05-30 14:35:00,390.0,388.0,25.0
2025-05-30 14:36:00,390.0,388.0,25.0
2025-05-30 14:37:00,390.0,388.0,25.0
2025-05-30 14:38:00,390.0,388.0,25.0
2025-05-30 14:39:00,390.0,388.0,25.0
2025-05-30 14:40:00,390.0,388.0,25.0
2025-05-30 14:41:00,390.0,388.0,25.0
2025-05-30 14:42:00,390.0,388.0,25.0
2025-05-30 14:43:00,390.0,388.0,25.0
2025-05-30 14:44:00,390.0,388.0,25.0
2025-05-30 14:45:00,390.0,388.0,25.0
2025-05-30 14:46:00,390.0,388.0,25.0
2025-05-30 14:47:00,390.0,388.0,25.0
2025-05-30 14:48:00,390.0,388.0,25.0
2025-05-30 14:49:00,390.0,388.0,25.0
2025-05-30 14:50:00,390.0,388.0,25.0
2025-05-30 14:51:00,390.0,388.0,25.0
2025-05-30 14:52:00,390.0,388.0,25.0
2025-05-30 14:53:00,390.0,388.0,25.0
2025-05-30 14:54:00,390.0,388.0,25.0
2025-05-30 14:55:00,390.0,388.0,25.0
2025-05-30 14:56:00,390.0,388.0,25.0
2025-05-30 14:57:00,390.0,388.0,25.0
2025-05-30 14:58:00,390.0,388.0,25.0
2025-05-30 14:59:00,390.0,388.0,25.0
2025-05-30 15:00:00,387.0,388.0,29.0
2025-05-30 15:01:00,388.0,388.0,30.0
2025-05-30 15:02:00,388.0,388.0,30.0
2025-05-30 15:03:00,388.0,388.0,30.0
2025-05-30 15:04:00,388.0,388.0,30.0
2025-05-30 15:05:00,388.0,388.0,30.0
2025-05-30 15:06:00,388.0,388.0,30.0
2025-05-30 15:07:00,388.0,388.0,30.0
2025-05-30 15:08:00,388.0,388.0,30.0
2025-05-30 15:09:00,388.0,388.0,30.0
2025-05-30 15:10:00,388.0,388.0,30.0
2025-05-30 15:11:00,388.0,388.0,30.0
2025-05-30 15:12:00,388.0,388.0,30.0
2025-05-30 15:13:00,388.0,388.0,30.0
2025-05-30 15:14:00,388.0,388.0,30.0
2025-05-30 15:15:00,388.0,388.0,30.0
2025-05-30 15:16:00,388.0,388.0,30.0
2025-05-30 15:17:00,388.0,388.0,30.0
2025-05-30 15:18:00,388.0,388.0,30.0
2025-05-30 15:19:00,388.0,388.0,30.0
2025-05-30 15:20:00,388.0,388.0,30.0
2025-05-30 15:21:00,388.0,388.0,30.0
2025-05-30 15:22:00,388.0,388.0,30.0
2025-05-30 15:23:00,388.0,388.0,30.0
2025-05-30 15:24:00,388.0,388.0,30.0
2025-05-30 15:25:00,388.0,388.0,30.0
2025-05-30 15:26:00,388.0,388.0,30.0
2025-05-30 15:27:00,388.0,388.0,30.0
2025-05-30 15:28:00,388.0,388.0,30.0
2025-05-30 15:29:00,388.0,388.0,30.0
2025-05-30 15:30:00,388.0,388.0,30.0
2025-06-02 09:00:00,388.0,388.0,11.0
2025-06-02 09:01:00,388.0,388.0,11.0
2025-06-02 09:02:00,388.0,388.0,12.0
2025-06-02 09:03:00,388.0,388.0,12.0
2025-06-02 09:04:00,388.0,388.0,12.0
2025-06-02 09:05:00,388.0,388.0,12.0
2025-06-02 09:06:00,388.0,388.0,12.0
2025-06-02 09:07:00,388.0,388.0,12.0
2025-06-02 09:08:00,388.0,388.0,12.0
2025-06-02 09:09:00,388.0,388.0,12.0
2025-06-02 09:10:00,388.0,388.0,12.0
2025-06-02 09:11:00,388.0,388.0,12.0
2025-06-02 09:12:00,388.0,388.0,12.0
2025-06-02 09:13:00,388.0,388.0,12.0
2025-06-02 09:14:00,388.0,388.0,12.0
2025-06-02 09:15:00,388.0,388.0,12.0
2025-06-02 09:16:00,388.0,388.0,12.0
2025-06-02 09:17:00,388.0,388.0,12.0
2025-06-02 09:18:00,388.0,388.0,12.0
2025-06-02 09:19:00,388.0,388.0,12.0
2025-06-02 09:20:00,388.0,388.0,12.0
2025-06-02 09:21:00,388.0,388.0,12.0
2025-06-02 09:22:00,388.0,388.0,12.0
2025-06-02 09:23:00,388.0,388.0,12.0
2025-06-02 09:24:00,388.0,388.0,12.0
2025-06-02 09:25:00,388.0,388.0,12.0
2025-06-02 09:26:00,388.0,388.0,12.0
2025-06-02 09:27:00,388.0,388.0,12.0
2025-06-02 09:28:00,388.0,388.0,12.0
2025-06-02 09:29:00,388.0,388.0,12.0
2025-06-02 09:30:00,388.0,388.0,12.0
2025-06-02 09:31:00,388.0,388.0,12.0
2025-06-02 09:32:00,388.0,388.0,12.0
2025-06-02 09:33:00,388.0,388.0,12.0
2025-06-02 09:34:00,388.0,388.0,12.0
2025-06-02 09:35:00,388.0,388.0,12.0
2025-06-02 09:36:00,388.0,388.0,12.0
2025-06-02 09:37:00,388.0,388.0,12.0
2025-06-02 09:38:00,388.0,388.0,12.0
2025-06-02 09:39:00,388.0,388.0,12.0
2025-06-02 09:40:00,388.0,388.0,12.0
2025-06-02 09:41:00,388.0,388.0,12.0
2025-06-02 09:42:00,388.0,388.0,12.0
2025-06-02 09:43:00,388.0,388.0,12.0
2025-06-02 09:44:00,388.0,388.0,12.0
2025-06-02 09:45:00,388.0,388.0,12.0
2025-06-02 09:46:00,388.0,388.0,12.0
2025-06-02 09:47:00,388.0,388.0,12.0
2025-06-02 09:48:00,387.0,388.0,13.0
2025-06-02 09:49:00,387.0,388.0,13.0
2025-06-02 09:50:00,387.0,388.0,13.0
2025-06-02 09:51:00,387.0,388.0,13.0
2025-06-02 09:52:00,387.0,388.0,13.0
2025-06-02 09:53:00,387.0,388.0,13.0
2025-06-02 09:54:00,387.0,388.0,13.0
2025-06-02 09:55:00,387.0,388.0,13.0
2025-06-02 09:56:00,387.0,388.0,13.0
2025-06-02 09:57:00,387.0,388.0,13.0
2025-06-02 09:58:00,387.0,388.0,13.0
2025-06-02 09:59:00,387.0,388.0,13.0
2025-06-02 10:00:00,387.0,388.0,13.0
2025-06-02 10:01:00,387.0,388.0,13.0
2025-06-02 10:02:00,387.0,388.0,13.0
2025-06-02 10:03:00,387.0,388.0,13.0
2025-06-02 10:04:00,387.0,388.0,13.0
2025-06-02 10:05:00,387.0,388.0,13.0
2025-06-02 10:06:00,387.0,388.0,13.0
2025-06-02 10:07:00,387.0,388.0,13.0
2025-06-02 10:08:00,387.0,388.0,13.0
2025-06-02 10:09:00,387.0,388.0,13.0
2025-06-02 10:10:00,387.0,388.0,13.0
2025-06-02 10:11:00,387.0,388.0,13.0
2025-06-02 10:12:00,387.0,388.0,13.0
2025-06-02 10:13:00,387.0,388.0,13.0
2025-06-02 10:14:00,387.0,388.0,13.0
2025-06-02 10:15:00,387.0,388.0,13.0
2025-06-02 10:16:00,387.0,388.0,13.0
2025-06-02 10:17:00,387.0,388.0,13.0
2025-06-02 10:18:00,387.0,388.0,13.0
2025-06-02 10:19:00,387.0,388.0,13.0
2025-06-02 10:20:00,387.0,388.0,13.0
2025-06-02 10:21:00,387.0,388.0,13.0
2025-06-02 10:22:00,387.0,388.0,13.0
2025-06-02 10:23:00,387.0,388.0,13.0
2025-06-02 10:24:00,387.0,388.0,13.0
2025-06-02 10:25:00,387.0,388.0,13.0
2025-06-02 10:26:00,387.0,388.0,13.0
2025-06-02 10:27:00,387.0,388.0,13.0
2025-06-02 10:28:00,387.0,388.0,13.0
2025-06-02 10:29:00,387.0,388.0,13.0
2025-06-02 10:30:00,387.0,388.0,13.0
2025-06-02 10:31:00,387.0,388.0,13.0
2025-06-02 10:32:00,387.0,388.0,13.0
2025-06-02 10:33:00,387.0,388.0,13.0
2025-06-02 10:34:00,387.0,388.0,13.0
2025-06-02 10:35:00,387.0,388.0,13.0
2025-06-02 10:36:00,388.0,388.0,23.0
2025-06-02 10:37:00,388.0,388.0,23.0
2025-06-02 10:38:00,388.0,388.0,23.0
2025-06-02 10:39:00,388.0,388.0,24.0
2025-06-02 10:40:00,388.0,388.0,24.0
2025-06-02 10:41:00,388.0,388.0,24.0
2025-06-02 10:42:00,388.0,388.0,24.0
2025-06-02 10:43:00,388.0,388.0,24.0
2025-06-02 10:44:00,388.0,388.0,24.0
2025-06-02 10:45:00,388.0,388.0,24.0
2025-06-02 10:46:00,388.0,388.0,24.0
2025-06-02 10:47:00,388.0,388.0,24.0
2025-06-02 10:48:00,388.0,388.0,24.0
2025-06-02 10:49:00,388.0,388.0,24.0
2025-06-02 10:50:00,388.0,388.0,24.0
2025-06-02 10:51:00,388.0,388.0,24.0
2025-06-02 10:52:00,388.0,388.0,24.0
2025-06-02 10:53:00,388.0,388.0,24.0
2025-06-02 10:54:00,388.0,388.0,24.0
2025-06-02 10:55:00,388.0,388.0,24.0
2025-06-02 10:56:00,388.0,388.0,24.0
2025-06-02 10:57:00,388.0,388.0,24.0
2025-06-02 10:58:00,388.0,388.0,24.0
2025-06-02 10:59:00,388.0,388.0,24.0
2025-06-02 11:00:00,388.0,388.0,24.0
2025-06-02 11:01:00,388.0,388.0,24.0
2025-06-02 11:02:00,388.0,388.0,24.0
2025-06-02 11:03:00,388.0,388.0,24.0
2025-06-02 11:04:00,388.0,388.0,24.0
2025-06-02 11:05:00,388.0,388.0,24.0
2025-06-02 11:06:00,388.0,388.0,24.0
2025-06-02 11:07:00,388.0,388.0,24.0
2025-06-02 11:08:00,388.0,388.0,24.0
2025-06-02 11:09:00,388.0,388.0,24.0
2025-06-02 11:10:00,388.0,388.0,24.0
2025-06-02 11:11:00,388.0,388.0,24.0
2025-06-02 11:12:00,388.0,388.0,24.0
2025-06-02 11:13:00,388.0,388.0,24.0
2025-06-02 11:14:00,388.0,388.0,24.0
2025-06-02 11:15:00,388.0,388.0,24.0
2025-06-02 11:16:00,388.0,388.0,24.0
2025-06-02 11:17:00,388.0,388.0,24.0
2025-06-02 11:18:00,388.0,388.0,24.0
2025-06-02 11:19:00,388.0,388.0,24.0
2025-06-02 11:20:00,388.0,388.0,24.0
2025-06-02 11:21:00,388.0,388.0,24.0
2025-06-02 11:22:00,388.0,388.0,24.0
2025-06-02 11:23:00,388.0,388.0,24.0
2025-06-02 11:24:00,388.0,388.0,24.0
2025-06-02 11:25:00,388.0,388.0,24.0
2025-06-02 11:26:00,388.0,388.0,24.0
2025-06-02 11:27:00,388.0,388.0,24.0
2025-06-02 11:28:00,388.0,388.0,24.0
2025-06-02 11:29:00,388.0,388.0,24.0
2025-06-02 11:30:00,388.0,388.0,24.0
2025-06-02 12:30:00,388.0,388.0,25.0
2025-06-02 12:31:00,388.0,388.0,25.0
2025-06-02 12:32:00,388.0,388.0,25.0
2025-06-02 12:33:00,388.0,388.0,25.0
2025-06-02 12:34:00,388.0,388.0,25.0
2025-06-02 12:35:00,388.0,388.0,25.0
2025-06-02 12:36:00,388.0,388.0,25.0
2025-06-02 12:37:00,388.0,388.0,25.0
2025-06-02 12:38:00,388.0,388.0,25.0
2025-06-02 12:39:00,388.0,388.0,25.0
2025-06-02 12:40:00,388.0,388.0,25.0
2025-06-02 12:41:00,388.0,388.0,25.0
2025-06-02 12:42:00,388.0,388.0,25.0
2025-06-02 12:43:00,388.0,388.0,25.0
2025-06-02 12:44:00,388.0,388.0,25.0
2025-06-02 12:45:00,388.0,388.0,25.0
2025-06-02 12:46:00,388.0,388.0,25.0
2025-06-02 12:47:00,388.0,388.0,25.0
2025-06-02 12:48:00,388.0,388.0,25.0
2025-06-02 12:49:00,388.0,388.0,25.0
2025-06-02 12:50:00,388.0,388.0,25.0
2025-06-02 12:51:00,386.0,388.0,29.0
2025-06-02 12:52:00,386.0,388.0,29.0
2025-06-02 12:53:00,386.0,388.0,29.0
2025-06-02 12:54:00,386.0,388.0,29.0
2025-06-02 12:55:00,386.0,388.0,29.0
2025-06-02 12:56:00,386.0,388.0,29.0
2025-06-02 12:57:00,386.0,388.0,29.0
2025-06-02 12:58:00,386.0,388.0,29.0
2025-06-02 12:59:00,386.0,388.0,29.0
2025-06-02 13:00:00,386.0,388.0,29.0
2025-06-02 13:01:00,386.0,388.0,29.0
2025-06-02 13:02:00,386.0,388.0,29.0
2025-06-02 13:03:00,386.0,388.0,29.0
2025-06-02 13:04:00,386.0,388.0,29.0
2025-06-02 13:05:00,386.0,388.0,29.0
2025-06-02 13:06:00,386.0,388.0,29.0
2025-06-02 13:07:00,386.0,388.0,29.0
2025-06-02 13:08:00,386.0,388.0,29.0
2025-06-02 13:09:00,386.0,388.0,29.0
2025-06-02 13:10:00,386.0,388.0,29.0
2025-06-02 13:11:00,386.0,388.0,29.0
2025-06-02 13:12:00,386.0,388.0,29.0
2025-06-02 13:13:00,386.0,388.0,29.0
2025-06-02 13:14:00,386.0,388.0,29.0
2025-06-02 13:15:00,386.0,388.0,29.0
2025-06-02 13:16:00,386.0,388.0,29.0
2025-06-02 13:17:00,386.0,388.0,29.0
2025-06-02 13:18:00,386.0,388.0,29.0
2025-06-02 13:19:00,386.0,388.0,29.0
2025-06-02 13:20:00,386.0,388.0,29.0
2025-06-02 13:21:00,386.0,388.0,29.0
2025-06-02 13:22:00,386.0,388.0,29.0
2025-06-02 13:23:00,386.0,388.0,29.0
2025-06-02 13:24:00,386.0,388.0,29.0
2025-06-02 13:25:00,386.0,388.0,29.0
2025-06-02 13:26:00,386.0,388.0,29.0
2025-06-02 13:27:00,386.0,388.0,29.0
2025-06-02 13:28:00,386.0,388.0,29.0
2025-06-02 13:29:00,386.0,388.0,29.0
2025-06-02 13:30:00,386.0,388.0,29.0
2025-06-02 13:31:00,386.0,388.0,29.0
2025-06-02 13:32:00,386.0,388.0,29.0
2025-06-02 13:33:00,386.0,388.0,29.0
2025-06-02 13:34:00,388.0,388.0,42.0
2025-06-02 13:35:00,388.0,388.0,42.0
2025-06-02 13:36:00,388.0,388.0,42.0
2025-06-02 13:37:00,388.0,388.0,42.0
2025-06-02 13:38:00,388.0,388.0,42.0
2025-06-02 13:39:00,389.0,388.0,43.0
2025-06-02 13:40:00,389.0,388.0,43.0
2025-06-02 13:41:00,389.0,388.0,43.0
2025-06-02 13:42:00,389.0,388.0,43.0
2025-06-02 13:43:00,389.0,388.0,43.0
2025-06-02 13:44:00,389.0,388.0,43.0
2025-06-02 13:45:00,389.0,388.0,43.0
2025-06-02 13:46:00,389.0,388.0,43.0
2025-06-02 13:47:00,389.0,388.0,43.0
2025-06-02 13:48:00,389.0,388.0,43.0
2025-06-02 13:49:00,389.0,388.0,43.0
2025-06-02 13:50:00,389.0,388.0,43.0
2025-06-02 13:51:00,389.0,388.0,43.0
2025-06-02 13:52:00,389.0,388.0,43.0
2025-06-02 13:53:00,389.0,388.0,43.0
2025-06-02 13:54:00,389.0,388.0,43.0
2025-06-02 13:55:00,389.0,388.0,43.0
2025-06-02 13:56:00,389.0,388.0,43.0
2025-06-02 13:57:00,389.0,388.0,43.0
2025-06-02 13:58:00,389.0,388.0,43.0
2025-06-02 13:59:00,389.0,388.0,43.0
2025-06-02 14:00:00,389.0,388.0,43.0
2025-06-02 14:01:00,389.0,388.0,43.0
2025-06-02 14:02:00,389.0,388.0,43.0
2025-06-02 14:03:00,389.0,388.0,43.0
2025-06-02 14:04:00,389.0,388.0,43.0
2025-06-02 14:05:00,389.0,388.0,43.0
2025-06-02 14:06:00,389.0,388.0,43.0
2025-06-02 14:07:00,389.0,388.0,43.0
2025-06-02 14:08:00,389.0,388.0,43.0
2025-06-02 14:09:00,389.0,388.0,43.0
2025-06-02 14:10:00,389.0,388.0,43.0
2025-06-02 14:11:00,389.0,388.0,43.0
2025-06-02 14:12:00,389.0,388.0,43.0
2025-06-02 14:13:00,389.0,388.0,43.0
2025-06-02 14:14:00,389.0,388.0,43.0
2025-06-02 14:15:00,389.0,388.0,43.0
2025-06-02 14:16:00,389.0,388.0,43.0
2025-06-02 14:17:00,389.0,388.0,43.0
2025-06-02 14:18:00,389.0,388.0,43.0
2025-06-02 14:19:00,389.0,388.0,43.0
2025-06-02 14:20:00,389.0,388.0,43.0
2025-06-02 14:21:00,389.0,388.0,43.0
2025-06-02 14:22:00,389.0,388.0,43.0
2025-06-02 14:23:00,389.0,388.0,43.0
2025-06-02 14:24:00,389.0,388.0,43.0
2025-06-02 14:25:00,389.0,388.0,43.0
2025-06-02 14:26:00,389.0,388.0,43.0
2025-06-02 14:27:00,389.0,388.0,43.0
2025-06-02 14:28:00,389.0,388.0,43.0
2025-06-02 14:29:00,389.0,388.0,43.0
2025-06-02 14:30:00,389.0,388.0,43.0
2025-06-02 14:31:00,389.0,388.0,43.0
2025-06-02 14:32:00,389.0,388.0,43.0
2025-06-02 14:33:00,389.0,388.0,43.0
2025-06-02 14:34:00,389.0,388.0,43.0
2025-06-02 14:35:00,389.0,388.0,43.0
2025-06-02 14:36:00,389.0,388.0,43.0
2025-06-02 14:37:00,389.0,388.0,43.0
2025-06-02 14:38:00,389.0,388.0,43.0
2025-06-02 14:39:00,389.0,388.0,43.0
2025-06-02 14:40:00,389.0,388.0,43.0
2025-06-02 14:41:00,389.0,388.0,43.0
2025-06-02 14:42:00,389.0,388.0,43.0
2025-06-02 14:43:00,389.0,388.0,43.0
2025-06-02 14:44:00,389.0,388.0,43.0
2025-06-02 14:45:00,389.0,388.0,43.0
2025-06-02 14:46:00,389.0,388.0,43.0
2025-06-02 14:47:00,389.0,388.0,43.0
2025-06-02 14:48:00,389.0,388.0,43.0
2025-06-02 14:49:00,389.0,388.0,43.0
2025-06-02 14:50:00,389.0,388.0,43.0
2025-06-02 14:51:00,389.0,388.0,43.0
2025-06-02 14:52:00,389.0,388.0,43.0
2025-06-02 14:53:00,389.0,388.0,43.0
2025-06-02 14:54:00,389.0,388.0,43.0
2025-06-02 14:55:00,389.0,388.0,43.0
2025-06-02 14:56:00,389.0,388.0,43.0
2025-06-02 14:57:00,389.0,388.0,43.0
2025-06-02 14:58:00,389.0,388.0,43.0
2025-06-02 14:59:00,388.0,388.0,44.0
2025-06-02 15:00:00,388.0,388.0,44.0
2025-06-02 15:01:00,388.0,388.0,44.0
2025-06-02 15:02:00,388.0,388.0,44.0
2025-06-02 15:03:00,388.0,388.0,44.0
2025-06-02 15:04:00,388.0,388.0,44.0
2025-06-02 15:05:00,388.0,388.0,44.0
2025-06-02 15:06:00,388.0,388.0,44.0
2025-06-02 15:07:00,388.0,388.0,44.0
2025-06-02 15:08:00,388.0,388.0,44.0
2025-06-02 15:09:00,388.0,388.0,44.0
2025-06-02 15:10:00,388.0,388.0,44.0
2025-06-02 15:11:00,388.0,388.0,44.0
2025-06-02 15:12:00,388.0,388.0,44.0
2025-06-02 15:13:00,388.0,388.0,44.0
2025-06-02 15:14:00,388.0,388.0,44.0
2025-06-02 15:15:00,388.0,388.0,44.0
2025-06-02 15:16:00,388.0,388.0,44.0
2025-06-02 15:17:00,388.0,388.0,44.0
2025-06-02 15:18:00,388.0,388.0,44.0
2025-06-02 15:19:00,388.0,388.0,44.0
2025-06-02 15:20:00,388.0,388.0,45.0
2025-06-02 15:21:00,388.0,388.0,45.0
2025-06-02 15:22:00,388.0,388.0,45.0
2025-06-02 15:23:00,388.0,388.0,45.0
2025-06-02 15:24:00,388.0,388.0,45.0
2025-06-02 15:25:00,388.0,388.0,45.0
2025-06-02 15:26:00,388.0,388.0,45.0
2025-06-02 15:27:00,388.0,388.0,45.0
2025-06-02 15:28:00,388.0,388.0,45.0
2025-06-02 15:29:00,388.0,388.0,45.0
2025-06-02 15:30:00,389.0,388.0,46.0
2025-06-03 09:00:00,389.0,389.0,1.0
2025-06-03 09:01:00,389.0,389.0,1.0
2025-06-03 09:02:00,389.0,389.0,1.0
2025-06-03 09:03:00,389.0,389.0,1.0
2025-06-03 09:04:00,389.0,389.0,1.0
2025-06-03 09:05:00,389.0,389.0,1.0
2025-06-03 09:06:00,389.0,389.0,1.0
2025-06-03 09:07:00,389.0,389.0,1.0
2025-06-03 09:08:00,389.0,389.0,1.0
2025-06-03 09:09:00,389.0,389.0,1.0
2025-06-03 09:10:00,389.0,389.0,1.0
2025-06-03 09:11:00,389.0,389.0,1.0
2025-06-03 09:12:00,389.0,389.0,1.0
2025-06-03 09:13:00,389.0,389.0,1.0
2025-06-03 09:14:00,389.0,389.0,1.0
2025-06-03 09:15:00,389.0,389.0,1.0
2025-06-03 09:16:00,389.0,389.0,1.0
2025-06-03 09:17:00,389.0,389.0,1.0
2025-06-03 09:18:00,388.0,389.0,2.0
2025-06-03 09:19:00,388.0,389.0,2.0
2025-06-03 09:20:00,388.0,389.0,2.0
2025-06-03 09:21:00,388.0,389.0,2.0
2025-06-03 09:22:00,388.0,389.0,2.0
2025-06-03 09:23:00,388.0,389.0,2.0
2025-06-03 09:24:00,388.0,389.0,2.0
2025-06-03 09:25:00,388.0,389.0,2.0
2025-06-03 09:26:00,388.0,389.0,2.0
2025-06-03 09:27:00,388.0,389.0,2.0
2025-06-03 09:28:00,388.0,389.0,2.0
2025-06-03 09:29:00,388.0,389.0,2.0
2025-06-03 09:30:00,388.0,389.0,2.0
2025-06-03 09:31:00,388.0,389.0,2.0
2025-06-03 09:32:00,388.0,389.0,2.0
2025-06-03 09:33:00,388.0,389.0,2.0
2025-06-03 09:34:00,388.0,389.0,2.0
2025-06-03 09:35:00,388.0,389.0,2.0
2025-06-03 09:36:00,388.0,389.0,2.0
2025-06-03 09:37:00,388.0,389.0,2.0
2025-06-03 09:38:00,388.0,389.0,2.0
2025-06-03 09:39:00,388.0,389.0,2.0
2025-06-03 09:40:00,388.0,389.0,2.0
2025-06-03 09:41:00,387.0,389.0,7.0
2025-06-03 09:42:00,387.0,389.0,7.0
2025-06-03 09:43:00,389.0,389.0,9.0
2025-06-03 09:44:00,389.0,389.0,9.0
2025-06-03 09:45:00,389.0,389.0,9.0
2025-06-03 09:46:00,389.0,389.0,9.0
2025-06-03 09:47:00,389.0,389.0,9.0
2025-06-03 09:48:00,389.0,389.0,9.0
2025-06-03 09:49:00,389.0,389.0,9.0
2025-06-03 09:50:00,389.0,389.0,9.0
2025-06-03 09:51:00,389.0,389.0,9.0
2025-06-03 09:52:00,389.0,389.0,9.0
2025-06-03 09:53:00,389.0,389.0,9.0
2025-06-03 09:54:00,389.0,389.0,9.0
2025-06-03 09:55:00,389.0,389.0,9.0
2025-06-03 09:56:00,389.0,389.0,9.0
2025-06-03 09:57:00,389.0,389.0,9.0
2025-06-03 09:58:00,389.0,389.0,9.0
2025-06-03 09:59:00,389.0,389.0,9.0
2025-06-03 10:00:00,389.0,389.0,9.0
2025-06-03 10:01:00,389.0,389.0,9.0
2025-06-03 10:02:00,389.0,389.0,9.0
2025-06-03 10:03:00,389.0,389.0,9.0
2025-06-03 10:04:00,389.0,389.0,9.0
2025-06-03 10:05:00,389.0,389.0,9.0
2025-06-03 10:06:00,389.0,389.0,9.0
2025-06-03 10:07:00,389.0,389.0,9.0
2025-06-03 10:08:00,389.0,389.0,9.0
2025-06-03 10:09:00,389.0,389.0,9.0
2025-06-03 10:10:00,389.0,389.0,9.0
2025-06-03 10:11:00,389.0,389.0,9.0
2025-06-03 10:12:00,389.0,389.0,9.0
2025-06-03 10:13:00,389.0,389.0,9.0
2025-06-03 10:14:00,389.0,389.0,9.0
2025-06-03 10:15:00,389.0,389.0,9.0
2025-06-03 10:16:00,389.0,389.0,9.0
2025-06-03 10:17:00,389.0,389.0,9.0
2025-06-03 10:18:00,389.0,389.0,9.0
2025-06-03 10:19:00,389.0,389.0,9.0
2025-06-03 10:20:00,389.0,389.0,9.0
2025-06-03 10:21:00,389.0,389.0,9.0
2025-06-03 10:22:00,389.0,389.0,9.0
2025-06-03 10:23:00,389.0,389.0,9.0
2025-06-03 10:24:00,389.0,389.0,9.0
2025-06-03 10:25:00,389.0,389.0,9.0
2025-06-03 10:26:00,389.0,389.0,9.0
2025-06-03 10:27:00,389.0,389.0,9.0
2025-06-03 10:28:00,389.0,389.0,9.0
2025-06-03 10:29:00,389.0,389.0,9.0
2025-06-03 10:30:00,389.0,389.0,9.0
2025-06-03 10:31:00,389.0,389.0,9.0
2025-06-03 10:32:00,389.0,389.0,9.0
2025-06-03 10:33:00,389.0,389.0,9.0
2025-06-03 10:34:00,389.0,389.0,9.0
2025-06-03 10:35:00,389.0,389.0,9.0
2025-06-03 10:36:00,389.0,389.0,9.0
2025-06-03 10:37:00,389.0,389.0,9.0
2025-06-03 10:38:00,389.0,389.0,9.0
2025-06-03 10:39:00,387.0,389.0,10.0
2025-06-03 10:40:00,387.0,389.0,10.0
2025-06-03 10:41:00,387.0,389.0,10.0
2025-06-03 10:42:00,387.0,389.0,10.0
2025-06-03 10:43:00,387.0,389.0,10.0
2025-06-03 10:44:00,387.0,389.0,10.0
2025-06-03 10:45:00,387.0,389.0,10.0
2025-06-03 10:46:00,387.0,389.0,10.0
2025-06-03 10:47:00,387.0,389.0,10.0
2025-06-03 10:48:00,387.0,389.0,10.0
2025-06-03 10:49:00,387.0,389.0,10.0
2025-06-03 10:50:00,387.0,389.0,10.0
2025-06-03 10:51:00,387.0,389.0,10.0
2025-06-03 10:52:00,387.0,389.0,10.0
2025-06-03 10:53:00,387.0,389.0,10.0
2025-06-03 10:54:00,387.0,389.0,10.0
2025-06-03 10:55:00,387.0,389.0,10.0
2025-06-03 10:56:00,387.0,389.0,10.0
2025-06-03 10:57:00,387.0,389.0,10.0
2025-06-03 10:58:00,387.0,389.0,10.0
2025-06-03 10:59:00,387.0,389.0,10.0
2025-06-03 11:00:00,387.0,389.0,10.0
2025-06-03 11:01:00,387.0,389.0,10.0
2025-06-03 11:02:00,387.0,389.0,10.0
2025-06-03 11:03:00,387.0,389.0,10.0
2025-06-03 11:04:00,389.0,389.0,14.0
2025-06-03 11:05:00,389.0,389.0,14.0
2025-06-03 11:06:00,389.0,389.0,14.0
2025-06-03 11:07:00,389.0,389.0,14.0
2025-06-03 11:08:00,389.0,389.0,14.0
2025-06-03 11:09:00,389.0,389.0,14.0
2025-06-03 11:10:00,389.0,389.0,14.0
2025-06-03 11:11:00,389.0,389.0,14.0
2025-06-03 11:12:00,389.0,389.0,14.0
2025-06-03 11:13:00,389.0,389.0,14.0
2025-06-03 11:14:00,389.0,389.0,14.0
2025-06-03 11:15:00,389.0,389.0,14.0
2025-06-03 11:16:00,390.0,389.0,15.0
2025-06-03 11:17:00,390.0,389.0,15.0
2025-06-03 11:18:00,390.0,389.0,15.0
2025-06-03 11:19:00,390.0,389.0,15.0
2025-06-03 11:20:00,390.0,389.0,15.0
2025-06-03 11:21:00,390.0,389.0,15.0
2025-06-03 11:22:00,390.0,389.0,15.0
2025-06-03 11:23:00,389.0,389.0,22.0
2025-06-03 11:24:00,389.0,389.0,22.0
2025-06-03 11:25:00,389.0,389.0,22.0
2025-06-03 11:26:00,389.0,389.0,22.0
2025-06-03 11:27:00,389.0,389.0,22.0
2025-06-03 11:28:00,389.0,389.0,22.0
2025-06-03 11:29:00,389.0,389.0,22.0
2025-06-03 11:30:00,389.0,389.0,22.0
2025-06-03 12:30:00,389.0,389.0,22.0
2025-06-03 12:31:00,389.0,389.0,22.0
2025-06-03 12:32:00,387.0,389.0,24.0
2025-06-03 12:33:00,387.0,389.0,24.0
2025-06-03 12:34:00,387.0,389.0,24.0
2025-06-03 12:35:00,387.0,389.0,24.0
2025-06-03 12:36:00,387.0,389.0,24.0
2025-06-03 12:37:00,387.0,389.0,24.0
2025-06-03 12:38:00,387.0,389.0,24.0
2025-06-03 12:39:00,387.0,389.0,24.0
2025-06-03 12:40:00,387.0,389.0,24.0
2025-06-03 12:41:00,387.0,389.0,24.0
2025-06-03 12:42:00,387.0,389.0,24.0
2025-06-03 12:43:00,387.0,389.0,24.0
2025-06-03 12:44:00,387.0,389.0,24.0
2025-06-03 12:45:00,387.0,389.0,24.0
2025-06-03 12:46:00,387.0,389.0,24.0
2025-06-03 12:47:00,387.0,389.0,24.0
2025-06-03 12:48:00,387.0,389.0,24.0
2025-06-03 12:49:00,387.0,389.0,24.0
2025-06-03 12:50:00,387.0,389.0,24.0
2025-06-03 12:51:00,387.0,389.0,24.0
2025-06-03 12:52:00,387.0,389.0,24.0
2025-06-03 12:53:00,387.0,389.0,24.0
2025-06-03 12:54:00,387.0,389.0,24.0
2025-06-03 12:55:00,387.0,389.0,24.0
2025-06-03 12:56:00,387.0,389.0,24.0
2025-06-03 12:57:00,387.0,389.0,24.0
2025-06-03 12:58:00,387.0,389.0,24.0
2025-06-03 12:59:00,387.0,389.0,24.0
2025-06-03 13:00:00,387.0,389.0,24.0
2025-06-03 13:01:00,387.0,389.0,24.0
2025-06-03 13:02:00,387.0,389.0,24.0
2025-06-03 13:03:00,387.0,389.0,24.0
2025-06-03 13:04:00,387.0,389.0,24.0
2025-06-03 13:05:00,387.0,389.0,24.0
2025-06-03 13:06:00,387.0,389.0,24.0
2025-06-03 13:07:00,387.0,389.0,24.0
2025-06-03 13:08:00,387.0,389.0,24.0
2025-06-03 13:09:00,387.0,389.0,24.0
2025-06-03 13:10:00,387.0,389.0,24.0
2025-06-03 13:11:00,387.0,389.0,24.0
2025-06-03 13:12:00,387.0,389.0,24.0
2025-06-03 13:13:00,387.0,389.0,24.0
2025-06-03 13:14:00,387.0,389.0,24.0
2025-06-03 13:15:00,387.0,389.0,24.0
2025-06-03 13:16:00,387.0,389.0,24.0
2025-06-03 13:17:00,387.0,389.0,24.0
2025-06-03 13:18:00,387.0,389.0,24.0
2025-06-03 13:19:00,387.0,389.0,24.0
2025-06-03 13:20:00,387.0,389.0,24.0
2025-06-03 13:21:00,387.0,389.0,24.0
2025-06-03 13:22:00,387.0,389.0,24.0
2025-06-03 13:23:00,387.0,389.0,24.0
2025-06-03 13:24:00,387.0,389.0,24.0
2025-06-03 13:25:00,387.0,389.0,24.0
2025-06-03 13:26:00,387.0,389.0,24.0
2025-06-03 13:27:00,387.0,389.0,24.0
2025-06-03 13:28:00,387.0,389.0,24.0
2025-06-03 13:29:00,387.0,389.0,24.0
2025-06-03 13:30:00,387.0,389.0,24.0
2025-06-03 13:31:00,387.0,389.0,24.0
2025-06-03 13:32:00,387.0,389.0,24.0
2025-06-03 13:33:00,387.0,389.0,24.0
2025-06-03 13:34:00,387.0,389.0,24.0
2025-06-03 13:35:00,387.0,389.0,24.0
2025-06-03 13:36:00,387.0,389.0,24.0
2025-06-03 13:37:00,387.0,389.0,24.0
2025-06-03 13:38:00,387.0,389.0,24.0
2025-06-03 13:39:00,387.0,389.0,24.0
2025-06-03 13:40:00,387.0,389.0,24.0
2025-06-03 13:41:00,387.0,389.0,24.0
2025-06-03 13:42:00,387.0,389.0,24.0
2025-06-03 13:43:00,387.0,389.0,24.0
2025-06-03 13:44:00,387.0,389.0,24.0
2025-06-03 13:45:00,387.0,389.0,24.0
2025-06-03 13:46:00,387.0,389.0,24.0
2025-06-03 13:47:00,387.0,389.0,24.0
2025-06-03 13:48:00,387.0,389.0,24.0
2025-06-03 13:49:00,387.0,389.0,24.0
2025-06-03 13:50:00,387.0,389.0,24.0
2025-06-03 13:51:00,387.0,389.0,24.0
2025-06-03 13:52:00,387.0,389.0,24.0
2025-06-03 13:53:00,387.0,389.0,24.0
2025-06-03 13:54:00,387.0,389.0,24.0
2025-06-03 13:55:00,387.0,389.0,24.0
2025-06-03 13:56:00,387.0,389.0,24.0
2025-06-03 13:57:00,387.0,389.0,24.0
2025-06-03 13:58:00,387.0,389.0,24.0
2025-06-03 13:59:00,387.0,389.0,24.0
2025-06-03 14:00:00,387.0,389.0,24.0
2025-06-03 14:01:00,387.0,389.0,24.0
2025-06-03 14:02:00,387.0,389.0,24.0
2025-06-03 14:03:00,387.0,389.0,24.0
2025-06-03 14:04:00,387.0,389.0,24.0
2025-06-03 14:05:00,387.0,389.0,24.0
2025-06-03 14:06:00,387.0,389.0,24.0
2025-06-03 14:07:00,387.0,389.0,24.0
2025-06-03 14:08:00,387.0,389.0,24.0
2025-06-03 14:09:00,387.0,389.0,24.0
2025-06-03 14:10:00,387.0,389.0,24.0
2025-06-03 14:11:00,387.0,389.0,24.0
2025-06-03 14:12:00,387.0,389.0,24.0
2025-06-03 14:13:00,387.0,389.0,24.0
2025-06-03 14:14:00,387.0,389.0,24.0
2025-06-03 14:15:00,387.0,389.0,24.0
2025-06-03 14:16:00,387.0,389.0,24.0
2025-06-03 14:17:00,387.0,389.0,24.0
2025-06-03 14:18:00,387.0,389.0,24.0
2025-06-03 14:19:00,387.0,389.0,24.0
2025-06-03 14:20:00,387.0,389.0,24.0
2025-06-03 14:21:00,387.0,389.0,24.0
2025-06-03 14:22:00,387.0,389.0,24.0
2025-06-03 14:23:00,387.0,389.0,24.0
2025-06-03 14:24:00,387.0,389.0,24.0
2025-06-03 14:25:00,387.0,389.0,24.0
2025-06-03 14:26:00,387.0,389.0,24.0
2025-06-03 14:27:00,387.0,389.0,24.0
2025-06-03 14:28:00,387.0,389.0,24.0
2025-06-03 14:29:00,387.0,389.0,24.0
2025-06-03 14:30:00,387.0,389.0,24.0
2025-06-03 14:31:00,387.0,389.0,24.0
2025-06-03 14:32:00,387.0,389.0,24.0
2025-06-03 14:33:00,387.0,389.0,24.0
2025-06-03 14:34:00,387.0,389.0,24.0
2025-06-03 14:35:00,387.0,389.0,24.0
2025-06-03 14:36:00,387.0,389.0,24.0
2025-06-03 14:37:00,387.0,389.0,24.0
2025-06-03 14:38:00,387.0,389.0,24.0
2025-06-03 14:39:00,387.0,389.0,24.0
2025-06-03 14:40:00,387.0,389.0,24.0
2025-06-03 14:41:00,387.0,389.0,24.0
2025-06-03 14:42:00,387.0,389.0,24.0
2025-06-03 14:43:00,387.0,389.0,24.0
2025-06-03 14:44:00,387.0,389.0,24.0
2025-06-03 14:45:00,387.0,389.0,24.0
2025-06-03 14:46:00,387.0,389.0,24.0
2025-06-03 14:47:00,387.0,389.0,24.0
2025-06-03 14:48:00,387.0,389.0,24.0
2025-06-03 14:49:00,387.0,389.0,24.0
2025-06-03 14:50:00,387.0,389.0,24.0
2025-06-03 14:51:00,387.0,389.0,24.0
2025-06-03 14:52:00,387.0,389.0,24.0
2025-06-03 14:53:00,387.0,389.0,24.0
2025-06-03 14:54:00,387.0,389.0,24.0
2025-06-03 14:55:00,387.0,389.0,24.0
2025-06-03 14:56:00,387.0,389.0,24.0
2025-06-03 14:57:00,387.0,389.0,24.0
2025-06-03 14:58:00,387.0,389.0,24.0
2025-06-03 14:59:00,387.0,389.0,24.0
2025-06-03 15:00:00,387.0,389.0,24.0
2025-06-03 15:01:00,387.0,389.0,24.0
2025-06-03 15:02:00,387.0,389.0,24.0
2025-06-03 15:03:00,387.0,389.0,24.0
2025-06-03 15:04:00,387.0,389.0,24.0
2025-06-03 15:05:00,387.0,389.0,24.0
2025-06-03 15:06:00,387.0,389.0,39.0
2025-06-03 15:07:00,387.0,389.0,39.0
2025-06-03 15:08:00,387.0,389.0,39.0
2025-06-03 15:09:00,387.0,389.0,39.0
2025-06-03 15:10:00,387.0,389.0,39.0
2025-06-03 15:11:00,387.0,389.0,39.0
2025-06-03 15:12:00,387.0,389.0,39.0
2025-06-03 15:13:00,387.0,389.0,39.0
2025-06-03 15:14:00,387.0,389.0,39.0
2025-06-03 15:15:00,387.0,389.0,39.0
2025-06-03 15:16:00,387.0,389.0,39.0
2025-06-03 15:17:00,387.0,389.0,39.0
2025-06-03 15:18:00,387.0,389.0,39.0
2025-06-03 15:19:00,387.0,389.0,39.0
2025-06-03 15:20:00,387.0,389.0,39.0
2025-06-03 15:21:00,387.0,389.0,39.0
2025-06-03 15:22:00,387.0,389.0,39.0
2025-06-03 15:23:00,387.0,389.0,39.0
2025-06-03 15:24:00,387.0,389.0,39.0
2025-06-03 15:25:00,387.0,389.0,41.0
2025-06-03 15:26:00,387.0,389.0,41.0
2025-06-03 15:27:00,387.0,389.0,41.0
2025-06-03 15:28:00,387.0,389.0,41.0
2025-06-03 15:29:00,387.0,389.0,41.0
2025-06-03 15:30:00,387.0,389.0,43.0
2025-06-04 09:00:00,385.0,385.0,1.0
2025-06-04 09:01:00,385.0,385.0,1.0
2025-06-04 09:02:00,385.0,385.0,1.0
2025-06-04 09:03:00,385.0,385.0,1.0
2025-06-04 09:04:00,385.0,385.0,1.0
2025-06-04 09:05:00,385.0,385.0,1.0
2025-06-04 09:06:00,385.0,385.0,1.0
2025-06-04 09:07:00,385.0,385.0,1.0
2025-06-04 09:08:00,385.0,385.0,1.0
2025-06-04 09:09:00,385.0,385.0,1.0
2025-06-04 09:10:00,385.0,385.0,1.0
2025-06-04 09:11:00,386.0,385.0,2.0
2025-06-04 09:12:00,386.0,385.0,2.0
2025-06-04 09:13:00,386.0,385.0,2.0
2025-06-04 09:14:00,386.0,385.0,2.0
2025-06-04 09:15:00,386.0,385.0,2.0
2025-06-04 09:16:00,386.0,385.0,2.0
2025-06-04 09:17:00,386.0,385.0,2.0
2025-06-04 09:18:00,386.0,385.0,2.0
2025-06-04 09:19:00,386.0,385.0,2.0
2025-06-04 09:20:00,386.0,385.0,2.0
2025-06-04 09:21:00,386.0,385.0,2.0
2025-06-04 09:22:00,386.0,385.0,2.0
2025-06-04 09:23:00,386.0,385.0,2.0
2025-06-04 09:24:00,386.0,385.0,2.0
2025-06-04 09:25:00,386.0,385.0,2.0
2025-06-04 09:26:00,386.0,385.0,2.0
2025-06-04 09:27:00,386.0,385.0,2.0
2025-06-04 09:28:00,386.0,385.0,2.0
2025-06-04 09:29:00,386.0,385.0,2.0
2025-06-04 09:30:00,386.0,385.0,2.0
2025-06-04 09:31:00,386.0,385.0,2.0
2025-06-04 09:32:00,386.0,385.0,2.0
2025-06-04 09:33:00,386.0,385.0,2.0
2025-06-04 09:34:00,386.0,385.0,2.0
2025-06-04 09:35:00,386.0,385.0,2.0
2025-06-04 09:36:00,386.0,385.0,2.0
2025-06-04 09:37:00,386.0,385.0,2.0
2025-06-04 09:38:00,386.0,385.0,2.0
2025-06-04 09:39:00,386.0,385.0,2.0
2025-06-04 09:40:00,386.0,385.0,2.0
2025-06-04 09:41:00,386.0,385.0,2.0
2025-06-04 09:42:00,386.0,385.0,2.0
2025-06-04 09:43:00,386.0,385.0,2.0
2025-06-04 09:44:00,386.0,385.0,2.0
2025-06-04 09:45:00,386.0,385.0,2.0
2025-06-04 09:46:00,386.0,385.0,2.0
2025-06-04 09:47:00,386.0,385.0,2.0
2025-06-04 09:48:00,386.0,385.0,2.0
2025-06-04 09:49:00,386.0,385.0,2.0
2025-06-04 09:50:00,386.0,385.0,2.0
2025-06-04 09:51:00,386.0,385.0,2.0
2025-06-04 09:52:00,386.0,385.0,2.0
2025-06-04 09:53:00,386.0,385.0,2.0
2025-06-04 09:54:00,386.0,385.0,2.0
2025-06-04 09:55:00,386.0,385.0,2.0
2025-06-04 09:56:00,386.0,385.0,2.0
2025-06-04 09:57:00,386.0,385.0,2.0
2025-06-04 09:58:00,386.0,385.0,2.0
2025-06-04 09:59:00,386.0,385.0,2.0
2025-06-04 10:00:00,386.0,385.0,2.0
2025-06-04 10:01:00,386.0,385.0,2.0
2025-06-04 10:02:00,386.0,385.0,2.0
2025-06-04 10:03:00,386.0,385.0,2.0
2025-06-04 10:04:00,386.0,385.0,2.0
2025-06-04 10:05:00,386.0,385.0,2.0
2025-06-04 10:06:00,386.0,385.0,2.0
2025-06-04 10:07:00,386.0,385.0,2.0
2025-06-04 10:08:00,386.0,385.0,2.0
2025-06-04 10:09:00,386.0,385.0,2.0
2025-06-04 10:10:00,386.0,385.0,2.0
2025-06-04 10:11:00,386.0,385.0,2.0
2025-06-04 10:12:00,386.0,385.0,2.0
2025-06-04 10:13:00,386.0,385.0,2.0
2025-06-04 10:14:00,386.0,385.0,2.0
2025-06-04 10:15:00,386.0,385.0,2.0
2025-06-04 10:16:00,386.0,385.0,2.0
2025-06-04 10:17:00,386.0,385.0,2.0
2025-06-04 10:18:00,386.0,385.0,2.0
2025-06-04 10:19:00,386.0,385.0,2.0
2025-06-04 10:20:00,386.0,385.0,2.0
2025-06-04 10:21:00,386.0,385.0,2.0
2025-06-04 10:22:00,386.0,385.0,2.0
2025-06-04 10:23:00,386.0,385.0,2.0
2025-06-04 10:24:00,386.0,385.0,2.0
2025-06-04 10:25:00,386.0,385.0,2.0
2025-06-04 10:26:00,386.0,385.0,2.0
2025-06-04 10:27:00,386.0,385.0,2.0
2025-06-04 10:28:00,386.0,385.0,2.0
2025-06-04 10:29:00,386.0,385.0,2.0
2025-06-04 10:30:00,386.0,385.0,2.0
2025-06-04 10:31:00,386.0,385.0,2.0
2025-06-04 10:32:00,386.0,385.0,2.0
2025-06-04 10:33:00,386.0,385.0,2.0
2025-06-04 10:34:00,386.0,385.0,2.0
2025-06-04 10:35:00,386.0,385.0,2.0
2025-06-04 10:36:00,386.0,385.0,2.0
2025-06-04 10:37:00,386.0,385.0,2.0
2025-06-04 10:38:00,386.0,385.0,2.0
2025-06-04 10:39:00,386.0,385.0,2.0
2025-06-04 10:40:00,386.0,385.0,2.0
2025-06-04 10:41:00,386.0,385.0,2.0
2025-06-04 10:42:00,386.0,385.0,2.0
2025-06-04 10:43:00,386.0,385.0,2.0
2025-06-04 10:44:00,386.0,385.0,2.0
2025-06-04 10:45:00,386.0,385.0,2.0
2025-06-04 10:46:00,386.0,385.0,2.0
2025-06-04 10:47:00,386.0,385.0,2.0
2025-06-04 10:48:00,386.0,385.0,2.0
2025-06-04 10:49:00,386.0,385.0,2.0
2025-06-04 10:50:00,386.0,385.0,2.0
2025-06-04 10:51:00,386.0,385.0,2.0
2025-06-04 10:52:00,386.0,385.0,2.0
2025-06-04 10:53:00,386.0,385.0,2.0
2025-06-04 10:54:00,386.0,385.0,2.0
2025-06-04 10:55:00,386.0,385.0,2.0
2025-06-04 10:56:00,386.0,385.0,2.0
2025-06-04 10:57:00,386.0,385.0,2.0
2025-06-04 10:58:00,386.0,385.0,2.0
2025-06-04 10:59:00,386.0,385.0,2.0
2025-06-04 11:00:00,386.0,385.0,2.0
2025-06-04 11:01:00,386.0,385.0,2.0
2025-06-04 11:02:00,386.0,385.0,2.0
2025-06-04 11:03:00,386.0,385.0,2.0
2025-06-04 11:04:00,386.0,385.0,2.0
2025-06-04 11:05:00,386.0,385.0,2.0
2025-06-04 11:06:00,386.0,385.0,2.0
2025-06-04 11:07:00,386.0,385.0,2.0
2025-06-04 11:08:00,386.0,385.0,2.0
2025-06-04 11:09:00,386.0,385.0,2.0
2025-06-04 11:10:00,386.0,385.0,2.0
2025-06-04 11:11:00,386.0,385.0,2.0
2025-06-04 11:12:00,386.0,385.0,2.0
2025-06-04 11:13:00,386.0,385.0,2.0
2025-06-04 11:14:00,386.0,385.0,2.0
2025-06-04 11:15:00,386.0,385.0,2.0
2025-06-04 11:16:00,386.0,385.0,2.0
2025-06-04 11:17:00,386.0,385.0,2.0
2025-06-04 11:18:00,386.0,385.0,2.0
2025-06-04 11:19:00,386.0,385.0,2.0
2025-06-04 11:20:00,386.0,385.0,2.0
2025-06-04 11:21:00,386.0,385.0,2.0
2025-06-04 11:22:00,386.0,385.0,2.0
2025-06-04 11:23:00,386.0,385.0,2.0
2025-06-04 11:24:00,386.0,385.0,2.0
2025-06-04 11:25:00,386.0,385.0,2.0
2025-06-04 11:26:00,386.0,385.0,2.0
2025-06-04 11:27:00,386.0,385.0,2.0
2025-06-04 11:28:00,386.0,385.0,2.0
2025-06-04 11:29:00,386.0,385.0,2.0
2025-06-04 11:30:00,386.0,385.0,2.0
2025-06-04 12:30:00,386.0,385.0,2.0
2025-06-04 12:31:00,386.0,385.0,2.0
2025-06-04 12:32:00,386.0,385.0,3.0
2025-06-04 12:33:00,386.0,385.0,3.0
2025-06-04 12:34:00,386.0,385.0,3.0
2025-06-04 12:35:00,386.0,385.0,3.0
2025-06-04 12:36:00,386.0,385.0,3.0
2025-06-04 12:37:00,386.0,385.0,3.0
2025-06-04 12:38:00,386.0,385.0,3.0
2025-06-04 12:39:00,386.0,385.0,3.0
2025-06-04 12:40:00,386.0,385.0,3.0
2025-06-04 12:41:00,386.0,385.0,3.0
2025-06-04 12:42:00,386.0,385.0,3.0
2025-06-04 12:43:00,386.0,385.0,3.0
2025-06-04 12:44:00,386.0,385.0,3.0
2025-06-04 12:45:00,386.0,385.0,3.0
2025-06-04 12:46:00,386.0,385.0,3.0
2025-06-04 12:47:00,386.0,385.0,3.0
2025-06-04 12:48:00,386.0,385.0,3.0
2025-06-04 12:49:00,386.0,385.0,3.0
2025-06-04 12:50:00,386.0,385.0,3.0
2025-06-04 12:51:00,386.0,385.0,3.0
2025-06-04 12:52:00,386.0,385.0,3.0
2025-06-04 12:53:00,386.0,385.0,3.0
2025-06-04 12:54:00,386.0,385.0,3.0
2025-06-04 12:55:00,386.0,385.0,3.0
2025-06-04 12:56:00,386.0,385.0,3.0
2025-06-04 12:57:00,386.0,385.0,3.0
2025-06-04 12:58:00,386.0,385.0,3.0
2025-06-04 12:59:00,386.0,385.0,3.0
2025-06-04 13:00:00,386.0,385.0,3.0
2025-06-04 13:01:00,386.0,385.0,3.0
2025-06-04 13:02:00,386.0,385.0,3.0
2025-06-04 13:03:00,386.0,385.0,3.0
2025-06-04 13:04:00,386.0,385.0,3.0
2025-06-04 13:05:00,386.0,385.0,3.0
2025-06-04 13:06:00,386.0,385.0,3.0
2025-06-04 13:07:00,386.0,385.0,3.0
2025-06-04 13:08:00,386.0,385.0,3.0
2025-06-04 13:09:00,386.0,385.0,3.0
2025-06-04 13:10:00,386.0,385.0,3.0
2025-06-04 13:11:00,386.0,385.0,3.0
2025-06-04 13:12:00,386.0,385.0,3.0
2025-06-04 13:13:00,386.0,385.0,3.0
2025-06-04 13:14:00,386.0,385.0,3.0
2025-06-04 13:15:00,386.0,385.0,3.0
2025-06-04 13:16:00,386.0,385.0,3.0
2025-06-04 13:17:00,386.0,385.0,3.0
2025-06-04 13:18:00,386.0,385.0,3.0
2025-06-04 13:19:00,386.0,385.0,3.0
2025-06-04 13:20:00,386.0,385.0,3.0
2025-06-04 13:21:00,386.0,385.0,3.0
2025-06-04 13:22:00,386.0,385.0,3.0
2025-06-04 13:23:00,386.0,385.0,3.0
2025-06-04 13:24:00,386.0,385.0,3.0
2025-06-04 13:25:00,386.0,385.0,3.0
2025-06-04 13:26:00,386.0,385.0,3.0
2025-06-04 13:27:00,386.0,385.0,3.0
2025-06-04 13:28:00,386.0,385.0,3.0
2025-06-04 13:29:00,386.0,385.0,3.0
2025-06-04 13:30:00,386.0,385.0,3.0
2025-06-04 13:31:00,386.0,385.0,3.0
2025-06-04 13:32:00,386.0,385.0,3.0
2025-06-04 13:33:00,386.0,385.0,3.0
2025-06-04 13:34:00,386.0,385.0,3.0
2025-06-04 13:35:00,386.0,385.0,3.0
2025-06-04 13:36:00,386.0,385.0,3.0
2025-06-04 13:37:00,386.0,385.0,3.0
2025-06-04 13:38:00,386.0,385.0,3.0
2025-06-04 13:39:00,386.0,385.0,3.0
2025-06-04 13:40:00,386.0,385.0,3.0
2025-06-04 13:41:00,386.0,385.0,3.0
2025-06-04 13:42:00,386.0,385.0,3.0
2025-06-04 13:43:00,386.0,385.0,3.0
2025-06-04 13:44:00,386.0,385.0,3.0
2025-06-04 13:45:00,386.0,385.0,3.0
2025-06-04 13:46:00,386.0,385.0,3.0
2025-06-04 13:47:00,386.0,385.0,3.0
2025-06-04 13:48:00,386.0,385.0,3.0
2025-06-04 13:49:00,386.0,385.0,3.0
2025-06-04 13:50:00,386.0,385.0,3.0
2025-06-04 13:51:00,386.0,385.0,3.0
2025-06-04 13:52:00,386.0,385.0,3.0
2025-06-04 13:53:00,386.0,385.0,3.0
2025-06-04 13:54:00,386.0,385.0,3.0
2025-06-04 13:55:00,386.0,385.0,3.0
2025-06-04 13:56:00,386.0,385.0,3.0
2025-06-04 13:57:00,386.0,385.0,3.0
2025-06-04 13:58:00,386.0,385.0,3.0
2025-06-04 13:59:00,386.0,385.0,3.0
2025-06-04 14:00:00,386.0,385.0,3.0
2025-06-04 14:01:00,386.0,385.0,3.0
2025-06-04 14:02:00,386.0,385.0,3.0
2025-06-04 14:03:00,386.0,385.0,3.0
2025-06-04 14:04:00,386.0,385.0,3.0
2025-06-04 14:05:00,386.0,385.0,3.0
2025-06-04 14:06:00,386.0,385.0,3.0
2025-06-04 14:07:00,386.0,385.0,3.0
2025-06-04 14:08:00,386.0,385.0,3.0
2025-06-04 14:09:00,386.0,385.0,3.0
2025-06-04 14:10:00,386.0,385.0,3.0
2025-06-04 14:11:00,386.0,385.0,3.0
2025-06-04 14:12:00,386.0,385.0,3.0
2025-06-04 14:13:00,386.0,385.0,3.0
2025-06-04 14:14:00,386.0,385.0,3.0
2025-06-04 14:15:00,386.0,385.0,3.0
2025-06-04 14:16:00,386.0,385.0,3.0
2025-06-04 14:17:00,386.0,385.0,3.0
2025-06-04 14:18:00,386.0,385.0,3.0
2025-06-04 14:19:00,386.0,385.0,3.0
2025-06-04 14:20:00,386.0,385.0,3.0
2025-06-04 14:21:00,386.0,385.0,3.0
2025-06-04 14:22:00,386.0,385.0,3.0
2025-06-04 14:23:00,386.0,385.0,3.0
2025-06-04 14:24:00,386.0,385.0,3.0
2025-06-04 14:25:00,386.0,385.0,3.0
2025-06-04 14:26:00,386.0,385.0,3.0
2025-06-04 14:27:00,386.0,385.0,3.0
2025-06-04 14:28:00,386.0,385.0,3.0
2025-06-04 14:29:00,386.0,385.0,3.0
2025-06-04 14:30:00,386.0,385.0,3.0
2025-06-04 14:31:00,386.0,385.0,3.0
2025-06-04 14:32:00,386.0,385.0,3.0
2025-06-04 14:33:00,386.0,385.0,3.0
2025-06-04 14:34:00,386.0,385.0,3.0
2025-06-04 14:35:00,386.0,385.0,3.0
2025-06-04 14:36:00,386.0,385.0,3.0
2025-06-04 14:37:00,386.0,385.0,3.0
2025-06-04 14:38:00,386.0,385.0,3.0
2025-06-04 14:39:00,386.0,385.0,3.0
2025-06-04 14:40:00,386.0,385.0,3.0
2025-06-04 14:41:00,386.0,385.0,3.0
2025-06-04 14:42:00,386.0,385.0,3.0
2025-06-04 14:43:00,386.0,385.0,3.0
2025-06-04 14:44:00,386.0,385.0,3.0
2025-06-04 14:45:00,386.0,385.0,3.0
2025-06-04 14:46:00,386.0,385.0,3.0
2025-06-04 14:47:00,387.0,385.0,7.0
2025-06-04 14:48:00,388.0,385.0,14.0
2025-06-04 14:49:00,390.0,385.0,33.0
2025-06-04 14:50:00,390.0,385.0,33.0
2025-06-04 14:51:00,391.0,385.0,34.0
2025-06-04 14:52:00,391.0,385.0,34.0
2025-06-04 14:53:00,392.0,385.0,46.0
2025-06-04 14:54:00,393.0,385.0,52.0
2025-06-04 14:55:00,394.0,385.0,57.0
2025-06-04 14:56:00,394.0,385.0,57.0
2025-06-04 14:57:00,394.0,385.0,57.0
2025-06-04 14:58:00,394.0,385.0,57.0
2025-06-04 14:59:00,394.0,385.0,57.0
2025-06-04 15:00:00,394.0,385.0,57.0
2025-06-04 15:01:00,394.0,385.0,57.0
2025-06-04 15:02:00,394.0,385.0,57.0
2025-06-04 15:03:00,394.0,385.0,57.0
2025-06-04 15:04:00,394.0,385.0,57.0
2025-06-04 15:05:00,394.0,385.0,57.0
2025-06-04 15:06:00,394.0,385.0,57.0
2025-06-04 15:07:00,394.0,385.0,57.0
2025-06-04 15:08:00,394.0,385.0,57.0
2025-06-04 15:09:00,394.0,385.0,57.0
2025-06-04 15:10:00,394.0,385.0,57.0
2025-06-04 15:11:00,394.0,385.0,57.0
2025-06-04 15:12:00,392.0,385.0,63.0
2025-06-04 15:13:00,392.0,385.0,63.0
2025-06-04 15:14:00,391.0,385.0,68.0
2025-06-04 15:15:00,391.0,385.0,68.0
2025-06-04 15:16:00,391.0,385.0,68.0
2025-06-04 15:17:00,391.0,385.0,68.0
2025-06-04 15:18:00,391.0,385.0,68.0
2025-06-04 15:19:00,391.0,385.0,68.0
2025-06-04 15:20:00,391.0,385.0,68.0
2025-06-04 15:21:00,391.0,385.0,68.0
2025-06-04 15:22:00,391.0,385.0,68.0
2025-06-04 15:23:00,391.0,385.0,68.0
2025-06-04 15:24:00,391.0,385.0,68.0
2025-06-04 15:25:00,391.0,385.0,68.0
2025-06-04 15:26:00,391.0,385.0,68.0
2025-06-04 15:27:00,391.0,385.0,68.0
2025-06-04 15:28:00,391.0,385.0,68.0
2025-06-04 15:29:00,391.0,385.0,68.0
2025-06-04 15:30:00,391.0,385.0,68.0
2025-06-05 09:00:00,393.0,393.0,10.0
2025-06-05 09:01:00,393.0,393.0,10.0
2025-06-05 09:02:00,393.0,393.0,10.0
2025-06-05 09:03:00,393.0,393.0,10.0
2025-06-05 09:04:00,393.0,393.0,10.0
2025-06-05 09:05:00,393.0,393.0,10.0
2025-06-05 09:06:00,393.0,393.0,10.0
2025-06-05 09:07:00,393.0,393.0,10.0
2025-06-05 09:08:00,393.0,393.0,10.0
2025-06-05 09:09:00,393.0,393.0,10.0
2025-06-05 09:10:00,393.0,393.0,10.0
2025-06-05 09:11:00,393.0,393.0,10.0
2025-06-05 09:12:00,392.0,393.0,11.0
2025-06-05 09:13:00,392.0,393.0,11.0
2025-06-05 09:14:00,392.0,393.0,11.0
2025-06-05 09:15:00,392.0,393.0,11.0
2025-06-05 09:16:00,392.0,393.0,11.0
2025-06-05 09:17:00,392.0,393.0,11.0
2025-06-05 09:18:00,392.0,393.0,11.0
2025-06-05 09:19:00,392.0,393.0,11.0
2025-06-05 09:20:00,392.0,393.0,11.0
2025-06-05 09:21:00,392.0,393.0,11.0
2025-06-05 09:22:00,392.0,393.0,11.0
2025-06-05 09:23:00,392.0,393.0,11.0
2025-06-05 09:24:00,392.0,393.0,11.0
2025-06-05 09:25:00,392.0,393.0,11.0
2025-06-05 09:26:00,392.0,393.0,14.0
2025-06-05 09:27:00,392.0,393.0,14.0
2025-06-05 09:28:00,392.0,393.0,14.0
2025-06-05 09:29:00,392.0,393.0,14.0
2025-06-05 09:30:00,392.0,393.0,14.0
2025-06-05 09:31:00,392.0,393.0,14.0
2025-06-05 09:32:00,392.0,393.0,14.0
2025-06-05 09:33:00,392.0,393.0,14.0
2025-06-05 09:34:00,392.0,393.0,14.0
2025-06-05 09:35:00,392.0,393.0,14.0
2025-06-05 09:36:00,392.0,393.0,14.0
2025-06-05 09:37:00,392.0,393.0,14.0
2025-06-05 09:38:00,392.0,393.0,14.0
2025-06-05 09:39:00,392.0,393.0,14.0
2025-06-05 09:40:00,392.0,393.0,14.0
2025-06-05 09:41:00,392.0,393.0,14.0
2025-06-05 09:42:00,392.0,393.0,14.0
2025-06-05 09:43:00,392.0,393.0,14.0
2025-06-05 09:44:00,392.0,393.0,14.0
2025-06-05 09:45:00,392.0,393.0,14.0
2025-06-05 09:46:00,392.0,393.0,14.0
2025-06-05 09:47:00,392.0,393.0,14.0
2025-06-05 09:48:00,392.0,393.0,14.0
2025-06-05 09:49:00,392.0,393.0,14.0
2025-06-05 09:50:00,392.0,393.0,14.0
2025-06-05 09:51:00,392.0,393.0,21.0
2025-06-05 09:52:00,392.0,393.0,21.0
2025-06-05 09:53:00,392.0,393.0,21.0
2025-06-05 09:54:00,392.0,393.0,21.0
2025-06-05 09:55:00,392.0,393.0,21.0
2025-06-05 09:56:00,392.0,393.0,21.0
2025-06-05 09:57:00,392.0,393.0,21.0
2025-06-05 09:58:00,392.0,393.0,21.0
2025-06-05 09:59:00,392.0,393.0,21.0
2025-06-05 10:00:00,392.0,393.0,22.0
2025-06-05 10:01:00,392.0,393.0,22.0
2025-06-05 10:02:00,392.0,393.0,22.0
2025-06-05 10:03:00,392.0,393.0,22.0
2025-06-05 10:04:00,392.0,393.0,22.0
2025-06-05 10:05:00,392.0,393.0,24.0
2025-06-05 10:06:00,392.0,393.0,24.0
2025-06-05 10:07:00,392.0,393.0,24.0
2025-06-05 10:08:00,392.0,393.0,24.0
2025-06-05 10:09:00,392.0,393.0,24.0
2025-06-05 10:10:00,392.0,393.0,24.0
2025-06-05 10:11:00,392.0,393.0,24.0
2025-06-05 10:12:00,392.0,393.0,24.0
2025-06-05 10:13:00,392.0,393.0,24.0
2025-06-05 10:14:00,392.0,393.0,24.0
2025-06-05 10:15:00,392.0,393.0,24.0
2025-06-05 10:16:00,392.0,393.0,24.0
2025-06-05 10:17:00,392.0,393.0,24.0
2025-06-05 10:18:00,392.0,393.0,24.0
2025-06-05 10:19:00,392.0,393.0,24.0
2025-06-05 10:20:00,392.0,393.0,24.0
2025-06-05 10:21:00,392.0,393.0,24.0
2025-06-05 10:22:00,392.0,393.0,24.0
2025-06-05 10:23:00,392.0,393.0,24.0
2025-06-05 10:24:00,392.0,393.0,24.0
2025-06-05 10:25:00,392.0,393.0,24.0
2025-06-05 10:26:00,392.0,393.0,24.0
2025-06-05 10:27:00,392.0,393.0,24.0
2025-06-05 10:28:00,392.0,393.0,24.0
2025-06-05 10:29:00,392.0,393.0,24.0
2025-06-05 10:30:00,392.0,393.0,24.0
2025-06-05 10:31:00,392.0,393.0,24.0
2025-06-05 10:32:00,392.0,393.0,24.0
2025-06-05 10:33:00,392.0,393.0,24.0
2025-06-05 10:34:00,392.0,393.0,24.0
2025-06-05 10:35:00,392.0,393.0,24.0
2025-06-05 10:36:00,392.0,393.0,24.0
2025-06-05 10:37:00,392.0,393.0,24.0
2025-06-05 10:38:00,392.0,393.0,24.0
2025-06-05 10:39:00,392.0,393.0,24.0
2025-06-05 10:40:00,392.0,393.0,24.0
2025-06-05 10:41:00,392.0,393.0,24.0
2025-06-05 10:42:00,392.0,393.0,24.0
2025-06-05 10:43:00,392.0,393.0,24.0
2025-06-05 10:44:00,392.0,393.0,24.0
2025-06-05 10:45:00,393.0,393.0,29.0
2025-06-05 10:46:00,393.0,393.0,31.0
2025-06-05 10:47:00,393.0,393.0,31.0
2025-06-05 10:48:00,393.0,393.0,31.0
2025-06-05 10:49:00,393.0,393.0,31.0
2025-06-05 10:50:00,393.0,393.0,31.0
2025-06-05 10:51:00,393.0,393.0,31.0
2025-06-05 10:52:00,393.0,393.0,31.0
2025-06-05 10:53:00,393.0,393.0,31.0
2025-06-05 10:54:00,393.0,393.0,31.0
2025-06-05 10:55:00,393.0,393.0,31.0
2025-06-05 10:56:00,393.0,393.0,31.0
2025-06-05 10:57:00,393.0,393.0,31.0
2025-06-05 10:58:00,393.0,393.0,31.0
2025-06-05 10:59:00,393.0,393.0,31.0
2025-06-05 11:00:00,393.0,393.0,31.0
2025-06-05 11:01:00,393.0,393.0,31.0
2025-06-05 11:02:00,393.0,393.0,31.0
2025-06-05 11:03:00,393.0,393.0,31.0
2025-06-05 11:04:00,393.0,393.0,31.0
2025-06-05 11:05:00,393.0,393.0,31.0
2025-06-05 11:06:00,393.0,393.0,31.0
2025-06-05 11:07:00,393.0,393.0,31.0
2025-06-05 11:08:00,393.0,393.0,31.0
2025-06-05 11:09:00,393.0,393.0,31.0
2025-06-05 11:10:00,393.0,393.0,31.0
2025-06-05 11:11:00,393.0,393.0,31.0
2025-06-05 11:12:00,393.0,393.0,31.0
2025-06-05 11:13:00,393.0,393.0,31.0
2025-06-05 11:14:00,393.0,393.0,31.0
2025-06-05 11:15:00,393.0,393.0,31.0
2025-06-05 11:16:00,393.0,393.0,31.0
2025-06-05 11:17:00,393.0,393.0,31.0
2025-06-05 11:18:00,393.0,393.0,31.0
2025-06-05 11:19:00,393.0,393.0,31.0
2025-06-05 11:20:00,393.0,393.0,31.0
2025-06-05 11:21:00,393.0,393.0,31.0
2025-06-05 11:22:00,393.0,393.0,31.0
2025-06-05 11:23:00,393.0,393.0,31.0
2025-06-05 11:24:00,393.0,393.0,31.0
2025-06-05 11:25:00,393.0,393.0,31.0
2025-06-05 11:26:00,393.0,393.0,31.0
2025-06-05 11:27:00,393.0,393.0,31.0
2025-06-05 11:28:00,393.0,393.0,31.0
2025-06-05 11:29:00,393.0,393.0,31.0
2025-06-05 11:30:00,393.0,393.0,31.0
2025-06-05 12:30:00,393.0,393.0,31.0
2025-06-05 12:31:00,393.0,393.0,31.0
2025-06-05 12:32:00,393.0,393.0,32.0
2025-06-05 12:33:00,393.0,393.0,32.0
2025-06-05 12:34:00,393.0,393.0,32.0
2025-06-05 12:35:00,393.0,393.0,32.0
2025-06-05 12:36:00,393.0,393.0,32.0
2025-06-05 12:37:00,393.0,393.0,32.0
2025-06-05 12:38:00,393.0,393.0,32.0
2025-06-05 12:39:00,393.0,393.0,32.0
2025-06-05 12:40:00,393.0,393.0,32.0
2025-06-05 12:41:00,393.0,393.0,32.0
2025-06-05 12:42:00,393.0,393.0,32.0
2025-06-05 12:43:00,393.0,393.0,32.0
2025-06-05 12:44:00,393.0,393.0,32.0
2025-06-05 12:45:00,393.0,393.0,32.0
2025-06-05 12:46:00,393.0,393.0,32.0
2025-06-05 12:47:00,393.0,393.0,32.0
2025-06-05 12:48:00,393.0,393.0,32.0
2025-06-05 12:49:00,393.0,393.0,32.0
2025-06-05 12:50:00,393.0,393.0,32.0
2025-06-05 12:51:00,393.0,393.0,32.0
2025-06-05 12:52:00,393.0,393.0,32.0
2025-06-05 12:53:00,393.0,393.0,32.0
2025-06-05 12:54:00,393.0,393.0,32.0
2025-06-05 12:55:00,393.0,393.0,32.0
2025-06-05 12:56:00,393.0,393.0,32.0
2025-06-05 12:57:00,393.0,393.0,32.0
2025-06-05 12:58:00,393.0,393.0,32.0
2025-06-05 12:59:00,393.0,393.0,32.0
2025-06-05 13:00:00,393.0,393.0,32.0
2025-06-05 13:01:00,393.0,393.0,32.0
2025-06-05 13:02:00,393.0,393.0,32.0
2025-06-05 13:03:00,393.0,393.0,32.0
2025-06-05 13:04:00,393.0,393.0,32.0
2025-06-05 13:05:00,393.0,393.0,32.0
2025-06-05 13:06:00,393.0,393.0,32.0
2025-06-05 13:07:00,393.0,393.0,32.0
2025-06-05 13:08:00,393.0,393.0,32.0
2025-06-05 13:09:00,393.0,393.0,32.0
2025-06-05 13:10:00,393.0,393.0,32.0
2025-06-05 13:11:00,393.0,393.0,32.0
2025-06-05 13:12:00,393.0,393.0,32.0
2025-06-05 13:13:00,393.0,393.0,32.0
2025-06-05 13:14:00,393.0,393.0,32.0
2025-06-05 13:15:00,393.0,393.0,32.0
2025-06-05 13:16:00,393.0,393.0,32.0
2025-06-05 13:17:00,393.0,393.0,32.0
2025-06-05 13:18:00,393.0,393.0,32.0
2025-06-05 13:19:00,393.0,393.0,32.0
2025-06-05 13:20:00,393.0,393.0,32.0
2025-06-05 13:21:00,393.0,393.0,32.0
2025-06-05 13:22:00,393.0,393.0,32.0
2025-06-05 13:23:00,393.0,393.0,32.0
2025-06-05 13:24:00,393.0,393.0,32.0
2025-06-05 13:25:00,393.0,393.0,32.0
2025-06-05 13:26:00,393.0,393.0,32.0
2025-06-05 13:27:00,393.0,393.0,32.0
2025-06-05 13:28:00,393.0,393.0,32.0
2025-06-05 13:29:00,393.0,393.0,32.0
2025-06-05 13:30:00,393.0,393.0,32.0
2025-06-05 13:31:00,393.0,393.0,32.0
2025-06-05 13:32:00,393.0,393.0,32.0
2025-06-05 13:33:00,393.0,393.0,32.0
2025-06-05 13:34:00,393.0,393.0,32.0
2025-06-05 13:35:00,393.0,393.0,32.0
2025-06-05 13:36:00,393.0,393.0,32.0
2025-06-05 13:37:00,393.0,393.0,32.0
2025-06-05 13:38:00,393.0,393.0,32.0
2025-06-05 13:39:00,393.0,393.0,32.0
2025-06-05 13:40:00,393.0,393.0,32.0
2025-06-05 13:41:00,393.0,393.0,32.0
2025-06-05 13:42:00,393.0,393.0,32.0
2025-06-05 13:43:00,393.0,393.0,32.0
2025-06-05 13:44:00,393.0,393.0,32.0
2025-06-05 13:45:00,393.0,393.0,32.0
2025-06-05 13:46:00,393.0,393.0,32.0
2025-06-05 13:47:00,393.0,393.0,32.0
2025-06-05 13:48:00,393.0,393.0,32.0
2025-06-05 13:49:00,393.0,393.0,32.0
2025-06-05 13:50:00,393.0,393.0,32.0
2025-06-05 13:51:00,393.0,393.0,32.0
2025-06-05 13:52:00,393.0,393.0,32.0
2025-06-05 13:53:00,393.0,393.0,32.0
2025-06-05 13:54:00,393.0,393.0,32.0
2025-06-05 13:55:00,393.0,393.0,32.0
2025-06-05 13:56:00,393.0,393.0,32.0
2025-06-05 13:57:00,393.0,393.0,32.0
2025-06-05 13:58:00,393.0,393.0,32.0
2025-06-05 13:59:00,393.0,393.0,32.0
2025-06-05 14:00:00,393.0,393.0,32.0
2025-06-05 14:01:00,393.0,393.0,32.0
2025-06-05 14:02:00,393.0,393.0,32.0
2025-06-05 14:03:00,393.0,393.0,32.0
2025-06-05 14:04:00,393.0,393.0,32.0
2025-06-05 14:05:00,393.0,393.0,32.0
2025-06-05 14:06:00,393.0,393.0,32.0
2025-06-05 14:07:00,393.0,393.0,32.0
2025-06-05 14:08:00,393.0,393.0,32.0
2025-06-05 14:09:00,393.0,393.0,32.0
2025-06-05 14:10:00,393.0,393.0,32.0
2025-06-05 14:11:00,393.0,393.0,32.0
2025-06-05 14:12:00,393.0,393.0,32.0
2025-06-05 14:13:00,393.0,393.0,32.0
2025-06-05 14:14:00,393.0,393.0,32.0
2025-06-05 14:15:00,393.0,393.0,32.0
2025-06-05 14:16:00,393.0,393.0,32.0
2025-06-05 14:17:00,393.0,393.0,32.0
2025-06-05 14:18:00,393.0,393.0,32.0
2025-06-05 14:19:00,393.0,393.0,32.0
2025-06-05 14:20:00,393.0,393.0,32.0
2025-06-05 14:21:00,393.0,393.0,32.0
2025-06-05 14:22:00,393.0,393.0,32.0
2025-06-05 14:23:00,393.0,393.0,32.0
2025-06-05 14:24:00,393.0,393.0,32.0
2025-06-05 14:25:00,393.0,393.0,32.0
2025-06-05 14:26:00,393.0,393.0,32.0
2025-06-05 14:27:00,393.0,393.0,32.0
2025-06-05 14:28:00,393.0,393.0,32.0
2025-06-05 14:29:00,393.0,393.0,32.0
2025-06-05 14:30:00,393.0,393.0,32.0
2025-06-05 14:31:00,393.0,393.0,32.0
2025-06-05 14:32:00,393.0,393.0,32.0
2025-06-05 14:33:00,393.0,393.0,32.0
2025-06-05 14:34:00,393.0,393.0,32.0
2025-06-05 14:35:00,393.0,393.0,32.0
2025-06-05 14:36:00,393.0,393.0,32.0
2025-06-05 14:37:00,393.0,393.0,32.0
2025-06-05 14:38:00,393.0,393.0,32.0
2025-06-05 14:39:00,393.0,393.0,32.0
2025-06-05 14:40:00,393.0,393.0,32.0
2025-06-05 14:41:00,393.0,393.0,32.0
2025-06-05 14:42:00,393.0,393.0,32.0
2025-06-05 14:43:00,393.0,393.0,32.0
2025-06-05 14:44:00,393.0,393.0,32.0
2025-06-05 14:45:00,393.0,393.0,32.0
2025-06-05 14:46:00,393.0,393.0,32.0
2025-06-05 14:47:00,393.0,393.0,32.0
2025-06-05 14:48:00,393.0,393.0,32.0
2025-06-05 14:49:00,393.0,393.0,32.0
2025-06-05 14:50:00,393.0,393.0,32.0
2025-06-05 14:51:00,393.0,393.0,32.0
2025-06-05 14:52:00,393.0,393.0,32.0
2025-06-05 14:53:00,393.0,393.0,32.0
2025-06-05 14:54:00,393.0,393.0,32.0
2025-06-05 14:55:00,393.0,393.0,32.0
2025-06-05 14:56:00,391.0,393.0,55.0
2025-06-05 14:57:00,391.0,393.0,55.0
2025-06-05 14:58:00,391.0,393.0,55.0
2025-06-05 14:59:00,391.0,393.0,55.0
2025-06-05 15:00:00,391.0,393.0,55.0
2025-06-05 15:01:00,391.0,393.0,55.0
2025-06-05 15:02:00,391.0,393.0,55.0
2025-06-05 15:03:00,391.0,393.0,55.0
2025-06-05 15:04:00,391.0,393.0,55.0
2025-06-05 15:05:00,391.0,393.0,55.0
2025-06-05 15:06:00,391.0,393.0,55.0
2025-06-05 15:07:00,391.0,393.0,55.0
2025-06-05 15:08:00,391.0,393.0,55.0
2025-06-05 15:09:00,391.0,393.0,55.0
2025-06-05 15:10:00,391.0,393.0,55.0
2025-06-05 15:11:00,391.0,393.0,55.0
2025-06-05 15:12:00,391.0,393.0,55.0
2025-06-05 15:13:00,391.0,393.0,56.0
2025-06-05 15:14:00,391.0,393.0,56.0
2025-06-05 15:15:00,391.0,393.0,56.0
2025-06-05 15:16:00,391.0,393.0,56.0
2025-06-05 15:17:00,391.0,393.0,56.0
2025-06-05 15:18:00,391.0,393.0,56.0
2025-06-05 15:19:00,391.0,393.0,56.0
2025-06-05 15:20:00,391.0,393.0,56.0
2025-06-05 15:21:00,391.0,393.0,56.0
2025-06-05 15:22:00,391.0,393.0,56.0
2025-06-05 15:23:00,391.0,393.0,56.0
2025-06-05 15:24:00,391.0,393.0,56.0
2025-06-05 15:25:00,391.0,393.0,56.0
2025-06-05 15:26:00,391.0,393.0,56.0
2025-06-05 15:27:00,391.0,393.0,56.0
2025-06-05 15:28:00,391.0,393.0,56.0
2025-06-05 15:29:00,391.0,393.0,56.0
2025-06-05 15:30:00,392.0,393.0,59.0
2025-06-06 09:00:00,391.0,391.0,1.0
2025-06-06 09:01:00,391.0,391.0,1.0
2025-06-06 09:02:00,392.0,391.0,7.0
2025-06-06 09:03:00,392.0,391.0,7.0
2025-06-06 09:04:00,393.0,391.0,8.0
2025-06-06 09:05:00,393.0,391.0,8.0
2025-06-06 09:06:00,393.0,391.0,8.0
2025-06-06 09:07:00,393.0,391.0,8.0
2025-06-06 09:08:00,393.0,391.0,8.0
2025-06-06 09:09:00,393.0,391.0,8.0
2025-06-06 09:10:00,393.0,391.0,8.0
2025-06-06 09:11:00,393.0,391.0,8.0
2025-06-06 09:12:00,393.0,391.0,8.0
2025-06-06 09:13:00,393.0,391.0,8.0
2025-06-06 09:14:00,393.0,391.0,8.0
2025-06-06 09:15:00,393.0,391.0,8.0
2025-06-06 09:16:00,393.0,391.0,8.0
2025-06-06 09:17:00,393.0,391.0,8.0
2025-06-06 09:18:00,393.0,391.0,8.0
2025-06-06 09:19:00,393.0,391.0,8.0
2025-06-06 09:20:00,393.0,391.0,9.0
2025-06-06 09:21:00,393.0,391.0,9.0
2025-06-06 09:22:00,393.0,391.0,9.0
2025-06-06 09:23:00,393.0,391.0,9.0
2025-06-06 09:24:00,393.0,391.0,9.0
2025-06-06 09:25:00,393.0,391.0,9.0
2025-06-06 09:26:00,394.0,391.0,10.0
2025-06-06 09:27:00,394.0,391.0,10.0
2025-06-06 09:28:00,394.0,391.0,10.0
2025-06-06 09:29:00,394.0,391.0,10.0
2025-06-06 09:30:00,394.0,391.0,10.0
2025-06-06 09:31:00,394.0,391.0,10.0
2025-06-06 09:32:00,394.0,391.0,10.0
2025-06-06 09:33:00,394.0,391.0,10.0
2025-06-06 09:34:00,394.0,391.0,10.0
2025-06-06 09:35:00,394.0,391.0,10.0
2025-06-06 09:36:00,394.0,391.0,10.0
2025-06-06 09:37:00,394.0,391.0,10.0
2025-06-06 09:38:00,394.0,391.0,10.0
2025-06-06 09:39:00,394.0,391.0,10.0
2025-06-06 09:40:00,394.0,391.0,10.0
2025-06-06 09:41:00,394.0,391.0,10.0
2025-06-06 09:42:00,394.0,391.0,10.0
2025-06-06 09:43:00,394.0,391.0,10.0
2025-06-06 09:44:00,394.0,391.0,10.0
2025-06-06 09:45:00,394.0,391.0,10.0
2025-06-06 09:46:00,394.0,391.0,10.0
2025-06-06 09:47:00,394.0,391.0,10.0
2025-06-06 09:48:00,394.0,391.0,10.0
2025-06-06 09:49:00,394.0,391.0,10.0
2025-06-06 09:50:00,393.0,391.0,13.0
2025-06-06 09:51:00,393.0,391.0,13.0
2025-06-06 09:52:00,393.0,391.0,13.0
2025-06-06 09:53:00,393.0,391.0,13.0
2025-06-06 09:54:00,393.0,391.0,13.0
2025-06-06 09:55:00,393.0,391.0,13.0
2025-06-06 09:56:00,393.0,391.0,13.0
2025-06-06 09:57:00,393.0,391.0,13.0
2025-06-06 09:58:00,393.0,391.0,13.0
2025-06-06 09:59:00,393.0,391.0,13.0
2025-06-06 10:00:00,393.0,391.0,13.0
2025-06-06 10:01:00,393.0,391.0,13.0
2025-06-06 10:02:00,393.0,391.0,14.0
2025-06-06 10:03:00,393.0,391.0,14.0
2025-06-06 10:04:00,393.0,391.0,14.0
2025-06-06 10:05:00,393.0,391.0,14.0
2025-06-06 10:06:00,393.0,391.0,14.0
2025-06-06 10:07:00,393.0,391.0,14.0
2025-06-06 10:08:00,393.0,391.0,14.0
2025-06-06 10:09:00,393.0,391.0,14.0
2025-06-06 10:10:00,393.0,391.0,14.0
2025-06-06 10:11:00,393.0,391.0,14.0
2025-06-06 10:12:00,393.0,391.0,14.0
2025-06-06 10:13:00,393.0,391.0,14.0
2025-06-06 10:14:00,393.0,391.0,14.0
2025-06-06 10:15:00,393.0,391.0,14.0
2025-06-06 10:16:00,393.0,391.0,14.0
2025-06-06 10:17:00,393.0,391.0,14.0
2025-06-06 10:18:00,393.0,391.0,14.0
2025-06-06 10:19:00,393.0,391.0,18.0
2025-06-06 10:20:00,393.0,391.0,18.0
2025-06-06 10:21:00,393.0,391.0,18.0
2025-06-06 10:22:00,393.0,391.0,18.0
2025-06-06 10:23:00,393.0,391.0,18.0
2025-06-06 10:24:00,393.0,391.0,18.0
2025-06-06 10:25:00,393.0,391.0,18.0
2025-06-06 10:26:00,393.0,391.0,18.0
2025-06-06 10:27:00,393.0,391.0,18.0
2025-06-06 10:28:00,393.0,391.0,18.0
2025-06-06 10:29:00,393.0,391.0,18.0
2025-06-06 10:30:00,393.0,391.0,18.0
2025-06-06 10:31:00,393.0,391.0,18.0
2025-06-06 10:32:00,394.0,391.0,55.0
2025-06-06 10:33:00,394.0,391.0,55.0
2025-06-06 10:34:00,394.0,391.0,55.0
2025-06-06 10:35:00,394.0,391.0,55.0
2025-06-06 10:36:00,394.0,391.0,55.0
2025-06-06 10:37:00,394.0,391.0,55.0
2025-06-06 10:38:00,394.0,391.0,55.0
2025-06-06 10:39:00,394.0,391.0,55.0
2025-06-06 10:40:00,394.0,391.0,55.0
2025-06-06 10:41:00,394.0,391.0,55.0
2025-06-06 10:42:00,394.0,391.0,55.0
2025-06-06 10:43:00,394.0,391.0,55.0
2025-06-06 10:44:00,394.0,391.0,55.0
2025-06-06 10:45:00,394.0,391.0,55.0
2025-06-06 10:46:00,394.0,391.0,55.0
2025-06-06 10:47:00,394.0,391.0,55.0
2025-06-06 10:48:00,394.0,391.0,55.0
2025-06-06 10:49:00,394.0,391.0,55.0
2025-06-06 10:50:00,394.0,391.0,55.0
2025-06-06 10:51:00,394.0,391.0,55.0
2025-06-06 10:52:00,394.0,391.0,55.0
2025-06-06 10:53:00,394.0,391.0,55.0
2025-06-06 10:54:00,394.0,391.0,55.0
2025-06-06 10:55:00,394.0,391.0,55.0
2025-06-06 10:56:00,394.0,391.0,55.0
2025-06-06 10:57:00,394.0,391.0,55.0
2025-06-06 10:58:00,394.0,391.0,55.0
2025-06-06 10:59:00,394.0,391.0,55.0
2025-06-06 11:00:00,394.0,391.0,55.0
2025-06-06 11:01:00,394.0,391.0,55.0
2025-06-06 11:02:00,394.0,391.0,55.0
2025-06-06 11:03:00,394.0,391.0,55.0
2025-06-06 11:04:00,394.0,391.0,55.0
2025-06-06 11:05:00,394.0,391.0,55.0
2025-06-06 11:06:00,394.0,391.0,55.0
2025-06-06 11:07:00,394.0,391.0,55.0
2025-06-06 11:08:00,394.0,391.0,55.0
2025-06-06 11:09:00,394.0,391.0,55.0
2025-06-06 11:10:00,394.0,391.0,55.0
2025-06-06 11:11:00,394.0,391.0,55.0
2025-06-06 11:12:00,394.0,391.0,55.0
2025-06-06 11:13:00,394.0,391.0,55.0
2025-06-06 11:14:00,394.0,391.0,55.0
2025-06-06 11:15:00,394.0,391.0,55.0
2025-06-06 11:16:00,394.0,391.0,55.0
2025-06-06 11:17:00,394.0,391.0,55.0
2025-06-06 11:18:00,394.0,391.0,55.0
2025-06-06 11:19:00,394.0,391.0,55.0
2025-06-06 11:20:00,394.0,391.0,55.0
2025-06-06 11:21:00,394.0,391.0,55.0
2025-06-06 11:22:00,394.0,391.0,55.0
2025-06-06 11:23:00,394.0,391.0,55.0
2025-06-06 11:24:00,394.0,391.0,55.0
2025-06-06 11:25:00,394.0,391.0,55.0
2025-06-06 11:26:00,394.0,391.0,55.0
2025-06-06 11:27:00,394.0,391.0,55.0
2025-06-06 11:28:00,394.0,391.0,55.0
2025-06-06 11:29:00,394.0,391.0,55.0
2025-06-06 11:30:00,394.0,391.0,55.0
2025-06-06 12:30:00,393.0,391.0,63.0
2025-06-06 12:31:00,393.0,391.0,64.0
2025-06-06 12:32:00,393.0,391.0,64.0
2025-06-06 12:33:00,393.0,391.0,64.0
2025-06-06 12:34:00,393.0,391.0,64.0
2025-06-06 12:35:00,393.0,391.0,64.0
2025-06-06 12:36:00,393.0,391.0,64.0
2025-06-06 12:37:00,393.0,391.0,64.0
2025-06-06 12:38:00,393.0,391.0,64.0
2025-06-06 12:39:00,393.0,391.0,64.0
2025-06-06 12:40:00,393.0,391.0,64.0
2025-06-06 12:41:00,393.0,391.0,66.0
2025-06-06 12:42:00,393.0,391.0,66.0
2025-06-06 12:43:00,393.0,391.0,66.0
2025-06-06 12:44:00,393.0,391.0,66.0
2025-06-06 12:45:00,393.0,391.0,66.0
2025-06-06 12:46:00,393.0,391.0,66.0
2025-06-06 12:47:00,393.0,391.0,66.0
2025-06-06 12:48:00,393.0,391.0,66.0
2025-06-06 12:49:00,393.0,391.0,66.0
2025-06-06 12:50:00,393.0,391.0,66.0
2025-06-06 12:51:00,393.0,391.0,66.0
2025-06-06 12:52:00,393.0,391.0,66.0
2025-06-06 12:53:00,393.0,391.0,66.0
2025-06-06 12:54:00,393.0,391.0,66.0
2025-06-06 12:55:00,393.0,391.0,66.0
2025-06-06 12:56:00,393.0,391.0,66.0
2025-06-06 12:57:00,393.0,391.0,66.0
2025-06-06 12:58:00,393.0,391.0,66.0
2025-06-06 12:59:00,393.0,391.0,66.0
2025-06-06 13:00:00,393.0,391.0,66.0
2025-06-06 13:01:00,393.0,391.0,66.0
2025-06-06 13:02:00,393.0,391.0,66.0
2025-06-06 13:03:00,393.0,391.0,66.0
2025-06-06 13:04:00,393.0,391.0,66.0
2025-06-06 13:05:00,393.0,391.0,66.0
2025-06-06 13:06:00,393.0,391.0,66.0
2025-06-06 13:07:00,393.0,391.0,66.0
2025-06-06 13:08:00,393.0,391.0,66.0
2025-06-06 13:09:00,393.0,391.0,66.0
2025-06-06 13:10:00,393.0,391.0,66.0
2025-06-06 13:11:00,393.0,391.0,66.0
2025-06-06 13:12:00,393.0,391.0,66.0
2025-06-06 13:13:00,393.0,391.0,66.0
2025-06-06 13:14:00,393.0,391.0,66.0
2025-06-06 13:15:00,393.0,391.0,66.0
2025-06-06 13:16:00,393.0,391.0,66.0
2025-06-06 13:17:00,393.0,391.0,66.0
2025-06-06 13:18:00,393.0,391.0,66.0
2025-06-06 13:19:00,393.0,391.0,66.0
2025-06-06 13:20:00,393.0,391.0,66.0
2025-06-06 13:21:00,393.0,391.0,66.0
2025-06-06 13:22:00,393.0,391.0,66.0
2025-06-06 13:23:00,393.0,391.0,66.0
2025-06-06 13:24:00,393.0,391.0,66.0
2025-06-06 13:25:00,393.0,391.0,66.0
2025-06-06 13:26:00,393.0,391.0,66.0
2025-06-06 13:27:00,393.0,391.0,66.0
2025-06-06 13:28:00,393.0,391.0,66.0
2025-06-06 13:29:00,393.0,391.0,66.0
2025-06-06 13:30:00,393.0,391.0,66.0
2025-06-06 13:31:00,393.0,391.0,66.0
2025-06-06 13:32:00,393.0,391.0,66.0
2025-06-06 13:33:00,393.0,391.0,66.0
2025-06-06 13:34:00,393.0,391.0,66.0
2025-06-06 13:35:00,393.0,391.0,66.0
2025-06-06 13:36:00,393.0,391.0,66.0
2025-06-06 13:37:00,393.0,391.0,66.0
2025-06-06 13:38:00,393.0,391.0,66.0
2025-06-06 13:39:00,393.0,391.0,66.0
2025-06-06 13:40:00,393.0,391.0,66.0
2025-06-06 13:41:00,393.0,391.0,66.0
2025-06-06 13:42:00,393.0,391.0,66.0
2025-06-06 13:43:00,393.0,391.0,66.0
2025-06-06 13:44:00,393.0,391.0,66.0
2025-06-06 13:45:00,393.0,391.0,66.0
2025-06-06 13:46:00,393.0,391.0,66.0
2025-06-06 13:47:00,393.0,391.0,66.0
2025-06-06 13:48:00,393.0,391.0,66.0
2025-06-06 13:49:00,393.0,391.0,66.0
2025-06-06 13:50:00,393.0,391.0,66.0
2025-06-06 13:51:00,393.0,391.0,66.0
2025-06-06 13:52:00,393.0,391.0,66.0
2025-06-06 13:53:00,393.0,391.0,66.0
2025-06-06 13:54:00,393.0,391.0,66.0
2025-06-06 13:55:00,393.0,391.0,66.0
2025-06-06 13:56:00,393.0,391.0,66.0
2025-06-06 13:57:00,393.0,391.0,66.0
2025-06-06 13:58:00,393.0,391.0,66.0
2025-06-06 13:59:00,393.0,391.0,66.0
2025-06-06 14:00:00,393.0,391.0,66.0
2025-06-06 14:01:00,393.0,391.0,66.0
2025-06-06 14:02:00,393.0,391.0,66.0
2025-06-06 14:03:00,393.0,391.0,66.0
2025-06-06 14:04:00,393.0,391.0,66.0
2025-06-06 14:05:00,393.0,391.0,66.0
2025-06-06 14:06:00,393.0,391.0,66.0
2025-06-06 14:07:00,393.0,391.0,66.0
2025-06-06 14:08:00,393.0,391.0,66.0
2025-06-06 14:09:00,393.0,391.0,66.0
2025-06-06 14:10:00,393.0,391.0,66.0
2025-06-06 14:11:00,393.0,391.0,66.0
2025-06-06 14:12:00,393.0,391.0,66.0
2025-06-06 14:13:00,393.0,391.0,66.0
2025-06-06 14:14:00,393.0,391.0,66.0
2025-06-06 14:15:00,393.0,391.0,66.0
2025-06-06 14:16:00,393.0,391.0,66.0
2025-06-06 14:17:00,393.0,391.0,66.0
2025-06-06 14:18:00,393.0,391.0,66.0
2025-06-06 14:19:00,393.0,391.0,66.0
2025-06-06 14:20:00,393.0,391.0,66.0
2025-06-06 14:21:00,393.0,391.0,66.0
2025-06-06 14:22:00,393.0,391.0,66.0
2025-06-06 14:23:00,393.0,391.0,66.0
2025-06-06 14:24:00,393.0,391.0,66.0
2025-06-06 14:25:00,393.0,391.0,66.0
2025-06-06 14:26:00,393.0,391.0,66.0
2025-06-06 14:27:00,393.0,391.0,66.0
2025-06-06 14:28:00,393.0,391.0,66.0
2025-06-06 14:29:00,393.0,391.0,66.0
2025-06-06 14:30:00,393.0,391.0,66.0
2025-06-06 14:31:00,393.0,391.0,66.0
2025-06-06 14:32:00,393.0,391.0,67.0
2025-06-06 14:33:00,393.0,391.0,67.0
2025-06-06 14:34:00,393.0,391.0,67.0
2025-06-06 14:35:00,393.0,391.0,67.0
2025-06-06 14:36:00,393.0,391.0,67.0
2025-06-06 14:37:00,393.0,391.0,67.0
2025-06-06 14:38:00,393.0,391.0,67.0
2025-06-06 14:39:00,393.0,391.0,67.0
2025-06-06 14:40:00,393.0,391.0,67.0
2025-06-06 14:41:00,393.0,391.0,67.0
2025-06-06 14:42:00,393.0,391.0,67.0
2025-06-06 14:43:00,393.0,391.0,67.0
2025-06-06 14:44:00,393.0,391.0,67.0
2025-06-06 14:45:00,393.0,391.0,67.0
2025-06-06 14:46:00,393.0,391.0,67.0
2025-06-06 14:47:00,393.0,391.0,67.0
2025-06-06 14:48:00,393.0,391.0,67.0
2025-06-06 14:49:00,393.0,391.0,67.0
2025-06-06 14:50:00,393.0,391.0,67.0
2025-06-06 14:51:00,393.0,391.0,67.0
2025-06-06 14:52:00,393.0,391.0,67.0
2025-06-06 14:53:00,393.0,391.0,67.0
2025-06-06 14:54:00,393.0,391.0,67.0
2025-06-06 14:55:00,393.0,391.0,67.0
2025-06-06 14:56:00,393.0,391.0,67.0
2025-06-06 14:57:00,393.0,391.0,67.0
2025-06-06 14:58:00,393.0,391.0,67.0
2025-06-06 14:59:00,393.0,391.0,67.0
2025-06-06 15:00:00,393.0,391.0,67.0
2025-06-06 15:01:00,393.0,391.0,67.0
2025-06-06 15:02:00,393.0,391.0,67.0
2025-06-06 15:03:00,393.0,391.0,67.0
2025-06-06 15:04:00,393.0,391.0,67.0
2025-06-06 15:05:00,393.0,391.0,67.0
2025-06-06 15:06:00,393.0,391.0,67.0
2025-06-06 15:07:00,393.0,391.0,67.0
2025-06-06 15:08:00,393.0,391.0,67.0
2025-06-06 15:09:00,393.0,391.0,67.0
2025-06-06 15:10:00,393.0,391.0,67.0
2025-06-06 15:11:00,393.0,391.0,67.0
2025-06-06 15:12:00,393.0,391.0,67.0
2025-06-06 15:13:00,393.0,391.0,67.0
2025-06-06 15:14:00,393.0,391.0,68.0
2025-06-06 15:15:00,393.0,391.0,68.0
2025-06-06 15:16:00,393.0,391.0,68.0
2025-06-06 15:17:00,393.0,391.0,68.0
2025-06-06 15:18:00,393.0,391.0,68.0
2025-06-06 15:19:00,393.0,391.0,68.0
2025-06-06 15:20:00,393.0,391.0,68.0
2025-06-06 15:21:00,393.0,391.0,68.0
2025-06-06 15:22:00,393.0,391.0,68.0
2025-06-06 15:23:00,393.0,391.0,68.0
2025-06-06 15:24:00,393.0,391.0,68.0
2025-06-06 15:25:00,393.0,391.0,68.0
2025-06-06 15:26:00,393.0,391.0,68.0
2025-06-06 15:27:00,393.0,391.0,68.0
2025-06-06 15:28:00,393.0,391.0,68.0
2025-06-06 15:29:00,393.0,391.0,68.0
2025-06-06 15:30:00,393.0,391.0,68.0
2025-06-09 09:00:00,394.0,394.0,3.0
2025-06-09 09:01:00,394.0,394.0,3.0
2025-06-09 09:02:00,394.0,394.0,3.0
2025-06-09 09:03:00,394.0,394.0,3.0
2025-06-09 09:04:00,394.0,394.0,3.0
2025-06-09 09:05:00,394.0,394.0,3.0
2025-06-09 09:06:00,394.0,394.0,3.0
2025-06-09 09:07:00,394.0,394.0,3.0
2025-06-09 09:08:00,394.0,394.0,3.0
2025-06-09 09:09:00,394.0,394.0,3.0
2025-06-09 09:10:00,394.0,394.0,3.0
2025-06-09 09:11:00,394.0,394.0,3.0
2025-06-09 09:12:00,394.0,394.0,3.0
2025-06-09 09:13:00,394.0,394.0,3.0
2025-06-09 09:14:00,394.0,394.0,3.0
2025-06-09 09:15:00,394.0,394.0,3.0
2025-06-09 09:16:00,394.0,394.0,3.0
2025-06-09 09:17:00,394.0,394.0,3.0
2025-06-09 09:18:00,394.0,394.0,3.0
2025-06-09 09:19:00,394.0,394.0,3.0
2025-06-09 09:20:00,394.0,394.0,3.0
2025-06-09 09:21:00,394.0,394.0,3.0
2025-06-09 09:22:00,394.0,394.0,3.0
2025-06-09 09:23:00,394.0,394.0,3.0
2025-06-09 09:24:00,394.0,394.0,3.0
2025-06-09 09:25:00,394.0,394.0,13.0
2025-06-09 09:26:00,394.0,394.0,13.0
2025-06-09 09:27:00,394.0,394.0,13.0
2025-06-09 09:28:00,394.0,394.0,13.0
2025-06-09 09:29:00,394.0,394.0,13.0
2025-06-09 09:30:00,394.0,394.0,13.0
2025-06-09 09:31:00,394.0,394.0,13.0
2025-06-09 09:32:00,394.0,394.0,13.0
2025-06-09 09:33:00,394.0,394.0,13.0
2025-06-09 09:34:00,394.0,394.0,13.0
2025-06-09 09:35:00,394.0,394.0,13.0
2025-06-09 09:36:00,394.0,394.0,13.0
2025-06-09 09:37:00,393.0,394.0,15.0
2025-06-09 09:38:00,393.0,394.0,15.0
2025-06-09 09:39:00,393.0,394.0,15.0
2025-06-09 09:40:00,393.0,394.0,15.0
2025-06-09 09:41:00,393.0,394.0,15.0
2025-06-09 09:42:00,394.0,394.0,23.0
2025-06-09 09:43:00,394.0,394.0,23.0
2025-06-09 09:44:00,394.0,394.0,23.0
2025-06-09 09:45:00,394.0,394.0,23.0
2025-06-09 09:46:00,394.0,394.0,23.0
2025-06-09 09:47:00,394.0,394.0,23.0
2025-06-09 09:48:00,394.0,394.0,23.0
2025-06-09 09:49:00,394.0,394.0,23.0
2025-06-09 09:50:00,394.0,394.0,23.0
2025-06-09 09:51:00,394.0,394.0,23.0
2025-06-09 09:52:00,394.0,394.0,23.0
2025-06-09 09:53:00,394.0,394.0,23.0
2025-06-09 09:54:00,394.0,394.0,23.0
2025-06-09 09:55:00,394.0,394.0,23.0
2025-06-09 09:56:00,394.0,394.0,23.0
2025-06-09 09:57:00,394.0,394.0,23.0
2025-06-09 09:58:00,394.0,394.0,27.0
2025-06-09 09:59:00,394.0,394.0,27.0
2025-06-09 10:00:00,394.0,394.0,27.0
2025-06-09 10:01:00,394.0,394.0,27.0
2025-06-09 10:02:00,394.0,394.0,27.0
2025-06-09 10:03:00,394.0,394.0,27.0
2025-06-09 10:04:00,394.0,394.0,27.0
2025-06-09 10:05:00,394.0,394.0,27.0
2025-06-09 10:06:00,394.0,394.0,27.0
2025-06-09 10:07:00,394.0,394.0,27.0
2025-06-09 10:08:00,394.0,394.0,27.0
2025-06-09 10:09:00,394.0,394.0,27.0
2025-06-09 10:10:00,394.0,394.0,27.0
2025-06-09 10:11:00,394.0,394.0,27.0
2025-06-09 10:12:00,394.0,394.0,27.0
2025-06-09 10:13:00,394.0,394.0,27.0
2025-06-09 10:14:00,394.0,394.0,27.0
2025-06-09 10:15:00,394.0,394.0,27.0
2025-06-09 10:16:00,394.0,394.0,27.0
2025-06-09 10:17:00,394.0,394.0,27.0
2025-06-09 10:18:00,394.0,394.0,27.0
2025-06-09 10:19:00,394.0,394.0,27.0
2025-06-09 10:20:00,394.0,394.0,27.0
2025-06-09 10:21:00,394.0,394.0,27.0
2025-06-09 10:22:00,394.0,394.0,27.0
2025-06-09 10:23:00,394.0,394.0,27.0
2025-06-09 10:24:00,394.0,394.0,27.0
2025-06-09 10:25:00,394.0,394.0,27.0
2025-06-09 10:26:00,394.0,394.0,27.0
2025-06-09 10:27:00,394.0,394.0,27.0
2025-06-09 10:28:00,394.0,394.0,27.0
2025-06-09 10:29:00,394.0,394.0,27.0
2025-06-09 10:30:00,394.0,394.0,27.0
2025-06-09 10:31:00,394.0,394.0,27.0
2025-06-09 10:32:00,394.0,394.0,27.0
2025-06-09 10:33:00,394.0,394.0,27.0
2025-06-09 10:34:00,394.0,394.0,27.0
2025-06-09 10:35:00,394.0,394.0,27.0
2025-06-09 10:36:00,394.0,394.0,27.0
2025-06-09 10:37:00,394.0,394.0,27.0
2025-06-09 10:38:00,394.0,394.0,27.0
2025-06-09 10:39:00,394.0,394.0,27.0
2025-06-09 10:40:00,394.0,394.0,27.0
2025-06-09 10:41:00,394.0,394.0,27.0
2025-06-09 10:42:00,394.0,394.0,33.0
2025-06-09 10:43:00,394.0,394.0,33.0
2025-06-09 10:44:00,394.0,394.0,33.0
2025-06-09 10:45:00,394.0,394.0,33.0
2025-06-09 10:46:00,394.0,394.0,33.0
2025-06-09 10:47:00,394.0,394.0,33.0
2025-06-09 10:48:00,394.0,394.0,35.0
2025-06-09 10:49:00,394.0,394.0,35.0
2025-06-09 10:50:00,394.0,394.0,35.0
2025-06-09 10:51:00,394.0,394.0,35.0
2025-06-09 10:52:00,394.0,394.0,35.0
2025-06-09 10:53:00,394.0,394.0,35.0
2025-06-09 10:54:00,394.0,394.0,35.0
2025-06-09 10:55:00,394.0,394.0,35.0
2025-06-09 10:56:00,394.0,394.0,39.0
2025-06-09 10:57:00,394.0,394.0,39.0
2025-06-09 10:58:00,394.0,394.0,39.0
2025-06-09 10:59:00,394.0,394.0,39.0
2025-06-09 11:00:00,394.0,394.0,39.0
2025-06-09 11:01:00,394.0,394.0,39.0
2025-06-09 11:02:00,394.0,394.0,39.0
2025-06-09 11:03:00,394.0,394.0,39.0
2025-06-09 11:04:00,394.0,394.0,39.0
2025-06-09 11:05:00,394.0,394.0,39.0
2025-06-09 11:06:00,394.0,394.0,39.0
2025-06-09 11:07:00,394.0,394.0,39.0
2025-06-09 11:08:00,394.0,394.0,39.0
2025-06-09 11:09:00,394.0,394.0,39.0
2025-06-09 11:10:00,394.0,394.0,39.0
2025-06-09 11:11:00,394.0,394.0,39.0
2025-06-09 11:12:00,394.0,394.0,39.0
2025-06-09 11:13:00,394.0,394.0,39.0
2025-06-09 11:14:00,394.0,394.0,39.0
2025-06-09 11:15:00,394.0,394.0,39.0
2025-06-09 11:16:00,394.0,394.0,39.0
2025-06-09 11:17:00,395.0,394.0,41.0
2025-06-09 11:18:00,395.0,394.0,41.0
2025-06-09 11:19:00,395.0,394.0,41.0
2025-06-09 11:20:00,395.0,394.0,41.0
2025-06-09 11:21:00,395.0,394.0,41.0
2025-06-09 11:22:00,395.0,394.0,41.0
2025-06-09 11:23:00,395.0,394.0,41.0
2025-06-09 11:24:00,395.0,394.0,41.0
2025-06-09 11:25:00,395.0,394.0,41.0
2025-06-09 11:26:00,395.0,394.0,41.0
2025-06-09 11:27:00,395.0,394.0,41.0
2025-06-09 11:28:00,395.0,394.0,41.0
2025-06-09 11:29:00,395.0,394.0,41.0
2025-06-09 11:30:00,395.0,394.0,41.0
2025-06-09 12:30:00,393.0,394.0,51.0
2025-06-09 12:31:00,393.0,394.0,51.0
2025-06-09 12:32:00,393.0,394.0,51.0
2025-06-09 12:33:00,393.0,394.0,51.0
2025-06-09 12:34:00,393.0,394.0,51.0
2025-06-09 12:35:00,393.0,394.0,51.0
2025-06-09 12:36:00,393.0,394.0,51.0
2025-06-09 12:37:00,393.0,394.0,51.0
2025-06-09 12:38:00,393.0,394.0,51.0
2025-06-09 12:39:00,393.0,394.0,51.0
2025-06-09 12:40:00,393.0,394.0,51.0
2025-06-09 12:41:00,393.0,394.0,51.0
2025-06-09 12:42:00,393.0,394.0,51.0
2025-06-09 12:43:00,393.0,394.0,51.0
2025-06-09 12:44:00,393.0,394.0,51.0
2025-06-09 12:45:00,393.0,394.0,51.0
2025-06-09 12:46:00,393.0,394.0,51.0
2025-06-09 12:47:00,393.0,394.0,51.0
2025-06-09 12:48:00,393.0,394.0,51.0
2025-06-09 12:49:00,393.0,394.0,51.0
2025-06-09 12:50:00,393.0,394.0,51.0
2025-06-09 12:51:00,393.0,394.0,51.0
2025-06-09 12:52:00,393.0,394.0,55.0
2025-06-09 12:53:00,393.0,394.0,55.0
2025-06-09 12:54:00,393.0,394.0,55.0
2025-06-09 12:55:00,393.0,394.0,55.0
2025-06-09 12:56:00,393.0,394.0,55.0
2025-06-09 12:57:00,393.0,394.0,55.0
2025-06-09 12:58:00,393.0,394.0,55.0
2025-06-09 12:59:00,393.0,394.0,55.0
2025-06-09 13:00:00,393.0,394.0,64.0
2025-06-09 13:01:00,393.0,394.0,64.0
2025-06-09 13:02:00,393.0,394.0,64.0
2025-06-09 13:03:00,393.0,394.0,64.0
2025-06-09 13:04:00,393.0,394.0,64.0
2025-06-09 13:05:00,393.0,394.0,64.0
2025-06-09 13:06:00,393.0,394.0,64.0
2025-06-09 13:07:00,393.0,394.0,64.0
2025-06-09 13:08:00,393.0,394.0,64.0
2025-06-09 13:09:00,393.0,394.0,64.0
2025-06-09 13:10:00,393.0,394.0,64.0
2025-06-09 13:11:00,393.0,394.0,64.0
2025-06-09 13:12:00,393.0,394.0,64.0
2025-06-09 13:13:00,393.0,394.0,64.0
2025-06-09 13:14:00,393.0,394.0,64.0
2025-06-09 13:15:00,393.0,394.0,64.0
2025-06-09 13:16:00,393.0,394.0,64.0
2025-06-09 13:17:00,393.0,394.0,64.0
2025-06-09 13:18:00,393.0,394.0,64.0
2025-06-09 13:19:00,393.0,394.0,64.0
2025-06-09 13:20:00,393.0,394.0,64.0
2025-06-09 13:21:00,393.0,394.0,64.0
2025-06-09 13:22:00,393.0,394.0,64.0
2025-06-09 13:23:00,393.0,394.0,64.0
2025-06-09 13:24:00,393.0,394.0,64.0
2025-06-09 13:25:00,393.0,394.0,64.0
2025-06-09 13:26:00,393.0,394.0,64.0
2025-06-09 13:27:00,393.0,394.0,64.0
2025-06-09 13:28:00,393.0,394.0,64.0
2025-06-09 13:29:00,393.0,394.0,64.0
2025-06-09 13:30:00,393.0,394.0,69.0
2025-06-09 13:31:00,393.0,394.0,69.0
2025-06-09 13:32:00,393.0,394.0,76.0
2025-06-09 13:33:00,393.0,394.0,76.0
2025-06-09 13:34:00,393.0,394.0,76.0
2025-06-09 13:35:00,393.0,394.0,76.0
2025-06-09 13:36:00,393.0,394.0,76.0
2025-06-09 13:37:00,393.0,394.0,76.0
2025-06-09 13:38:00,393.0,394.0,76.0
2025-06-09 13:39:00,393.0,394.0,76.0
2025-06-09 13:40:00,393.0,394.0,76.0
2025-06-09 13:41:00,393.0,394.0,76.0
2025-06-09 13:42:00,393.0,394.0,76.0
2025-06-09 13:43:00,393.0,394.0,76.0
2025-06-09 13:44:00,393.0,394.0,76.0
2025-06-09 13:45:00,393.0,394.0,76.0
2025-06-09 13:46:00,393.0,394.0,76.0
2025-06-09 13:47:00,393.0,394.0,76.0
2025-06-09 13:48:00,393.0,394.0,76.0
2025-06-09 13:49:00,393.0,394.0,76.0
2025-06-09 13:50:00,393.0,394.0,76.0
2025-06-09 13:51:00,393.0,394.0,76.0
2025-06-09 13:52:00,393.0,394.0,76.0
2025-06-09 13:53:00,393.0,394.0,76.0
2025-06-09 13:54:00,393.0,394.0,76.0
2025-06-09 13:55:00,393.0,394.0,76.0
2025-06-09 13:56:00,393.0,394.0,76.0
2025-06-09 13:57:00,393.0,394.0,76.0
2025-06-09 13:58:00,393.0,394.0,76.0
2025-06-09 13:59:00,393.0,394.0,76.0
2025-06-09 14:00:00,393.0,394.0,76.0
2025-06-09 14:01:00,393.0,394.0,76.0
2025-06-09 14:02:00,393.0,394.0,76.0
2025-06-09 14:03:00,393.0,394.0,76.0
2025-06-09 14:04:00,393.0,394.0,76.0
2025-06-09 14:05:00,393.0,394.0,76.0
2025-06-09 14:06:00,393.0,394.0,76.0
2025-06-09 14:07:00,393.0,394.0,78.0
2025-06-09 14:08:00,393.0,394.0,78.0
2025-06-09 14:09:00,393.0,394.0,78.0
2025-06-09 14:10:00,393.0,394.0,78.0
2025-06-09 14:11:00,393.0,394.0,78.0
2025-06-09 14:12:00,393.0,394.0,78.0
2025-06-09 14:13:00,393.0,394.0,78.0
2025-06-09 14:14:00,393.0,394.0,78.0
2025-06-09 14:15:00,393.0,394.0,78.0
2025-06-09 14:16:00,393.0,394.0,79.0
2025-06-09 14:17:00,393.0,394.0,79.0
2025-06-09 14:18:00,393.0,394.0,79.0
2025-06-09 14:19:00,393.0,394.0,79.0
2025-06-09 14:20:00,393.0,394.0,79.0
2025-06-09 14:21:00,393.0,394.0,79.0
2025-06-09 14:22:00,393.0,394.0,79.0
2025-06-09 14:23:00,393.0,394.0,79.0
2025-06-09 14:24:00,393.0,394.0,79.0
2025-06-09 14:25:00,393.0,394.0,79.0
2025-06-09 14:26:00,393.0,394.0,79.0
2025-06-09 14:27:00,393.0,394.0,79.0
2025-06-09 14:28:00,393.0,394.0,79.0
2025-06-09 14:29:00,393.0,394.0,79.0
2025-06-09 14:30:00,393.0,394.0,79.0
2025-06-09 14:31:00,393.0,394.0,79.0
2025-06-09 14:32:00,393.0,394.0,79.0
2025-06-09 14:33:00,393.0,394.0,79.0
2025-06-09 14:34:00,393.0,394.0,84.0
2025-06-09 14:35:00,393.0,394.0,84.0
2025-06-09 14:36:00,393.0,394.0,84.0
2025-06-09 14:37:00,393.0,394.0,84.0
2025-06-09 14:38:00,393.0,394.0,84.0
2025-06-09 14:39:00,393.0,394.0,84.0
2025-06-09 14:40:00,393.0,394.0,84.0
2025-06-09 14:41:00,393.0,394.0,84.0
2025-06-09 14:42:00,393.0,394.0,84.0
2025-06-09 14:43:00,393.0,394.0,84.0
2025-06-09 14:44:00,393.0,394.0,84.0
2025-06-09 14:45:00,393.0,394.0,84.0
2025-06-09 14:46:00,393.0,394.0,84.0
2025-06-09 14:47:00,393.0,394.0,84.0
2025-06-09 14:48:00,393.0,394.0,84.0
2025-06-09 14:49:00,393.0,394.0,84.0
2025-06-09 14:50:00,393.0,394.0,84.0
2025-06-09 14:51:00,393.0,394.0,84.0
2025-06-09 14:52:00,393.0,394.0,84.0
2025-06-09 14:53:00,393.0,394.0,84.0
2025-06-09 14:54:00,393.0,394.0,84.0
2025-06-09 14:55:00,393.0,394.0,84.0
2025-06-09 14:56:00,393.0,394.0,84.0
2025-06-09 14:57:00,393.0,394.0,84.0
2025-06-09 14:58:00,393.0,394.0,84.0
2025-06-09 14:59:00,393.0,394.0,84.0
2025-06-09 15:00:00,393.0,394.0,84.0
2025-06-09 15:01:00,393.0,394.0,84.0
2025-06-09 15:02:00,393.0,394.0,84.0
2025-06-09 15:03:00,393.0,394.0,84.0
2025-06-09 15:04:00,393.0,394.0,84.0
2025-06-09 15:05:00,393.0,394.0,84.0
2025-06-09 15:06:00,393.0,394.0,84.0
2025-06-09 15:07:00,393.0,394.0,84.0
2025-06-09 15:08:00,393.0,394.0,84.0
2025-06-09 15:09:00,393.0,394.0,84.0
2025-06-09 15:10:00,393.0,394.0,84.0
2025-06-09 15:11:00,393.0,394.0,84.0
2025-06-09 15:12:00,393.0,394.0,84.0
2025-06-09 15:13:00,393.0,394.0,84.0
2025-06-09 15:14:00,393.0,394.0,84.0
2025-06-09 15:15:00,393.0,394.0,84.0
2025-06-09 15:16:00,393.0,394.0,84.0
2025-06-09 15:17:00,393.0,394.0,84.0
2025-06-09 15:18:00,393.0,394.0,86.0
2025-06-09 15:19:00,393.0,394.0,86.0
2025-06-09 15:20:00,393.0,394.0,86.0
2025-06-09 15:21:00,393.0,394.0,86.0
2025-06-09 15:22:00,393.0,394.0,86.0
2025-06-09 15:23:00,393.0,394.0,86.0
2025-06-09 15:24:00,393.0,394.0,86.0
2025-06-09 15:25:00,393.0,394.0,86.0
2025-06-09 15:26:00,393.0,394.0,86.0
2025-06-09 15:27:00,393.0,394.0,86.0
2025-06-09 15:28:00,393.0,394.0,86.0
2025-06-09 15:29:00,393.0,394.0,86.0
2025-06-09 15:30:00,396.0,394.0,107.0
2025-06-10 09:00:00,395.0,395.0,2.0
2025-06-10 09:01:00,395.0,395.0,2.0
2025-06-10 09:02:00,395.0,395.0,2.0
2025-06-10 09:03:00,395.0,395.0,2.0
2025-06-10 09:04:00,393.0,395.0,8.0
2025-06-10 09:05:00,393.0,395.0,8.0
2025-06-10 09:06:00,393.0,395.0,8.0
2025-06-10 09:07:00,393.0,395.0,8.0
2025-06-10 09:08:00,393.0,395.0,8.0
2025-06-10 09:09:00,393.0,395.0,8.0
2025-06-10 09:10:00,393.0,395.0,8.0
2025-06-10 09:11:00,394.0,395.0,10.0
2025-06-10 09:12:00,394.0,395.0,10.0
2025-06-10 09:13:00,394.0,395.0,10.0
2025-06-10 09:14:00,394.0,395.0,10.0
2025-06-10 09:15:00,394.0,395.0,10.0
2025-06-10 09:16:00,394.0,395.0,10.0
2025-06-10 09:17:00,394.0,395.0,10.0
2025-06-10 09:18:00,394.0,395.0,10.0
2025-06-10 09:19:00,394.0,395.0,10.0
2025-06-10 09:20:00,394.0,395.0,10.0
2025-06-10 09:21:00,394.0,395.0,10.0
2025-06-10 09:22:00,394.0,395.0,10.0
2025-06-10 09:23:00,394.0,395.0,10.0
2025-06-10 09:24:00,394.0,395.0,10.0
2025-06-10 09:25:00,394.0,395.0,10.0
2025-06-10 09:26:00,394.0,395.0,10.0
2025-06-10 09:27:00,394.0,395.0,10.0
2025-06-10 09:28:00,394.0,395.0,10.0
2025-06-10 09:29:00,394.0,395.0,10.0
2025-06-10 09:30:00,394.0,395.0,10.0
2025-06-10 09:31:00,394.0,395.0,10.0
2025-06-10 09:32:00,394.0,395.0,10.0
2025-06-10 09:33:00,394.0,395.0,10.0
2025-06-10 09:34:00,394.0,395.0,10.0
2025-06-10 09:35:00,394.0,395.0,10.0
2025-06-10 09:36:00,394.0,395.0,10.0
2025-06-10 09:37:00,394.0,395.0,10.0
2025-06-10 09:38:00,394.0,395.0,10.0
2025-06-10 09:39:00,394.0,395.0,10.0
2025-06-10 09:40:00,394.0,395.0,10.0
2025-06-10 09:41:00,394.0,395.0,10.0
2025-06-10 09:42:00,394.0,395.0,10.0
2025-06-10 09:43:00,394.0,395.0,10.0
2025-06-10 09:44:00,394.0,395.0,10.0
2025-06-10 09:45:00,394.0,395.0,10.0
2025-06-10 09:46:00,394.0,395.0,10.0
2025-06-10 09:47:00,394.0,395.0,10.0
2025-06-10 09:48:00,394.0,395.0,10.0
2025-06-10 09:49:00,394.0,395.0,10.0
2025-06-10 09:50:00,394.0,395.0,10.0
2025-06-10 09:51:00,394.0,395.0,10.0
2025-06-10 09:52:00,394.0,395.0,10.0
2025-06-10 09:53:00,394.0,395.0,10.0
2025-06-10 09:54:00,394.0,395.0,10.0
2025-06-10 09:55:00,394.0,395.0,10.0
2025-06-10 09:56:00,394.0,395.0,10.0
2025-06-10 09:57:00,394.0,395.0,10.0
2025-06-10 09:58:00,394.0,395.0,10.0
2025-06-10 09:59:00,394.0,395.0,10.0
2025-06-10 10:00:00,394.0,395.0,10.0
2025-06-10 10:01:00,394.0,395.0,10.0
2025-06-10 10:02:00,394.0,395.0,10.0
2025-06-10 10:03:00,394.0,395.0,10.0
2025-06-10 10:04:00,394.0,395.0,11.0
2025-06-10 10:05:00,394.0,395.0,11.0
2025-06-10 10:06:00,394.0,395.0,11.0
2025-06-10 10:07:00,394.0,395.0,11.0
2025-06-10 10:08:00,394.0,395.0,11.0
2025-06-10 10:09:00,394.0,395.0,11.0
2025-06-10 10:10:00,394.0,395.0,11.0
2025-06-10 10:11:00,394.0,395.0,11.0
2025-06-10 10:12:00,393.0,395.0,12.0
2025-06-10 10:13:00,393.0,395.0,12.0
2025-06-10 10:14:00,393.0,395.0,12.0
2025-06-10 10:15:00,393.0,395.0,12.0
2025-06-10 10:16:00,393.0,395.0,12.0
2025-06-10 10:17:00,393.0,395.0,12.0
2025-06-10 10:18:00,393.0,395.0,12.0
2025-06-10 10:19:00,393.0,395.0,12.0
2025-06-10 10:20:00,393.0,395.0,12.0
2025-06-10 10:21:00,393.0,395.0,12.0
2025-06-10 10:22:00,393.0,395.0,12.0
2025-06-10 10:23:00,393.0,395.0,12.0
2025-06-10 10:24:00,393.0,395.0,12.0
2025-06-10 10:25:00,393.0,395.0,12.0
2025-06-10 10:26:00,393.0,395.0,13.0
2025-06-10 10:27:00,393.0,395.0,13.0
2025-06-10 10:28:00,393.0,395.0,13.0
2025-06-10 10:29:00,393.0,395.0,13.0
2025-06-10 10:30:00,393.0,395.0,13.0
2025-06-10 10:31:00,393.0,395.0,13.0
2025-06-10 10:32:00,393.0,395.0,13.0
2025-06-10 10:33:00,393.0,395.0,13.0
2025-06-10 10:34:00,393.0,395.0,13.0
2025-06-10 10:35:00,393.0,395.0,13.0
2025-06-10 10:36:00,393.0,395.0,13.0
2025-06-10 10:37:00,393.0,395.0,13.0
2025-06-10 10:38:00,393.0,395.0,13.0
2025-06-10 10:39:00,393.0,395.0,13.0
2025-06-10 10:40:00,393.0,395.0,13.0
2025-06-10 10:41:00,393.0,395.0,13.0
2025-06-10 10:42:00,393.0,395.0,13.0
2025-06-10 10:43:00,393.0,395.0,13.0
2025-06-10 10:44:00,393.0,395.0,13.0
2025-06-10 10:45:00,393.0,395.0,13.0
2025-06-10 10:46:00,393.0,395.0,13.0
2025-06-10 10:47:00,393.0,395.0,13.0
2025-06-10 10:48:00,393.0,395.0,13.0
2025-06-10 10:49:00,393.0,395.0,13.0
2025-06-10 10:50:00,393.0,395.0,13.0
2025-06-10 10:51:00,393.0,395.0,22.0
2025-06-10 10:52:00,393.0,395.0,22.0
2025-06-10 10:53:00,393.0,395.0,22.0
2025-06-10 10:54:00,393.0,395.0,22.0
2025-06-10 10:55:00,393.0,395.0,22.0
2025-06-10 10:56:00,393.0,395.0,22.0
2025-06-10 10:57:00,393.0,395.0,22.0
2025-06-10 10:58:00,393.0,395.0,22.0
2025-06-10 10:59:00,393.0,395.0,22.0
2025-06-10 11:00:00,393.0,395.0,22.0
2025-06-10 11:01:00,393.0,395.0,22.0
2025-06-10 11:02:00,393.0,395.0,22.0
2025-06-10 11:03:00,393.0,395.0,22.0
2025-06-10 11:04:00,393.0,395.0,22.0
2025-06-10 11:05:00,393.0,395.0,22.0
2025-06-10 11:06:00,393.0,395.0,22.0
2025-06-10 11:07:00,393.0,395.0,22.0
2025-06-10 11:08:00,393.0,395.0,22.0
2025-06-10 11:09:00,393.0,395.0,22.0
2025-06-10 11:10:00,393.0,395.0,22.0
2025-06-10 11:11:00,393.0,395.0,22.0
2025-06-10 11:12:00,393.0,395.0,22.0
2025-06-10 11:13:00,393.0,395.0,22.0
2025-06-10 11:14:00,392.0,395.0,24.0
2025-06-10 11:15:00,392.0,395.0,24.0
2025-06-10 11:16:00,392.0,395.0,24.0
2025-06-10 11:17:00,392.0,395.0,24.0
2025-06-10 11:18:00,392.0,395.0,24.0
2025-06-10 11:19:00,392.0,395.0,24.0
2025-06-10 11:20:00,392.0,395.0,24.0
2025-06-10 11:21:00,392.0,395.0,24.0
2025-06-10 11:22:00,392.0,395.0,24.0
2025-06-10 11:23:00,392.0,395.0,24.0
2025-06-10 11:24:00,392.0,395.0,24.0
2025-06-10 11:25:00,392.0,395.0,24.0
2025-06-10 11:26:00,392.0,395.0,24.0
2025-06-10 11:27:00,392.0,395.0,24.0
2025-06-10 11:28:00,392.0,395.0,24.0
2025-06-10 11:29:00,392.0,395.0,24.0
2025-06-10 11:30:00,392.0,395.0,24.0
2025-06-10 12:30:00,392.0,395.0,24.0
2025-06-10 12:31:00,392.0,395.0,24.0
2025-06-10 12:32:00,394.0,395.0,25.0
2025-06-10 12:33:00,394.0,395.0,25.0
2025-06-10 12:34:00,394.0,395.0,25.0
2025-06-10 12:35:00,394.0,395.0,25.0
2025-06-10 12:36:00,394.0,395.0,25.0
2025-06-10 12:37:00,394.0,395.0,25.0
2025-06-10 12:38:00,394.0,395.0,25.0
2025-06-10 12:39:00,394.0,395.0,25.0
2025-06-10 12:40:00,394.0,395.0,25.0
2025-06-10 12:41:00,394.0,395.0,25.0
2025-06-10 12:42:00,394.0,395.0,25.0
2025-06-10 12:43:00,394.0,395.0,25.0
2025-06-10 12:44:00,394.0,395.0,25.0
2025-06-10 12:45:00,394.0,395.0,25.0
2025-06-10 12:46:00,394.0,395.0,25.0
2025-06-10 12:47:00,394.0,395.0,25.0
2025-06-10 12:48:00,394.0,395.0,25.0
2025-06-10 12:49:00,394.0,395.0,25.0
2025-06-10 12:50:00,394.0,395.0,25.0
2025-06-10 12:51:00,394.0,395.0,25.0
2025-06-10 12:52:00,394.0,395.0,25.0
2025-06-10 12:53:00,394.0,395.0,25.0
2025-06-10 12:54:00,394.0,395.0,25.0
2025-06-10 12:55:00,394.0,395.0,25.0
2025-06-10 12:56:00,394.0,395.0,25.0
2025-06-10 12:57:00,394.0,395.0,25.0
2025-06-10 12:58:00,394.0,395.0,25.0
2025-06-10 12:59:00,394.0,395.0,25.0
2025-06-10 13:00:00,394.0,395.0,25.0
2025-06-10 13:01:00,394.0,395.0,25.0
2025-06-10 13:02:00,394.0,395.0,25.0
2025-06-10 13:03:00,394.0,395.0,25.0
2025-06-10 13:04:00,394.0,395.0,25.0
2025-06-10 13:05:00,394.0,395.0,25.0
2025-06-10 13:06:00,394.0,395.0,25.0
2025-06-10 13:07:00,394.0,395.0,25.0
2025-06-10 13:08:00,394.0,395.0,25.0
2025-06-10 13:09:00,394.0,395.0,25.0
2025-06-10 13:10:00,394.0,395.0,25.0
2025-06-10 13:11:00,394.0,395.0,25.0
2025-06-10 13:12:00,394.0,395.0,25.0
2025-06-10 13:13:00,394.0,395.0,25.0
2025-06-10 13:14:00,394.0,395.0,25.0
2025-06-10 13:15:00,394.0,395.0,25.0
2025-06-10 13:16:00,394.0,395.0,25.0
2025-06-10 13:17:00,394.0,395.0,25.0
2025-06-10 13:18:00,394.0,395.0,25.0
2025-06-10 13:19:00,394.0,395.0,25.0
2025-06-10 13:20:00,394.0,395.0,25.0
2025-06-10 13:21:00,394.0,395.0,25.0
2025-06-10 13:22:00,394.0,395.0,25.0
2025-06-10 13:23:00,394.0,395.0,25.0
2025-06-10 13:24:00,394.0,395.0,25.0
2025-06-10 13:25:00,394.0,395.0,25.0
2025-06-10 13:26:00,394.0,395.0,25.0
2025-06-10 13:27:00,394.0,395.0,25.0
2025-06-10 13:28:00,394.0,395.0,25.0
2025-06-10 13:29:00,394.0,395.0,25.0
2025-06-10 13:30:00,394.0,395.0,25.0
2025-06-10 13:31:00,394.0,395.0,25.0
2025-06-10 13:32:00,394.0,395.0,25.0
2025-06-10 13:33:00,394.0,395.0,25.0
2025-06-10 13:34:00,394.0,395.0,25.0
2025-06-10 13:35:00,394.0,395.0,25.0
2025-06-10 13:36:00,394.0,395.0,25.0
2025-06-10 13:37:00,394.0,395.0,29.0
2025-06-10 13:38:00,394.0,395.0,29.0
2025-06-10 13:39:00,394.0,395.0,29.0
2025-06-10 13:40:00,394.0,395.0,29.0
2025-06-10 13:41:00,394.0,395.0,29.0
2025-06-10 13:42:00,394.0,395.0,29.0
2025-06-10 13:43:00,394.0,395.0,29.0
2025-06-10 13:44:00,394.0,395.0,29.0
2025-06-10 13:45:00,394.0,395.0,29.0
2025-06-10 13:46:00,394.0,395.0,29.0
2025-06-10 13:47:00,394.0,395.0,29.0
2025-06-10 13:48:00,394.0,395.0,29.0
2025-06-10 13:49:00,394.0,395.0,29.0
2025-06-10 13:50:00,394.0,395.0,29.0
2025-06-10 13:51:00,394.0,395.0,29.0
2025-06-10 13:52:00,394.0,395.0,29.0
2025-06-10 13:53:00,394.0,395.0,29.0
2025-06-10 13:54:00,394.0,395.0,29.0
2025-06-10 13:55:00,394.0,395.0,29.0
2025-06-10 13:56:00,394.0,395.0,29.0
2025-06-10 13:57:00,394.0,395.0,29.0
2025-06-10 13:58:00,394.0,395.0,29.0
2025-06-10 13:59:00,394.0,395.0,29.0
2025-06-10 14:00:00,394.0,395.0,29.0
2025-06-10 14:01:00,394.0,395.0,29.0
2025-06-10 14:02:00,394.0,395.0,29.0
2025-06-10 14:03:00,394.0,395.0,29.0
2025-06-10 14:04:00,394.0,395.0,29.0
2025-06-10 14:05:00,394.0,395.0,29.0
2025-06-10 14:06:00,394.0,395.0,29.0
2025-06-10 14:07:00,394.0,395.0,29.0
2025-06-10 14:08:00,394.0,395.0,29.0
2025-06-10 14:09:00,394.0,395.0,29.0
2025-06-10 14:10:00,394.0,395.0,29.0
2025-06-10 14:11:00,394.0,395.0,29.0
2025-06-10 14:12:00,394.0,395.0,29.0
2025-06-10 14:13:00,394.0,395.0,29.0
2025-06-10 14:14:00,394.0,395.0,29.0
2025-06-10 14:15:00,394.0,395.0,29.0
2025-06-10 14:16:00,394.0,395.0,29.0
2025-06-10 14:17:00,394.0,395.0,29.0
2025-06-10 14:18:00,394.0,395.0,29.0
2025-06-10 14:19:00,394.0,395.0,29.0
2025-06-10 14:20:00,394.0,395.0,29.0
2025-06-10 14:21:00,394.0,395.0,29.0
2025-06-10 14:22:00,394.0,395.0,29.0
2025-06-10 14:23:00,394.0,395.0,29.0
2025-06-10 14:24:00,394.0,395.0,29.0
2025-06-10 14:25:00,394.0,395.0,29.0
2025-06-10 14:26:00,394.0,395.0,29.0
2025-06-10 14:27:00,394.0,395.0,29.0
2025-06-10 14:28:00,394.0,395.0,29.0
2025-06-10 14:29:00,394.0,395.0,29.0
2025-06-10 14:30:00,394.0,395.0,29.0
2025-06-10 14:31:00,394.0,395.0,29.0
2025-06-10 14:32:00,394.0,395.0,29.0
2025-06-10 14:33:00,394.0,395.0,31.0
2025-06-10 14:34:00,394.0,395.0,31.0
2025-06-10 14:35:00,394.0,395.0,31.0
2025-06-10 14:36:00,394.0,395.0,31.0
2025-06-10 14:37:00,394.0,395.0,31.0
2025-06-10 14:38:00,394.0,395.0,31.0
2025-06-10 14:39:00,394.0,395.0,31.0
2025-06-10 14:40:00,394.0,395.0,31.0
2025-06-10 14:41:00,394.0,395.0,31.0
2025-06-10 14:42:00,394.0,395.0,31.0
2025-06-10 14:43:00,394.0,395.0,31.0
2025-06-10 14:44:00,394.0,395.0,31.0
2025-06-10 14:45:00,394.0,395.0,31.0
2025-06-10 14:46:00,394.0,395.0,31.0
2025-06-10 14:47:00,394.0,395.0,31.0
2025-06-10 14:48:00,394.0,395.0,32.0
2025-06-10 14:49:00,394.0,395.0,34.0
2025-06-10 14:50:00,394.0,395.0,34.0
2025-06-10 14:51:00,394.0,395.0,34.0
2025-06-10 14:52:00,394.0,395.0,34.0
2025-06-10 14:53:00,394.0,395.0,34.0
2025-06-10 14:54:00,394.0,395.0,34.0
2025-06-10 14:55:00,394.0,395.0,34.0
2025-06-10 14:56:00,394.0,395.0,34.0
2025-06-10 14:57:00,394.0,395.0,34.0
2025-06-10 14:58:00,394.0,395.0,34.0
2025-06-10 14:59:00,393.0,395.0,36.0
2025-06-10 15:00:00,393.0,395.0,36.0
2025-06-10 15:01:00,393.0,395.0,36.0
2025-06-10 15:02:00,393.0,395.0,36.0
2025-06-10 15:03:00,393.0,395.0,36.0
2025-06-10 15:04:00,393.0,395.0,36.0
2025-06-10 15:05:00,393.0,395.0,36.0
2025-06-10 15:06:00,393.0,395.0,36.0
2025-06-10 15:07:00,393.0,395.0,36.0
2025-06-10 15:08:00,393.0,395.0,36.0
2025-06-10 15:09:00,393.0,395.0,36.0
2025-06-10 15:10:00,393.0,395.0,36.0
2025-06-10 15:11:00,394.0,395.0,37.0
2025-06-10 15:12:00,394.0,395.0,37.0
2025-06-10 15:13:00,394.0,395.0,37.0
2025-06-10 15:14:00,394.0,395.0,37.0
2025-06-10 15:15:00,394.0,395.0,37.0
2025-06-10 15:16:00,394.0,395.0,37.0
2025-06-10 15:17:00,394.0,395.0,37.0
2025-06-10 15:18:00,394.0,395.0,37.0
2025-06-10 15:19:00,394.0,395.0,37.0
2025-06-10 15:20:00,394.0,395.0,37.0
2025-06-10 15:21:00,394.0,395.0,37.0
2025-06-10 15:22:00,393.0,395.0,38.0
2025-06-10 15:23:00,393.0,395.0,38.0
2025-06-10 15:24:00,393.0,395.0,38.0
2025-06-10 15:25:00,393.0,395.0,38.0
2025-06-10 15:26:00,393.0,395.0,38.0
2025-06-10 15:27:00,393.0,395.0,38.0
2025-06-10 15:28:00,393.0,395.0,38.0
2025-06-10 15:29:00,393.0,395.0,38.0
2025-06-10 15:30:00,395.0,395.0,56.0
